,Winner,RedFighter,BlueFighter,BlueHeightCms,BlueReachCms,BlueWeightLbs,RedHeightCms,RedReachCms,RedWeightLbs,RedAge,BlueAge,HeightDif,ReachDif,AgeDif,Finish,HeightAdvantage,ReachAdvantage,AgeAdvantage
2,Red,Gaston Bolanos,Cortavious Romious,162.56,172.72,135,170.18,175.26,135,32,30,-7.62,-2.54,-2,U-DEC,1.0,1.0,1.0
4,Red,Mansur Abdul-Malik,Dusko Todorovic,185.42,187.96,185,187.96,200.66,185,27,30,-2.54,-12.7,3,KO/TKO,1.0,1.0,0.0
6,Red,Elizeu Zaleski dos Santos,Zachary Scroggin,190.5,187.96,170,180.34,185.42,170,37,28,10.16,2.54,-9,KO/TKO,0.0,0.0,1.0
9,Red,Tresean Gore,Antonio Trocoli,198.12,200.66,185,182.88,190.5,185,30,33,15.24,10.16,3,SUB,0.0,0.0,0.0
10,Red,Melissa Mullins,Klaudia Sygula,172.72,175.26,135,170.18,172.72,135,33,25,2.54,2.54,-8,KO/TKO,0.0,0.0,1.0
11,Red,Brandon Moreno,Amir Albazi,165.1,172.72,125,170.18,177.8,125,30,31,-5.08,-5.08,1,U-DEC,1.0,1.0,0.0
12,Red,Erin Blanchfield,Rose Namajunas,165.1,165.1,125,162.56,167.64,125,25,32,2.54,-2.54,7,U-DEC,0.0,1.0,0.0
16,Red,Mike Malott,Trevin Giles,182.88,187.96,170,185.42,185.42,170,32,32,-2.54,2.54,0,U-DEC,1.0,0.0,
17,Red,Aiemann Zahabi,Pedro Munhoz,167.64,165.1,135,172.72,172.72,135,36,38,-5.08,-7.62,2,U-DEC,1.0,1.0,0.0
18,Red,Charles Jourdain,Victor Henry,170.18,172.72,135,175.26,175.26,135,28,37,-5.08,-2.54,9,SUB,1.0,1.0,0.0
20,Red,Alexandr Romanov,Rodrigo Nascimento,187.96,203.2,246,187.96,190.5,262,33,31,0.0,12.7,-2,U-DEC,,0.0,1.0
21,Red,Serhiy Sidey,Garrett Armfield,167.64,177.8,135,180.34,182.88,135,28,28,-12.7,-5.08,0,S-DEC,1.0,1.0,
23,Red,Jamey-Lyn Horth,Ivana Petrovic,172.72,177.8,125,170.18,167.64,125,34,30,2.54,10.16,-4,S-DEC,0.0,0.0,1.0
24,Red,Ilia Topuria,Max Holloway,180.34,175.26,145,170.18,175.26,145,27,32,10.16,0.0,5,KO/TKO,0.0,,0.0
26,Red,Magomed Ankalaev,Aleksandar Rakic,193.04,198.12,205,190.5,190.5,205,32,32,2.54,7.62,0,U-DEC,0.0,0.0,
27,Red,Lerone Murphy,Dan Ige,170.18,180.34,145,175.26,185.42,145,33,33,-5.08,-5.08,0,U-DEC,1.0,1.0,
28,Red,Shara Magomedov,Armen Petrosyan,190.5,180.34,185,187.96,185.42,185,30,33,2.54,-5.08,3,KO/TKO,0.0,1.0,0.0
29,Red,Ibo Aslan,Rafael Cerqueira,190.5,193.04,205,190.5,195.58,205,28,34,0.0,-2.54,6,KO/TKO,,1.0,0.0
30,Red,Geoff Neal,Rafael Dos Anjos,172.72,177.8,170,180.34,190.5,170,34,40,-7.62,-12.7,6,KO/TKO,1.0,1.0,0.0
31,Red,Mateusz Rebecki,Myktybek Orolbai,177.8,187.96,155,170.18,167.64,155,31,26,7.62,20.32,-5,S-DEC,0.0,0.0,1.0
32,Red,Abus Magomedov,Brunno Ferreira,177.8,182.88,185,187.96,198.12,185,34,31,-10.16,-15.24,-3,SUB,1.0,1.0,1.0
33,Red,Kennedy Nzechukwu,Chris Barnett,175.26,190.5,265,195.58,210.82,205,32,38,-20.32,-20.32,6,KO/TKO,1.0,1.0,0.0
34,Red,Farid Basharat,Victor Hugo,170.18,180.34,135,172.72,180.34,135,27,31,-2.54,0.0,4,U-DEC,1.0,,0.0
35,Red,Ismail Naurdiev,Bruno Silva,182.88,187.96,185,177.8,187.96,185,28,35,5.08,0.0,7,U-DEC,0.0,,0.0
36,Red,Rinat Fakhretdinov,Carlos Leal,180.34,187.96,170,182.88,187.96,170,33,30,-2.54,0.0,-3,U-DEC,1.0,,1.0
37,Red,Anthony Hernandez,Michel Pereira,185.42,185.42,185,182.88,190.5,185,31,31,2.54,-5.08,0,KO/TKO,0.0,1.0,
38,Red,Rob Font,Kyler Phillips,172.72,182.88,135,172.72,180.34,135,37,29,0.0,2.54,-8,U-DEC,,0.0,1.0
39,Red,Charles Johnson,Sumudaerji,172.72,182.88,125,175.26,177.8,125,33,28,-2.54,5.08,-5,U-DEC,1.0,0.0,1.0
41,Red,Darren Elkins,Daniel Pineda,170.18,175.26,145,177.8,180.34,145,40,39,-7.62,-5.08,-1,U-DEC,1.0,1.0,1.0
44,Red,Joselyne Edwards,Tamires Vidal,167.64,172.72,135,172.72,177.8,135,29,26,-5.08,-5.08,-3,SUB,1.0,1.0,1.0
46,Red,Melissa Martinez,Alice Ardelean,160.02,157.48,115,157.48,167.64,115,27,32,2.54,-10.16,5,U-DEC,0.0,1.0,0.0
47,Red,Austen Lane,Robelis Despaigne,200.66,213.36,265,198.12,203.2,245,36,36,2.54,10.16,0,U-DEC,0.0,0.0,
48,Red,Brandon Royval,Tatsuro Taira,170.18,177.8,125,175.26,172.72,125,32,24,-5.08,5.08,-8,S-DEC,1.0,0.0,1.0
50,Red,Chidi Njokuani,Jared Gooden,182.88,195.58,170,190.5,203.2,170,35,30,-7.62,-7.62,-5,U-DEC,1.0,1.0,1.0
51,Red,Grant Dawson,Rafa Garcia,170.18,177.8,155,177.8,182.88,155,30,30,-7.62,-5.08,0,KO/TKO,1.0,1.0,
52,Red,Daniel Rodriguez,Alex Morono,180.34,182.88,170,185.42,187.96,170,37,34,-5.08,-5.08,-3,S-DEC,1.0,1.0,1.0
55,Red,Themba Gorimbo,Niko Price,182.88,193.04,170,185.42,195.58,170,33,35,-2.54,-2.54,2,U-DEC,1.0,1.0,0.0
56,Red,Junior Tafa,Sean Sharaf,190.5,195.58,252,190.5,190.5,240,28,31,0.0,5.08,3,KO/TKO,,0.0,0.0
57,Red,Julia Polastri,Cory McKenna,160.02,147.32,115,157.48,160.02,115,26,25,2.54,-12.7,-1,S-DEC,0.0,1.0,1.0
59,Red,Clayton Carpenter,Lucas Rocha,160.02,162.56,125,167.64,167.64,125,28,24,-7.62,-5.08,-4,SUB,1.0,1.0,1.0
60,Red,Alex Pereira,Khalil Rountree Jr.,185.42,193.04,205,193.04,200.66,205,37,34,-7.62,-7.62,-3,KO/TKO,1.0,1.0,1.0
63,Red,Roman Dolidze,Kevin Holland,190.5,205.74,185,187.96,193.04,185,36,31,2.54,12.7,-5,KO/TKO,0.0,0.0,1.0
68,Red,Cesar Almeida,Ihor Potieria,190.5,190.5,185,185.42,187.96,185,36,28,5.08,2.54,-8,U-DEC,0.0,0.0,1.0
69,Red,Ryan Spann,Ovince Saint Preux,190.5,203.2,205,195.58,200.66,205,33,41,-5.08,2.54,8,SUB,1.0,0.0,0.0
71,Red,Court McGee,Tim Means,187.96,190.5,170,180.34,190.5,170,39,40,7.62,0.0,1,SUB,0.0,,0.0
72,Red,Renato Moicano,Benoit Saint Denis,180.34,185.42,155,180.34,182.88,155,35,28,0.0,2.54,-7,KO/TKO,,0.0,1.0
73,Red,Nassourdine Imavov,Brendan Allen,187.96,190.5,185,190.5,190.5,185,29,28,-2.54,0.0,-1,U-DEC,1.0,,1.0
74,Red,William Gomis,Joanderson Brito,172.72,182.88,145,182.88,185.42,145,27,29,-10.16,-2.54,2,S-DEC,1.0,1.0,0.0
76,Red,Morgan Charriere,Gabriel Miranda,180.34,180.34,145,172.72,175.26,145,28,34,7.62,5.08,6,KO/TKO,0.0,0.0,0.0
77,Red,Fares Ziam,Matt Frevola,175.26,180.34,155,185.42,190.5,155,27,34,-10.16,-10.16,7,KO/TKO,1.0,1.0,0.0
78,Red,Ion Cutelaba,Ivan Erslan,187.96,182.88,205,185.42,190.5,205,30,32,2.54,-7.62,2,S-DEC,0.0,1.0,0.0
79,Red,Oumar Sy,Da Woon Jung,193.04,198.12,205,193.04,210.82,205,28,30,0.0,-12.7,2,U-DEC,,1.0,0.0
80,Red,Ludovit Klein,Roosevelt Roberts,187.96,185.42,155,170.18,182.88,155,29,30,17.78,2.54,1,U-DEC,0.0,0.0,0.0
81,Red,Taylor Lapilus,Vince Morales,170.18,177.8,135,167.64,185.42,135,32,33,2.54,-7.62,1,U-DEC,0.0,1.0,0.0
82,Red,Ailin Perez,Daria Zhelezniakova,175.26,172.72,135,165.1,167.64,135,29,28,10.16,5.08,-1,SUB,0.0,0.0,1.0
83,Red,Daniel Barez,Victor Altamirano,172.72,177.8,125,167.64,167.64,125,35,33,5.08,10.16,-2,U-DEC,0.0,0.0,1.0
90,Red,Ronaldo Rodriguez,Ode Osbourne,170.18,185.42,125,167.64,165.1,125,25,32,2.54,20.32,7,U-DEC,0.0,0.0,0.0
95,Red,Raul Rosas Jr.,Aoriqileng,170.18,175.26,135,175.26,170.18,135,19,31,-5.08,5.08,12,U-DEC,1.0,0.0,0.0
98,Red,Steve Garcia,Kyle Nelson,180.34,180.34,145,182.88,190.5,145,32,33,-2.54,-10.16,1,KO/TKO,1.0,1.0,0.0
102,Red,Isaac Dulgarian,Brendon Marotte,175.26,177.8,145,170.18,180.34,145,28,28,5.08,-2.54,0,SUB,0.0,1.0,
105,Red,Jaqueline Amorim,Vanessa Demopoulos,157.48,149.86,115,160.02,172.72,115,29,35,-2.54,-22.86,6,SUB,1.0,1.0,0.0
106,Red,Andre Petroski,Dylan Budka,182.88,190.5,185,182.88,185.42,185,33,24,0.0,5.08,-9,U-DEC,,0.0,1.0
115,Red,Zachary Reese,Jose Daniel Medina,182.88,187.96,185,193.04,195.58,185,30,33,-10.16,-7.62,3,U-DEC,1.0,1.0,0.0
116,Red,Viacheslav Borshchev,James Llontop,182.88,185.42,155,180.34,175.26,155,32,25,2.54,10.16,-7,S-DEC,0.0,0.0,1.0
117,Red,Jacqueline Cavalcanti,Josiane Nunes,157.48,170.18,135,172.72,177.8,135,26,30,-15.24,-7.62,4,S-DEC,1.0,1.0,0.0
118,Red,Wang Cong,Victoria Leonardo,165.1,162.56,125,167.64,167.64,125,32,34,-2.54,-5.08,2,KO/TKO,1.0,1.0,0.0
119,Red,Dricus Du Plessis,Israel Adesanya,193.04,203.2,185,185.42,193.04,185,30,35,7.62,10.16,5,SUB,0.0,0.0,0.0
120,Red,Kai Kara-France,Steve Erceg,172.72,172.72,125,162.56,175.26,125,31,29,10.16,-2.54,-2,KO/TKO,0.0,1.0,1.0
126,Red,Casey O'Neill,Luana Santos,167.64,170.18,125,167.64,175.26,125,26,24,0.0,-5.08,-2,U-DEC,,1.0,1.0
127,Red,Jack Jenkins,Herbert Burns,175.26,185.42,145,170.18,172.72,145,30,36,5.08,12.7,6,KO/TKO,0.0,0.0,0.0
128,Red,Tom Nolan,Alex Reyes,180.34,185.42,155,190.5,185.42,155,24,37,-10.16,0.0,13,U-DEC,1.0,,0.0
129,Red,Song Kenan,Ricky Glenn,182.88,177.8,170,182.88,180.34,170,34,35,0.0,-2.54,1,U-DEC,,1.0,0.0
133,Red,Danny Barlow,Nikolay Veretennikov,185.42,190.5,170,187.96,200.66,170,29,34,-2.54,-10.16,5,S-DEC,1.0,1.0,0.0
134,Red,Chris Gutierrez,Quang Le,167.64,177.8,135,175.26,170.18,135,33,32,-7.62,7.62,-1,U-DEC,1.0,0.0,1.0
135,Red,Yana Santos,Chelsea Chandler,172.72,172.72,135,167.64,172.72,135,34,33,5.08,0.0,-1,U-DEC,0.0,,1.0
136,Red,Toshiomi Kazama,Charalampos Grigoriou,170.18,170.18,135,170.18,175.26,135,27,32,0.0,-5.08,5,SUB,,1.0,0.0
137,Red,Karol Rosa,Pannie Kianzad,170.18,167.64,135,165.1,170.18,135,29,32,5.08,-2.54,3,U-DEC,0.0,1.0,0.0
138,Red,Jhonata Diniz,Karl Williams,190.5,200.66,235,193.04,200.66,254,33,34,-2.54,0.0,1,U-DEC,1.0,,0.0
139,Red,Youssef Zalal,Jarno Errens,180.34,185.42,145,177.8,182.88,145,27,29,2.54,2.54,2,SUB,0.0,0.0,0.0
140,Red,Stephanie Luciano,Talita Alencar,154.94,147.32,115,167.64,165.1,115,24,33,-12.7,-17.78,9,U-DEC,1.0,1.0,0.0
142,Red,Shara Magomedov,Michal Oleksiejczuk,182.88,187.96,185,187.96,185.42,185,30,29,-5.08,2.54,-1,U-DEC,1.0,0.0,1.0
145,Red,Mackenzie Dern,Loopy Godinez,157.48,154.94,115,162.56,160.02,115,31,30,-5.08,-5.08,-1,U-DEC,1.0,1.0,1.0
146,Red,Joel Alvarez,Elves Brener,177.8,182.88,155,190.5,195.58,155,31,26,-12.7,-12.7,-5,KO/TKO,1.0,1.0,1.0
147,Red,Azamat Murzakanov,Alonzo Menifield,182.88,193.04,205,177.8,180.34,205,35,36,5.08,12.7,1,KO/TKO,0.0,0.0,0.0
149,Red,Shamil Gaziev,Don'Tale Mayes,198.12,205.74,260,193.04,198.12,265,34,32,5.08,7.62,-2,U-DEC,0.0,0.0,1.0
150,Red,Guram Kutateladze,Jordan Vucenic,177.8,185.42,155,180.34,182.88,155,32,28,-2.54,2.54,-4,U-DEC,1.0,0.0,1.0
152,Red,Jai Herbert,Rolando Bedoya,180.34,187.96,155,185.42,195.58,155,36,27,-5.08,-7.62,-9,U-DEC,1.0,1.0,1.0
153,Red,Sedriques Dumas,Denis Tiuliulin,185.42,195.58,185,187.96,200.66,185,28,36,-2.54,-5.08,8,U-DEC,1.0,1.0,0.0
155,Red,Tom Aspinall,Curtis Blaydes,193.04,203.2,265,195.58,198.12,256,31,33,-2.54,5.08,2,KO/TKO,1.0,0.0,0.0
158,Red,Arnold Allen,Giga Chikadze,182.88,187.96,145,172.72,177.8,145,30,35,10.16,10.16,5,U-DEC,0.0,0.0,0.0
159,Red,Nathaniel Wood,Daniel Pineda,170.18,175.26,145,167.64,175.26,145,31,38,2.54,0.0,7,U-DEC,0.0,,0.0
161,Red,Jake Hadley,Caolan Loughran,167.64,172.72,135,170.18,177.8,135,27,28,-2.54,-5.08,1,U-DEC,1.0,1.0,0.0
162,Red,Muhammad Mokaev,Manel Kape,165.1,172.72,125,170.18,177.8,125,23,30,-5.08,-5.08,7,U-DEC,1.0,1.0,0.0
163,Red,Oban Elliott,Preston Parsons,180.34,180.34,170,182.88,182.88,170,26,29,-2.54,-2.54,3,U-DEC,1.0,1.0,0.0
164,Red,Modestas Bukauskas,Marcin Prachnio,190.5,187.96,205,190.5,198.12,205,30,36,0.0,-10.16,6,SUB,,1.0,0.0
165,Red,Sam Patterson,Kiefer Crosbie,180.34,177.8,170,190.5,198.12,170,28,34,-10.16,-20.32,6,SUB,1.0,1.0,0.0
166,Red,Mick Parkin,Lukasz Brzeski,193.04,198.12,236,193.04,200.66,265,28,32,0.0,-2.54,4,KO/TKO,,1.0,0.0
167,Red,Shauna Bannon,Alice Ardelean,160.02,157.48,115,165.1,165.1,115,30,32,-5.08,-7.62,2,S-DEC,1.0,1.0,0.0
169,Red,Steve Garcia,SeungWoo Choi,182.88,187.96,145,182.88,190.5,145,32,31,0.0,-2.54,-1,KO/TKO,,1.0,1.0
170,Red,Kurt Holobaugh,Kaynan Kruschewsky,182.88,185.42,155,180.34,177.8,155,37,33,2.54,7.62,-4,U-DEC,0.0,0.0,1.0
172,Red,Dooho Choi,Bill Algeo,182.88,185.42,145,177.8,177.8,145,33,35,5.08,7.62,2,KO/TKO,0.0,0.0,0.0
175,Red,Miranda Maverick,Dione Barbosa,167.64,167.64,125,160.02,165.1,125,27,32,7.62,2.54,5,U-DEC,0.0,0.0,0.0
177,Red,Luana Carolina,Lucie Pudilova,172.72,170.18,125,167.64,175.26,125,31,30,5.08,-5.08,-1,U-DEC,0.0,1.0,1.0
179,Red,Rose Namajunas,Tracy Cortez,165.1,165.1,125,165.1,165.1,125,32,30,0.0,0.0,-2,U-DEC,,,1.0
182,Red,Gabriel Bonfim,Ange Loosa,177.8,187.96,170,185.42,182.88,170,26,31,-7.62,5.08,5,U-DEC,1.0,0.0,0.0
183,Red,Julian Erosa,Christian Rodriguez,170.18,180.34,145,185.42,187.96,145,34,26,-15.24,-7.62,-8,SUB,1.0,1.0,1.0
185,Red,Jasmine Jasudavicius,Fatima Kline,167.64,170.18,115,170.18,172.72,125,35,24,-2.54,-2.54,-11,U-DEC,1.0,1.0,1.0
186,Red,Montel Jackson,Da'Mon Blackshear,177.8,182.88,135,177.8,190.5,135,32,29,0.0,-7.62,-3,KO/TKO,,1.0,1.0
187,Red,Luana Santos,Mariya Agapova,167.64,172.72,125,167.64,170.18,125,24,27,0.0,2.54,3,SUB,,0.0,0.0
189,Red,Evan Elder,Darrius Flowers,175.26,180.34,155,177.8,182.88,155,27,29,-2.54,-2.54,2,SUB,1.0,1.0,0.0
190,Red,Alex Pereira,Jiri Prochazka,190.5,203.2,205,193.04,200.66,205,36,31,-2.54,2.54,-5,KO/TKO,1.0,0.0,1.0
194,Red,Ian Machado Garry,Michael Page,190.5,200.66,170,190.5,187.96,170,26,37,0.0,12.7,11,U-DEC,,0.0,0.0
195,Red,Joe Pyfer,Marc-Andre Barriault,185.42,187.96,185,187.96,190.5,185,27,34,-2.54,-2.54,7,KO/TKO,1.0,1.0,0.0
198,Red,Payton Talbott,Yanis Ghemmouri,175.26,175.26,135,177.8,177.8,135,25,29,-2.54,-2.54,4,KO/TKO,1.0,1.0,0.0
201,Red,Rei Tsuruya,Carlos Hernandez,172.72,170.18,125,167.64,172.72,125,22,30,5.08,-2.54,8,U-DEC,0.0,1.0,0.0
203,Red,Robert Whittaker,Ikram Aliskerov,182.88,193.04,185,182.88,185.42,185,33,31,0.0,7.62,-2,KO/TKO,,0.0,1.0
205,Red,Kelvin Gastelum,Daniel Rodriguez,185.42,187.96,170,175.26,180.34,170,32,37,10.16,7.62,5,U-DEC,0.0,0.0,0.0
206,Red,Shara Magomedov,Antonio Trocoli,195.58,203.2,185,187.96,185.42,185,30,33,7.62,17.78,3,KO/TKO,0.0,0.0,0.0
208,Red,Nasrat Haqparast,Jared Gordon,175.26,172.72,155,177.8,182.88,155,28,35,-2.54,-10.16,7,S-DEC,1.0,1.0,0.0
210,Red,Rinat Fakhretdinov,Nicolas Dalby,180.34,187.96,170,182.88,187.96,170,32,39,-2.54,0.0,7,S-DEC,1.0,,0.0
212,Red,Magomed Gadzhiyasulov,Brendson Ribeiro,190.5,205.74,205,187.96,190.5,205,30,27,2.54,15.24,-3,M-DEC,0.0,0.0,1.0
217,Red,Brady Hiestand,Garrett Armfield,167.64,177.8,135,172.72,180.34,135,25,27,-5.08,-2.54,2,SUB,1.0,1.0,0.0
218,Red,Asu Almabayev,Jose Johnson,182.88,180.34,125,162.56,165.1,125,30,29,20.32,15.24,-1,U-DEC,0.0,0.0,1.0
223,Red,Melquizael Costa,Shayilan Nuerdanbieke,172.72,175.26,145,177.8,180.34,145,27,30,-5.08,-5.08,3,SUB,1.0,1.0,0.0
224,Red,Josefine Knutsson,Julia Polastri,157.48,160.02,115,160.02,152.4,115,28,26,-2.54,7.62,-2,U-DEC,1.0,0.0,1.0
226,Red,Dominick Reyes,Dustin Jacoby,190.5,193.04,205,193.04,195.58,205,34,36,-2.54,-2.54,2,KO/TKO,1.0,1.0,0.0
227,Red,Raul Rosas Jr.,Ricky Turcios,175.26,180.34,135,175.26,170.18,135,19,31,0.0,10.16,12,SUB,,0.0,0.0
228,Red,Brunno Ferreira,Dustin Stoltzfus,182.88,190.5,185,177.8,182.88,185,31,32,5.08,7.62,1,KO/TKO,0.0,0.0,0.0
233,Red,Brad Katona,Jesse Butler,177.8,185.42,135,167.64,162.56,135,32,32,10.16,22.86,0,U-DEC,0.0,0.0,
239,Red,Islam Makhachev,Dustin Poirier,175.26,182.88,155,177.8,177.8,155,32,35,-2.54,5.08,3,SUB,1.0,0.0,0.0
240,Red,Sean Strickland,Paulo Costa,185.42,182.88,185,185.42,193.04,185,33,33,0.0,-10.16,0,S-DEC,,1.0,
241,Red,Kevin Holland,Michal Oleksiejczuk,182.88,187.96,185,190.5,205.74,185,31,29,-7.62,-17.78,-2,SUB,1.0,1.0,1.0
242,Red,Niko Price,Alex Morono,180.34,182.88,170,182.88,193.04,170,34,33,-2.54,-10.16,-1,U-DEC,1.0,1.0,1.0
243,Red,Randy Brown,Elizeu Zaleski dos Santos,180.34,185.42,170,190.5,198.12,170,33,37,-10.16,-12.7,4,U-DEC,1.0,1.0,0.0
245,Red,Jailton Almeida,Alexandr Romanov,187.96,190.5,262,190.5,200.66,205,32,33,-2.54,-10.16,1,SUB,1.0,1.0,0.0
246,Red,Grant Dawson,Joe Solecki,175.26,177.8,155,177.8,182.88,155,30,30,-2.54,-5.08,0,U-DEC,1.0,1.0,
249,Red,Ailin Perez,Joselyne Edwards,172.72,177.8,135,165.1,167.64,135,29,28,7.62,10.16,-1,U-DEC,0.0,0.0,1.0
252,Red,Khaos Williams,Carlston Harris,182.88,193.04,170,182.88,195.58,170,30,36,0.0,-2.54,6,KO/TKO,,1.0,0.0
253,Red,Themba Gorimbo,Ramiz Brahimaj,177.8,182.88,170,185.42,195.58,170,33,31,-7.62,-12.7,-2,U-DEC,1.0,1.0,1.0
254,Red,Adrian Yanez,Vinicius Salvador,170.18,177.8,135,170.18,177.8,135,30,27,0.0,0.0,-3,KO/TKO,,,1.0
257,Red,Oumar Sy,Tuco Tokkos,193.04,193.04,205,193.04,210.82,205,28,33,0.0,-17.78,5,SUB,,1.0,0.0
259,Red,Abus Magomedov,Warlley Alves,180.34,182.88,185,187.96,198.12,185,33,33,-7.62,-15.24,0,U-DEC,1.0,1.0,
261,Red,Alatengheili,Kleydson Rodrigues,165.1,170.18,135,165.1,167.64,135,32,28,0.0,2.54,-4,U-DEC,,0.0,1.0
262,Red,Vanessa Demopoulos,Emily Ducote,157.48,160.02,115,157.48,149.86,115,35,30,0.0,10.16,-5,S-DEC,,0.0,1.0
263,Red,Derrick Lewis,Rodrigo Nascimento,187.96,203.2,246,190.5,200.66,260,39,31,-2.54,2.54,-8,KO/TKO,1.0,0.0,1.0
264,Red,Joaquin Buckley,Nursulton Ruziboev,195.58,193.04,170,177.8,193.04,170,30,30,17.78,0.0,0,U-DEC,0.0,,
266,Red,Diego Ferreira,Mateusz Rebecki,170.18,167.64,155,175.26,187.96,155,39,31,-5.08,-20.32,-8,KO/TKO,1.0,1.0,1.0
268,Red,Waldo Cortes-Acosta,Robelis Despaigne,200.66,213.36,265,193.04,198.12,260,32,35,7.62,15.24,3,U-DEC,0.0,0.0,0.0
269,Red,Chase Hooper,Viacheslav Borshchev,180.34,175.26,155,185.42,187.96,155,24,32,-5.08,-12.7,8,SUB,1.0,1.0,0.0
271,Red,Tabatha Ricci,Tecia Pennington,154.94,152.4,115,154.94,154.94,115,29,34,0.0,-2.54,5,S-DEC,,1.0,0.0
273,Red,Charles Johnson,Jake Hadley,170.18,177.8,135,175.26,177.8,125,33,27,-5.08,0.0,-6,U-DEC,1.0,,1.0
275,Red,Alexandre Pantoja,Steve Erceg,172.72,172.72,125,165.1,170.18,125,34,28,7.62,2.54,-6,U-DEC,0.0,0.0,1.0
276,Red,Jose Aldo,Jonathan Martinez,172.72,177.8,135,170.18,177.8,135,37,30,2.54,0.0,-7,U-DEC,0.0,,1.0
277,Red,Anthony Smith,Vitor Petrino,187.96,195.58,205,193.04,193.04,205,35,26,-5.08,2.54,-9,SUB,1.0,0.0,1.0
278,Red,Michel Pereira,Ihor Potieria,190.5,190.5,185,185.42,185.42,185,30,27,5.08,5.08,-3,SUB,0.0,0.0,1.0
284,Red,Mauricio Ruffy,Jamie Mullarkey,182.88,187.96,155,180.34,190.5,155,27,29,2.54,-2.54,2,KO/TKO,0.0,1.0,0.0
285,Red,Dione Barbosa,Ernesta Kareckaite,175.26,180.34,125,167.64,167.64,125,31,25,7.62,12.7,-6,U-DEC,0.0,0.0,1.0
286,Red,Ismael Bonfim,Vinc Pichel,177.8,182.88,155,172.72,180.34,155,28,41,5.08,2.54,13,U-DEC,0.0,0.0,0.0
287,Red,Alessandro Costa,Kevin Borjas,165.1,172.72,125,162.56,170.18,125,28,26,2.54,2.54,-2,KO/TKO,0.0,0.0,1.0
295,Red,Austin Hubbard,Michal Figlak,177.8,177.8,155,177.8,180.34,155,32,27,0.0,-2.54,-5,U-DEC,,1.0,1.0
296,Red,Don'Tale Mayes,Caio Machado,193.04,198.12,250,198.12,205.74,260,32,29,-5.08,-7.62,-3,U-DEC,1.0,1.0,1.0
299,Red,Ivana Petrovic,Liang Na,165.1,170.18,125,172.72,177.8,125,29,27,-7.62,-7.62,-2,SUB,1.0,1.0,1.0
301,Red,Alex Pereira,Jamahal Hill,193.04,200.66,205,193.04,200.66,205,36,32,0.0,0.0,-4,KO/TKO,,,1.0
302,Red,Zhang Weili,Yan Xiaonan,165.1,160.02,115,162.56,160.02,115,34,34,2.54,0.0,0,U-DEC,0.0,,
305,Red,Bo Nickal,Cody Brundage,182.88,182.88,185,185.42,193.04,185,28,29,-2.54,-10.16,1,SUB,1.0,1.0,0.0
306,Red,Jiri Prochazka,Aleksandar Rakic,193.04,198.12,205,190.5,203.2,205,31,32,2.54,-5.08,1,KO/TKO,0.0,1.0,0.0
311,Red,Jessica Andrade,Marina Rodriguez,167.64,165.1,115,154.94,157.48,125,32,36,12.7,7.62,4,S-DEC,0.0,0.0,0.0
312,Red,King Green,Jim Miller,172.72,180.34,155,177.8,180.34,155,37,40,-5.08,0.0,3,U-DEC,1.0,,0.0
313,Red,Deiveson Figueiredo,Cody Garbrandt,172.72,165.1,135,165.1,172.72,135,36,32,7.62,-7.62,-4,SUB,0.0,1.0,1.0
314,Red,Brendan Allen,Chris Curtis,177.8,190.5,185,187.96,190.5,185,28,36,-10.16,0.0,8,S-DEC,1.0,,0.0
317,Red,Ignacio Bahamondes,Christos Giagos,177.8,180.34,155,190.5,190.5,155,26,34,-12.7,-10.16,8,KO/TKO,1.0,1.0,0.0
321,Red,Norma Dumont,Germaine de Randamie,175.26,180.34,135,170.18,170.18,135,33,39,5.08,10.16,6,U-DEC,0.0,0.0,0.0
328,Red,Chris Weidman,Bruno Silva,182.88,187.96,185,187.96,198.12,185,39,34,-5.08,-10.16,-5,U-DEC,1.0,1.0,1.0
329,Red,Nursulton Ruziboev,Sedriques Dumas,187.96,200.66,185,195.58,193.04,170,30,28,-7.62,7.62,-2,KO/TKO,1.0,0.0,1.0
331,Red,Chidi Njokuani,Rhys McKee,187.96,198.12,170,190.5,203.2,170,35,28,-2.54,-5.08,-7,S-DEC,1.0,1.0,1.0
332,Red,Nate Landwehr,Jamall Emmers,177.8,187.96,145,175.26,182.88,145,35,34,2.54,5.08,-1,KO/TKO,0.0,0.0,1.0
333,Red,Virna Jandiroba,Loopy Godinez,157.48,154.94,115,160.02,162.56,115,35,30,-2.54,-7.62,-5,U-DEC,1.0,1.0,1.0
334,Red,Julio Arce,Herbert Burns,175.26,185.42,145,170.18,177.8,145,34,36,5.08,7.62,2,KO/TKO,0.0,0.0,0.0
335,Red,Dennis Buzukja,Connor Matthews,172.72,180.34,145,175.26,177.8,145,26,31,-2.54,2.54,5,KO/TKO,1.0,0.0,0.0
336,Red,Ibo Aslan,Anton Turkalj,193.04,198.12,205,190.5,195.58,205,27,27,2.54,2.54,0,KO/TKO,0.0,0.0,
340,Red,Karl Williams,Justin Tafa,182.88,187.96,264,190.5,200.66,235,34,30,-7.62,-12.7,-4,U-DEC,1.0,1.0,1.0
341,Red,Edmen Shahbazyan,AJ Dobson,185.42,193.04,185,190.5,190.5,185,26,32,-5.08,2.54,6,KO/TKO,1.0,0.0,0.0
342,Red,Payton Talbott,Cameron Saaiman,172.72,170.18,135,177.8,177.8,135,25,23,-5.08,-7.62,-2,KO/TKO,1.0,1.0,1.0
344,Red,Fernando Padilla,Luis Pajuelo,177.8,175.26,145,185.42,193.04,145,27,29,-7.62,-17.78,2,SUB,1.0,1.0,0.0
347,Red,Miles Johns,Cody Gibson,177.8,180.34,135,170.18,167.64,135,29,36,7.62,12.7,7,U-DEC,0.0,0.0,0.0
348,Red,Jarno Errens,Steven Nguyen,180.34,185.42,145,180.34,185.42,145,29,30,0.0,0.0,1,U-DEC,,,0.0
353,Red,Ovince Saint Preux,Kennedy Nzechukwu,195.58,210.82,205,190.5,203.2,205,40,31,5.08,7.62,-9,S-DEC,0.0,0.0,1.0
354,Red,Christian Rodriguez,Isaac Dulgarian,170.18,180.34,145,170.18,180.34,145,26,27,0.0,0.0,1,S-DEC,,,0.0
356,Red,Gerald Meerschaert,Bryan Barberena,182.88,182.88,185,185.42,195.58,185,36,34,-2.54,-12.7,-2,SUB,1.0,1.0,1.0
359,Red,Jafel Filho,Ode Osbourne,170.18,185.42,125,170.18,172.72,125,30,32,0.0,12.7,2,SUB,,0.0,0.0
361,Red,Jaqueline Amorim,Cory McKenna,160.02,147.32,115,160.02,172.72,115,28,24,0.0,-25.4,-4,SUB,,1.0,1.0
362,Red,Thiago Moises,Mitch Ramirez,180.34,180.34,155,175.26,177.8,155,28,31,5.08,2.54,3,KO/TKO,0.0,0.0,0.0
364,Red,Sean O'Malley,Marlon Vera,172.72,177.8,135,180.34,182.88,135,29,31,-7.62,-5.08,2,U-DEC,1.0,1.0,0.0
365,Red,Dustin Poirier,Benoit Saint Denis,180.34,185.42,155,175.26,182.88,155,35,28,5.08,2.54,-7,KO/TKO,0.0,0.0,1.0
368,Red,Petr Yan,Song Yadong,172.72,170.18,135,170.18,170.18,135,31,26,2.54,0.0,-5,U-DEC,0.0,,1.0
369,Red,Curtis Blaydes,Jailton Almeida,190.5,200.66,205,193.04,203.2,265,33,32,-2.54,-2.54,-1,KO/TKO,1.0,1.0,1.0
371,Red,Mateusz Gamrot,Rafael Dos Anjos,172.72,177.8,170,177.8,177.8,155,33,39,-5.08,0.0,6,U-DEC,1.0,,0.0
374,Red,Michel Pereira,Michal Oleksiejczuk,182.88,187.96,185,185.42,185.42,185,30,29,-2.54,2.54,-1,SUB,1.0,0.0,1.0
375,Red,Robelis Despaigne,Josh Parisian,193.04,200.66,265,200.66,213.36,265,35,34,-7.62,-12.7,-1,KO/TKO,1.0,1.0,1.0
377,Red,Joanne Wood,Maryna Moroz,170.18,170.18,125,167.64,165.1,125,38,32,2.54,5.08,-6,S-DEC,0.0,0.0,1.0
378,Red,Jairzinho Rozenstruik,Shamil Gaziev,193.04,198.12,265,187.96,198.12,242,35,34,5.08,0.0,-1,KO/TKO,0.0,,1.0
379,Red,Vitor Petrino,Tyson Pedro,190.5,200.66,205,187.96,195.58,205,26,32,2.54,5.08,6,U-DEC,0.0,0.0,0.0
381,Red,Umar Nurmagomedov,Bekzat Almakhan,170.18,172.72,135,172.72,175.26,135,28,26,-2.54,-2.54,-2,U-DEC,1.0,1.0,1.0
383,Red,Eryk Anders,Jamie Pickett,187.96,203.2,185,185.42,190.5,185,36,35,2.54,12.7,-1,U-DEC,0.0,0.0,1.0
384,Red,Vinicius Oliveira,Benardo Sopaj,167.64,167.64,135,175.26,177.8,135,28,23,-7.62,-10.16,-5,KO/TKO,1.0,1.0,1.0
385,Red,Aiemann Zahabi,Javid Basharat,175.26,175.26,135,172.72,172.72,135,36,28,2.54,2.54,-8,U-DEC,0.0,0.0,1.0
386,Red,Christian Leroy Duncan,Claudio Ribeiro,185.42,195.58,185,187.96,200.66,185,28,31,-2.54,-5.08,3,KO/TKO,1.0,1.0,0.0
387,Red,Ludovit Klein,AJ Cunningham,177.8,180.34,145,170.18,182.88,155,29,29,7.62,-2.54,0,KO/TKO,0.0,1.0,
391,Red,Daniel Zellhuber,Francisco Prado,177.8,175.26,155,185.42,195.58,155,24,21,-7.62,-20.32,-3,U-DEC,1.0,1.0,1.0
392,Red,Yazmin Jauregui,Sam Hughes,165.1,162.56,115,160.02,162.56,115,24,31,5.08,0.0,7,U-DEC,0.0,,0.0
393,Red,Manuel Torres,Chris Duncan,177.8,180.34,155,177.8,185.42,155,28,30,0.0,-5.08,2,SUB,,1.0,0.0
395,Red,Jesus Aguilar,Mateus Mendonca,167.64,180.34,125,162.56,157.48,125,27,25,5.08,22.86,-2,S-DEC,0.0,0.0,1.0
396,Red,Edgar Chairez,Daniel Lacerda,167.64,177.8,125,170.18,180.34,125,28,27,-2.54,-2.54,-1,SUB,1.0,1.0,1.0
398,Red,Ronaldo Rodriguez,Denys Bondar,167.64,175.26,125,167.64,165.1,125,24,31,0.0,10.16,7,SUB,,0.0,0.0
402,Red,Robert Whittaker,Paulo Costa,185.42,182.88,185,182.88,185.42,185,33,32,2.54,-2.54,-1,U-DEC,0.0,1.0,1.0
404,Red,Merab Dvalishvili,Henry Cejudo,162.56,162.56,135,167.64,172.72,135,33,37,-5.08,-10.16,4,U-DEC,1.0,1.0,0.0
405,Red,Anthony Hernandez,Roman Kopylov,182.88,190.5,185,182.88,190.5,185,30,32,0.0,0.0,2,SUB,,,0.0
406,Red,Amanda Lemos,Mackenzie Dern,162.56,160.02,115,162.56,165.1,115,36,30,0.0,-5.08,-6,U-DEC,,1.0,1.0
407,Red,Marcos Rogerio de Lima,Junior Tafa,190.5,190.5,240,185.42,190.5,253,38,27,5.08,0.0,-11,KO/TKO,0.0,,1.0
408,Red,Rinya Nakamura,Carlos Vera,167.64,175.26,135,170.18,172.72,135,28,36,-2.54,2.54,8,U-DEC,1.0,0.0,0.0
409,Red,Zhang Mingyang,Brendson Ribeiro,190.5,205.74,205,187.96,190.5,205,25,27,2.54,15.24,2,KO/TKO,0.0,0.0,0.0
411,Red,Oban Elliott,Val Woodburn,172.72,187.96,170,182.88,182.88,170,26,30,-10.16,5.08,4,U-DEC,1.0,0.0,0.0
413,Red,Jack Hermansson,Joe Pyfer,187.96,190.5,185,185.42,195.58,185,35,27,2.54,-5.08,-8,U-DEC,0.0,1.0,1.0
414,Red,Dan Ige,Andre Fili,180.34,187.96,145,170.18,180.34,145,32,33,10.16,7.62,1,KO/TKO,0.0,0.0,0.0
417,Red,Michael Johnson,Darrius Flowers,175.26,180.34,155,177.8,185.42,155,37,29,-2.54,-5.08,-8,U-DEC,1.0,1.0,1.0
418,Red,Rodolfo Vieira,Armen Petrosyan,190.5,180.34,185,182.88,185.42,185,34,33,7.62,-5.08,-1,SUB,0.0,1.0,1.0
420,Red,Bolaji Oki,Timmy Cuamba,175.26,180.34,145,177.8,185.42,155,28,25,-2.54,-5.08,-3,S-DEC,1.0,1.0,1.0
421,Red,Loma Lookboonmee,Bruna Brasil,167.64,165.1,115,154.94,154.94,115,28,30,12.7,10.16,2,U-DEC,0.0,0.0,0.0
423,Red,Max Griffin,Jeremiah Wells,175.26,187.96,170,180.34,193.04,170,38,37,-5.08,-5.08,-1,S-DEC,1.0,1.0,1.0
427,Red,Renato Moicano,Drew Dober,172.72,177.8,155,180.34,182.88,155,34,35,-7.62,-5.08,1,U-DEC,1.0,1.0,0.0
428,Red,Randy Brown,Muslim Salikhov,180.34,177.8,170,190.5,198.12,170,33,39,-10.16,-20.32,6,KO/TKO,1.0,1.0,0.0
431,Red,Molly McCann,Diana Belbita,170.18,172.72,115,162.56,157.48,115,33,27,7.62,15.24,-6,SUB,0.0,0.0,1.0
433,Red,Themba Gorimbo,Pete Rodriguez,175.26,180.34,170,185.42,195.58,170,33,27,-10.16,-15.24,-6,KO/TKO,1.0,1.0,1.0
434,Red,JeongYeong Lee,Blake Bilder,172.72,172.72,145,177.8,185.42,145,28,33,-5.08,-12.7,5,U-DEC,1.0,1.0,0.0
435,Red,Luana Carolina,Julija Stoliarenko,170.18,167.64,125,167.64,175.26,125,30,30,2.54,-7.62,0,KO/TKO,0.0,1.0,
439,Red,Raquel Pennington,Mayra Bueno Silva,167.64,167.64,135,170.18,170.18,135,35,32,-2.54,-2.54,-3,U-DEC,1.0,1.0,1.0
440,Red,Neil Magny,Mike Malott,185.42,185.42,170,190.5,203.2,170,36,32,-5.08,-17.78,-4,KO/TKO,1.0,1.0,1.0
441,Red,Chris Curtis,Marc-Andre Barriault,185.42,187.96,185,177.8,190.5,185,36,33,7.62,-2.54,-3,S-DEC,0.0,1.0,1.0
446,Red,Gillian Robertson,Polyana Viana,165.1,170.18,115,165.1,160.02,115,28,31,0.0,10.16,3,KO/TKO,,0.0,0.0
448,Red,Jasmine Jasudavicius,Priscila Cachoeira,170.18,165.1,125,170.18,172.72,125,34,35,0.0,-7.62,1,SUB,,1.0,0.0
450,Red,Magomed Ankalaev,Johnny Walker,198.12,208.28,205,190.5,190.5,205,31,31,7.62,17.78,0,KO/TKO,0.0,0.0,
451,Red,Jim Miller,Gabriel Benitez,172.72,180.34,155,172.72,180.34,155,40,35,0.0,0.0,-5,SUB,,,1.0
456,Red,Marcus McGhee,Gaston Bolanos,170.18,175.26,135,172.72,175.26,135,33,31,-2.54,0.0,-2,KO/TKO,1.0,,1.0
457,Red,Farid Basharat,Taylor Lapilus,167.64,185.42,135,172.72,180.34,135,26,31,-5.08,5.08,5,U-DEC,1.0,0.0,0.0
459,Red,Nikolas Motta,Tom Nolan,190.5,185.42,155,175.26,177.8,155,30,23,15.24,7.62,-7,KO/TKO,0.0,0.0,1.0
460,Red,Joshua Van,Felipe Bunes,170.18,175.26,125,165.1,165.1,125,22,34,5.08,10.16,12,KO/TKO,0.0,0.0,0.0
461,Red,Leon Edwards,Colby Covington,180.34,182.88,170,187.96,187.96,170,32,35,-7.62,-5.08,3,U-DEC,1.0,1.0,0.0
462,Red,Alexandre Pantoja,Brandon Royval,175.26,172.72,125,165.1,170.18,125,33,31,10.16,2.54,-2,U-DEC,0.0,0.0,1.0
463,Red,Shavkat Rakhmonov,Stephen Thompson,182.88,190.5,170,185.42,195.58,170,29,40,-2.54,-5.08,11,SUB,1.0,1.0,0.0
465,Red,Josh Emmett,Bryce Mitchell,177.8,177.8,145,167.64,177.8,145,38,29,10.16,0.0,-9,KO/TKO,0.0,,1.0
466,Red,Alonzo Menifield,Dustin Jacoby,190.5,193.04,205,182.88,193.04,205,36,35,7.62,0.0,-1,U-DEC,0.0,,1.0
467,Red,Irene Aldana,Karol Rosa,165.1,170.18,135,175.26,172.72,135,35,28,-10.16,-2.54,-7,U-DEC,1.0,1.0,1.0
468,Red,Cody Garbrandt,Brian Kelleher,167.64,167.64,135,172.72,165.1,135,32,37,-5.08,2.54,5,KO/TKO,1.0,0.0,0.0
470,Red,Tagir Ulanbekov,Cody Durden,170.18,170.18,125,170.18,177.8,125,32,32,0.0,-7.62,0,SUB,,1.0,
471,Red,Andre Fili,Lucas Almeida,180.34,180.34,145,180.34,187.96,145,33,32,0.0,-7.62,-1,KO/TKO,,1.0,1.0
473,Red,Song Yadong,Chris Gutierrez,175.26,170.18,135,172.72,170.18,135,26,32,2.54,0.0,6,U-DEC,0.0,,0.0
475,Red,Nasrat Haqparast,Jamie Mullarkey,182.88,187.96,155,177.8,182.88,155,28,29,5.08,5.08,1,KO/TKO,0.0,0.0,0.0
476,Red,Tim Elliott,Sumudaerji,172.72,182.88,125,170.18,167.64,125,36,27,2.54,15.24,-9,SUB,0.0,0.0,1.0
479,Red,HyunSung Park,Shannon Ross,167.64,167.64,125,170.18,167.64,125,28,34,-2.54,0.0,6,KO/TKO,1.0,,0.0
480,Red,Steve Garcia,Melquizael Costa,177.8,180.34,145,182.88,190.5,145,31,27,-5.08,-10.16,-4,KO/TKO,1.0,1.0,1.0
481,Red,Luana Santos,Stephanie Egger,167.64,172.72,135,167.64,170.18,125,23,35,0.0,2.54,12,U-DEC,,0.0,0.0
482,Red,Tatsuro Taira,Carlos Hernandez,172.72,170.18,125,170.18,177.8,125,23,30,2.54,-7.62,7,KO/TKO,0.0,1.0,0.0
485,Red,Jalin Turner,King Green,177.8,180.34,155,190.5,195.58,155,28,37,-12.7,-15.24,9,KO/TKO,1.0,1.0,0.0
487,Red,Sean Brady,Kelvin Gastelum,175.26,180.34,170,177.8,182.88,170,31,32,-2.54,-2.54,1,SUB,1.0,1.0,0.0
490,Red,Miesha Tate,Julia Avila,170.18,172.72,135,167.64,165.1,135,37,35,2.54,7.62,-2,SUB,0.0,0.0,1.0
492,Red,Drakkar Klose,Joe Solecki,175.26,177.8,155,175.26,177.8,155,35,30,0.0,0.0,-5,KO/TKO,,,1.0
493,Red,Rodolfo Bellato,Ihor Potieria,190.5,190.5,185,190.5,195.58,205,27,27,0.0,-5.08,0,KO/TKO,,1.0,
495,Red,Veronica Hardy,Jamey-Lyn Horth,170.18,167.64,125,162.56,162.56,125,28,33,7.62,5.08,5,S-DEC,0.0,0.0,0.0
496,Red,Brendan Allen,Paul Craig,190.5,193.04,185,187.96,190.5,185,27,35,2.54,2.54,8,SUB,0.0,0.0,0.0
497,Red,Michael Morales,Jake Matthews,180.34,185.42,170,182.88,200.66,170,24,29,-2.54,-15.24,5,U-DEC,1.0,1.0,0.0
498,Red,Chase Hooper,Jordan Leavitt,175.26,180.34,155,185.42,187.96,155,24,28,-10.16,-7.62,4,SUB,1.0,1.0,0.0
499,Red,Payton Talbott,Nick Aguirre,175.26,187.96,135,177.8,177.8,135,25,27,-2.54,10.16,2,SUB,1.0,0.0,0.0
504,Red,Christian Leroy Duncan,Denis Tiuliulin,185.42,195.58,185,187.96,200.66,185,28,35,-2.54,-5.08,7,KO/TKO,1.0,1.0,0.0
505,Red,Mick Parkin,Caio Machado,193.04,198.12,250,193.04,200.66,265,28,29,0.0,-2.54,1,U-DEC,,1.0,0.0
506,Red,Jeka Saragih,Lucas Alexander,180.34,185.42,145,172.72,175.26,145,28,28,7.62,10.16,0,KO/TKO,0.0,0.0,
511,Red,Jessica Andrade,Mackenzie Dern,162.56,160.02,115,154.94,157.48,125,32,30,7.62,2.54,-2,KO/TKO,0.0,0.0,1.0
513,Red,Diego Lopes,Pat Sabatini,172.72,177.8,145,180.34,182.88,145,28,33,-7.62,-5.08,5,KO/TKO,1.0,1.0,0.0
514,Red,Steve Erceg,Alessandro Costa,162.56,170.18,125,172.72,172.72,125,28,27,-10.16,-2.54,-1,U-DEC,1.0,1.0,1.0
516,Red,Mateusz Rebecki,Roosevelt Roberts,187.96,185.42,155,170.18,167.64,155,31,29,17.78,17.78,-2,SUB,0.0,0.0,1.0
517,Red,Jared Gordon,Mark Madsen,172.72,182.88,155,175.26,172.72,155,35,39,-2.54,10.16,4,KO/TKO,1.0,0.0,0.0
518,Red,John Castaneda,Kyung Ho Kang,175.26,185.42,135,167.64,180.34,135,31,36,7.62,5.08,5,U-DEC,0.0,0.0,0.0
519,Red,Joshua Van,Kevin Borjas,165.1,172.72,125,165.1,165.1,125,22,25,0.0,7.62,3,U-DEC,,0.0,0.0
521,Red,Jailton Almeida,Derrick Lewis,190.5,200.66,260,190.5,200.66,205,32,38,0.0,0.0,6,U-DEC,,,0.0
523,Red,Rodrigo Nascimento,Don'Tale Mayes,198.12,205.74,260,187.96,203.2,246,30,31,10.16,2.54,1,U-DEC,0.0,0.0,0.0
524,Red,Caio Borralho,Abus Magomedov,187.96,198.12,185,185.42,190.5,185,30,33,2.54,7.62,3,U-DEC,0.0,0.0,0.0
525,Red,Elves Brener,Kaynan Kruschewsky,182.88,185.42,155,177.8,182.88,155,26,32,5.08,2.54,6,KO/TKO,0.0,0.0,0.0
526,Red,Vitor Petrino,Modestas Bukauskas,190.5,198.12,205,187.96,195.58,205,26,29,2.54,2.54,3,KO/TKO,0.0,0.0,0.0
527,Red,Angela Hill,Denise Gomes,157.48,160.02,115,160.02,162.56,115,38,23,-2.54,-2.54,-15,U-DEC,1.0,1.0,1.0
528,Red,Eduarda Moura,Montserrat Conejo Ruiz,152.4,154.94,115,167.64,167.64,115,29,30,-15.24,-12.7,1,KO/TKO,1.0,1.0,0.0
530,Red,Islam Makhachev,Alexander Volkanovski,167.64,180.34,145,177.8,177.8,155,31,35,-10.16,2.54,4,KO/TKO,1.0,0.0,0.0
532,Red,Ikram Aliskerov,Warlley Alves,180.34,182.88,185,182.88,193.04,185,30,32,-2.54,-10.16,2,KO/TKO,1.0,1.0,0.0
533,Red,Said Nurmagomedov,Muin Gafurov,170.18,172.72,135,172.72,177.8,135,31,27,-2.54,-5.08,-4,SUB,1.0,1.0,1.0
537,Red,Mike Breeden,Anshul Jubli,182.88,175.26,155,177.8,177.8,155,34,28,5.08,-2.54,-6,KO/TKO,0.0,1.0,1.0
539,Red,Viktoriia Dudakova,Jinh Yu Frey,160.02,165.1,115,165.1,170.18,115,24,38,-5.08,-5.08,14,U-DEC,1.0,1.0,0.0
540,Red,Shara Magomedov,Bruno Silva,182.88,187.96,185,187.96,185.42,185,29,34,-5.08,2.54,5,U-DEC,1.0,0.0,0.0
543,Red,Jonathan Martinez,Adrian Yanez,170.18,177.8,135,172.72,177.8,135,29,29,-2.54,0.0,0,KO/TKO,1.0,,
545,Red,Christian Rodriguez,Cameron Saaiman,172.72,170.18,135,170.18,180.34,145,25,22,2.54,-10.16,-3,U-DEC,0.0,1.0,1.0
546,Red,Darren Elkins,TJ Brown,175.26,182.88,145,177.8,180.34,145,39,33,-2.54,2.54,-6,SUB,1.0,0.0,1.0
547,Red,Tainara Lisboa,Ravena Oliveira,165.1,165.1,115,170.18,170.18,135,32,26,-5.08,-5.08,-6,U-DEC,1.0,1.0,1.0
548,Red,Terrance McKinney,Brendon Marotte,175.26,177.8,145,177.8,185.42,155,29,27,-2.54,-7.62,-2,KO/TKO,1.0,1.0,1.0
550,Red,Chris Gutierrez,Alatengheili,165.1,167.64,135,175.26,170.18,135,32,31,-10.16,-2.54,-1,U-DEC,1.0,1.0,1.0
553,Red,Joe Pyfer,Abdul Razak Alhassan,177.8,185.42,185,187.96,190.5,185,27,38,-10.16,-5.08,11,SUB,1.0,1.0,0.0
555,Red,Drew Dober,Ricky Glenn,182.88,177.8,170,172.72,177.8,155,34,34,10.16,0.0,0,KO/TKO,0.0,,
557,Red,Karolina Kowalkiewicz,Diana Belbita,170.18,172.72,115,160.02,162.56,115,37,27,10.16,10.16,-10,U-DEC,0.0,0.0,1.0
558,Red,Nate Maness,Mateus Mendonca,167.64,180.34,125,177.8,182.88,125,32,24,-10.16,-2.54,-8,KO/TKO,1.0,1.0,1.0
559,Red,Vanessa Demopoulos,Kanako Murata,154.94,157.48,115,157.48,149.86,115,35,30,-2.54,7.62,-5,U-DEC,1.0,0.0,1.0
560,Red,Aoriqileng,Johnny Munoz,175.26,180.34,135,170.18,175.26,135,30,30,5.08,5.08,0,U-DEC,0.0,0.0,
563,Red,Bryce Mitchell,Dan Ige,170.18,180.34,145,177.8,177.8,145,28,32,-7.62,2.54,4,U-DEC,1.0,0.0,0.0
564,Red,Marina Rodriguez,Michelle Waterson-Gomez,160.02,157.48,115,167.64,165.1,115,36,37,-7.62,-7.62,1,KO/TKO,1.0,1.0,0.0
565,Red,Bryan Battle,AJ Fletcher,177.8,170.18,170,185.42,195.58,170,29,26,-7.62,-25.4,-3,SUB,1.0,1.0,1.0
567,Red,Tim Means,Andre Fialho,182.88,187.96,170,187.96,190.5,170,39,29,-5.08,-2.54,-10,KO/TKO,1.0,1.0,1.0
569,Red,Mohammed Usman,Jake Collier,190.5,198.12,230,187.96,200.66,239,34,34,2.54,-2.54,0,U-DEC,0.0,1.0,
570,Red,Mizuki,Hannah Goldy,162.56,154.94,115,160.02,165.1,115,29,31,2.54,-10.16,2,U-DEC,0.0,1.0,0.0
573,Red,Raul Rosas Jr.,Terrence Mitchell,177.8,187.96,135,175.26,170.18,135,18,33,2.54,17.78,15,KO/TKO,0.0,0.0,0.0
574,Red,Daniel Zellhuber,Christos Giagos,177.8,180.34,155,185.42,195.58,155,24,33,-7.62,-15.24,9,SUB,1.0,1.0,0.0
576,Red,Loopy Godinez,Elise Reed,160.02,160.02,115,157.48,154.94,115,30,30,2.54,5.08,0,SUB,0.0,0.0,
577,Red,Roman Kopylov,Josh Fremd,193.04,193.04,185,182.88,190.5,185,32,29,10.16,2.54,-3,KO/TKO,0.0,0.0,1.0
578,Red,Tracy Cortez,Jasmine Jasudavicius,170.18,172.72,125,165.1,165.1,125,29,34,5.08,7.62,5,U-DEC,0.0,0.0,0.0
580,Red,Josefine Knutsson,Marnic Mann,152.4,162.56,115,160.02,152.4,115,27,30,-7.62,10.16,3,U-DEC,1.0,0.0,0.0
583,Red,Manel Kape,Felipe dos Santos,170.18,177.8,125,165.1,172.72,125,29,22,5.08,5.08,-7,U-DEC,0.0,0.0,1.0
584,Red,Justin Tafa,Austen Lane,198.12,203.2,245,182.88,187.96,264,29,35,15.24,15.24,6,KO/TKO,0.0,0.0,0.0
585,Red,Tyson Pedro,Anton Turkalj,193.04,198.12,205,190.5,200.66,205,31,27,2.54,-2.54,-4,KO/TKO,0.0,1.0,1.0
586,Red,Carlos Ulberg,Da Woon Jung,193.04,198.12,205,193.04,195.58,205,32,29,0.0,2.54,-3,SUB,,0.0,1.0
588,Red,Jamie Mullarkey,John Makdessi,172.72,172.72,155,182.88,187.96,155,29,38,-10.16,-15.24,9,U-DEC,1.0,1.0,0.0
589,Red,Nasrat Haqparast,Landon Quinones,175.26,177.8,155,177.8,182.88,155,28,27,-2.54,-5.08,-1,U-DEC,1.0,1.0,1.0
592,Red,Kevin Jousset,Kiefer Crosbie,180.34,177.8,170,187.96,190.5,170,30,33,-7.62,-12.7,3,SUB,1.0,1.0,0.0
593,Red,Ciryl Gane,Serghei Spivac,190.5,198.12,260,193.04,205.74,245,33,28,-2.54,-7.62,-5,KO/TKO,1.0,1.0,1.0
594,Red,Manon Fiorot,Rose Namajunas,165.1,165.1,125,170.18,165.1,125,33,31,-5.08,0.0,-2,U-DEC,1.0,,1.0
595,Red,Benoit Saint Denis,Thiago Moises,175.26,177.8,155,180.34,185.42,155,27,28,-5.08,-7.62,1,KO/TKO,1.0,1.0,0.0
596,Red,Volkan Oezdemir,Bogdan Guskov,190.5,193.04,205,187.96,190.5,205,33,30,2.54,2.54,-3,SUB,0.0,0.0,1.0
597,Red,William Gomis,Yanis Ghemmouri,175.26,175.26,135,182.88,185.42,145,26,28,-7.62,-10.16,2,KO/TKO,1.0,1.0,0.0
598,Red,Morgan Charriere,Manolo Zecchini,172.72,172.72,145,172.72,175.26,145,27,26,0.0,-2.54,-1,KO/TKO,,1.0,1.0
599,Red,Taylor Lapilus,Caolan Loughran,167.64,172.72,135,167.64,185.42,135,31,27,0.0,-12.7,-4,U-DEC,,1.0,1.0
600,Red,Ange Loosa,Rhys McKee,187.96,198.12,170,177.8,187.96,170,30,27,10.16,10.16,-3,U-DEC,0.0,0.0,1.0
601,Red,Nora Cornolle,Joselyne Edwards,172.72,177.8,135,170.18,170.18,135,33,27,2.54,7.62,-6,U-DEC,0.0,0.0,1.0
602,Red,Farid Basharat,Kleydson Rodrigues,165.1,170.18,135,172.72,180.34,135,26,27,-7.62,-10.16,1,SUB,1.0,1.0,0.0
604,Red,Max Holloway,Chan Sung Jung,170.18,182.88,145,180.34,175.26,145,31,36,-10.16,7.62,5,KO/TKO,1.0,0.0,0.0
605,Red,Anthony Smith,Ryan Spann,195.58,200.66,205,193.04,193.04,205,35,32,2.54,7.62,-3,S-DEC,0.0,0.0,1.0
606,Red,Giga Chikadze,Alex Caceres,177.8,185.42,145,182.88,187.96,145,35,35,-5.08,-2.54,0,U-DEC,1.0,1.0,
607,Red,Rinya Nakamura,Fernie Garcia,170.18,170.18,135,170.18,172.72,135,28,31,0.0,-2.54,3,U-DEC,,1.0,0.0
608,Red,Erin Blanchfield,Taila Santos,167.64,172.72,125,162.56,167.64,125,24,30,5.08,5.08,6,U-DEC,0.0,0.0,0.0
609,Red,Junior Tafa,Parker Porter,182.88,190.5,265,190.5,190.5,240,26,38,-7.62,0.0,12,KO/TKO,1.0,,0.0
610,Red,Waldo Cortes-Acosta,Lukasz Brzeski,193.04,198.12,236,193.04,198.12,260,31,31,0.0,0.0,0,KO/TKO,,,
613,Red,Song Kenan,Rolando Bedoya,180.34,187.96,155,182.88,180.34,170,33,26,-2.54,7.62,-7,U-DEC,1.0,0.0,1.0
614,Red,Billy Ray Goff,Yusaku Kinoshita,182.88,180.34,170,177.8,182.88,170,25,23,5.08,-2.54,-2,KO/TKO,0.0,1.0,1.0
616,Red,SeungWoo Choi,Jarno Errens,180.34,185.42,145,182.88,187.96,145,30,28,-2.54,-2.54,-2,U-DEC,1.0,1.0,1.0
618,Red,Zhang Weili,Amanda Lemos,162.56,165.1,115,162.56,160.02,115,34,36,0.0,5.08,2,U-DEC,,0.0,0.0
621,Red,Marlon Vera,Pedro Munhoz,167.64,165.1,135,172.72,177.8,135,30,36,-5.08,-12.7,6,U-DEC,1.0,1.0,0.0
623,Red,Gregory Rodrigues,Denis Tiuliulin,185.42,195.58,185,190.5,190.5,185,31,35,-5.08,5.08,4,KO/TKO,1.0,0.0,0.0
624,Red,Kurt Holobaugh,Austin Hubbard,177.8,180.34,155,180.34,177.8,155,36,31,-2.54,2.54,-5,SUB,1.0,0.0,1.0
625,Red,Brad Katona,Cody Gibson,177.8,180.34,135,167.64,162.56,135,31,35,10.16,17.78,4,U-DEC,0.0,0.0,0.0
626,Red,Andre Petroski,Gerald Meerschaert,185.42,195.58,185,182.88,185.42,185,32,35,2.54,10.16,3,S-DEC,0.0,0.0,0.0
628,Red,Karine Silva,Maryna Moroz,170.18,170.18,125,165.1,170.18,125,29,31,5.08,0.0,2,SUB,0.0,,0.0
629,Red,Vicente Luque,Rafael Dos Anjos,172.72,177.8,170,180.34,190.5,170,31,38,-7.62,-12.7,7,U-DEC,1.0,1.0,0.0
630,Red,Cub Swanson,Hakeem Dawodu,172.72,185.42,145,172.72,177.8,145,39,32,0.0,7.62,-7,U-DEC,,0.0,1.0
631,Red,Khalil Rountree Jr.,Chris Daukaus,190.5,193.04,205,185.42,193.04,205,33,33,5.08,0.0,0,KO/TKO,0.0,,
633,Red,AJ Dobson,Tafon Nchukwi,182.88,195.58,185,185.42,193.04,185,31,28,-2.54,2.54,-3,U-DEC,1.0,0.0,1.0
634,Red,Josh Fremd,Jamie Pickett,187.96,203.2,185,193.04,193.04,185,29,34,-5.08,10.16,5,U-DEC,1.0,0.0,0.0
636,Red,Terrance McKinney,Mike Breeden,177.8,177.8,155,177.8,185.42,155,28,34,0.0,-7.62,6,KO/TKO,,1.0,0.0
639,Red,Jaqueline Amorim,Montserrat Conejo Ruiz,152.4,154.94,115,160.02,172.72,115,28,30,-7.62,-17.78,2,KO/TKO,1.0,1.0,0.0
640,Red,Da'Mon Blackshear,Jose Johnson,182.88,180.34,125,177.8,182.88,135,29,28,5.08,-2.54,-1,SUB,0.0,1.0,1.0
642,Red,Cory Sandhagen,Rob Font,172.72,180.34,135,180.34,177.8,135,31,36,-7.62,2.54,5,U-DEC,1.0,0.0,0.0
644,Red,Dustin Jacoby,Kennedy Nzechukwu,195.58,210.82,205,190.5,193.04,205,35,31,5.08,17.78,-4,KO/TKO,0.0,0.0,1.0
645,Red,Diego Lopes,Gavin Tucker,167.64,167.64,145,180.34,182.88,145,28,37,-12.7,-15.24,9,SUB,1.0,1.0,0.0
646,Red,Tanner Boser,Aleksa Camur,185.42,187.96,205,187.96,190.5,205,32,27,-2.54,-2.54,-5,U-DEC,1.0,1.0,1.0
648,Red,Kyler Phillips,Raoni Barcelos,170.18,170.18,135,172.72,182.88,135,28,36,-2.54,-12.7,8,U-DEC,1.0,1.0,0.0
650,Red,Billy Quarantillo,Damon Jackson,180.34,180.34,145,177.8,177.8,145,34,34,2.54,2.54,0,U-DEC,0.0,0.0,
651,Red,Cody Durden,Jake Hadley,170.18,177.8,135,170.18,170.18,125,32,27,0.0,7.62,-5,U-DEC,,0.0,1.0
652,Red,Sean Woodson,Dennis Buzukja,175.26,177.8,145,187.96,198.12,145,31,25,-12.7,-20.32,-6,U-DEC,1.0,1.0,1.0
656,Red,Derrick Lewis,Marcos Rogerio de Lima,185.42,190.5,253,190.5,200.66,260,38,38,-5.08,-10.16,0,KO/TKO,1.0,1.0,
659,Red,Gabriel Bonfim,Trevin Giles,182.88,187.96,170,185.42,182.88,170,25,30,-2.54,5.08,5,SUB,1.0,0.0,0.0
660,Red,CJ Vergara,Vinicius Salvador,170.18,177.8,135,167.64,172.72,125,32,27,2.54,5.08,-5,U-DEC,0.0,0.0,1.0
661,Red,Roman Kopylov,Claudio Ribeiro,185.42,195.58,185,182.88,190.5,185,32,31,2.54,5.08,-1,KO/TKO,0.0,0.0,1.0
662,Red,Jake Matthews,Darrius Flowers,175.26,180.34,155,180.34,185.42,170,28,28,-5.08,-5.08,0,SUB,1.0,1.0,
664,Red,Miranda Maverick,Priscila Cachoeira,170.18,165.1,125,160.02,165.1,125,26,34,10.16,0.0,8,SUB,0.0,,0.0
665,Red,Tom Aspinall,Marcin Tybura,190.5,198.12,249,195.58,198.12,256,30,37,-5.08,0.0,7,KO/TKO,1.0,,0.0
667,Red,Nathaniel Wood,Andre Fili,180.34,187.96,145,167.64,175.26,145,30,33,12.7,12.7,3,U-DEC,0.0,0.0,0.0
668,Red,Paul Craig,Andre Muniz,185.42,198.12,185,190.5,193.04,185,35,33,-5.08,5.08,-2,KO/TKO,1.0,0.0,1.0
670,Red,Lerone Murphy,Josh Culibao,177.8,185.42,145,175.26,185.42,145,32,29,2.54,0.0,-3,U-DEC,0.0,,1.0
674,Red,Mick Parkin,Jamal Pogues,190.5,195.58,205,193.04,200.66,265,27,27,-2.54,-5.08,0,U-DEC,1.0,1.0,
675,Red,Makhmud Muradov,Bryan Barberena,182.88,182.88,185,187.96,190.5,185,33,34,-5.08,-7.62,1,U-DEC,1.0,1.0,0.0
676,Red,Ketlen Vieira,Pannie Kianzad,170.18,167.64,135,172.72,172.72,135,31,31,-2.54,-5.08,0,U-DEC,1.0,1.0,
677,Red,Chris Duncan,Yanal Ashmouz,175.26,172.72,155,177.8,180.34,155,30,28,-2.54,-7.62,-2,U-DEC,1.0,1.0,1.0
679,Red,Jafel Filho,Daniel Barez,167.64,167.64,125,170.18,172.72,125,30,34,-2.54,-5.08,4,SUB,1.0,1.0,0.0
680,Red,Jack Della Maddalena,Bassil Hafez,180.34,182.88,170,180.34,185.42,170,26,31,0.0,-2.54,5,S-DEC,,1.0,0.0
683,Red,Norma Dumont,Chelsea Chandler,172.72,172.72,135,170.18,170.18,135,32,32,2.54,2.54,0,U-DEC,0.0,0.0,
684,Red,Nazim Sadykhov,Terrance McKinney,177.8,185.42,155,177.8,175.26,155,29,28,0.0,10.16,-1,SUB,,0.0,1.0
686,Red,Viktoriia Dudakova,Istela Nunes,162.56,167.64,115,165.1,170.18,115,24,30,-2.54,-2.54,6,KO/TKO,1.0,1.0,0.0
688,Red,Evan Elder,Genaro Valdez,175.26,182.88,155,177.8,182.88,155,26,31,-2.54,0.0,5,U-DEC,1.0,,0.0
690,Red,Alexander Munoz,Carl Deaton,170.18,175.26,155,175.26,182.88,155,33,33,-5.08,-7.62,0,U-DEC,1.0,1.0,
692,Red,Alexander Volkanovski,Yair Rodriguez,180.34,180.34,145,167.64,180.34,145,34,30,12.7,0.0,-4,KO/TKO,0.0,,1.0
696,Red,Bo Nickal,Val Woodburn,172.72,187.96,170,185.42,193.04,185,27,29,-12.7,-5.08,2,KO/TKO,1.0,1.0,0.0
697,Red,Robbie Lawler,Niko Price,182.88,193.04,170,180.34,187.96,170,41,33,2.54,5.08,-8,KO/TKO,0.0,0.0,1.0
698,Red,Tatsuro Taira,Edgar Chairez,170.18,180.34,125,170.18,177.8,125,23,27,0.0,2.54,4,U-DEC,,0.0,0.0
701,Red,Vitor Petrino,Marcin Prachnio,190.5,187.96,205,187.96,195.58,205,25,34,2.54,-7.62,9,SUB,0.0,1.0,0.0
702,Red,Cameron Saaiman,Terrence Mitchell,177.8,187.96,135,172.72,170.18,135,22,33,5.08,17.78,11,KO/TKO,0.0,0.0,0.0
705,Red,Sean Strickland,Abus Magomedov,187.96,198.12,185,185.42,193.04,185,32,32,2.54,5.08,0,KO/TKO,0.0,0.0,
708,Red,Ariane da Silva,Melissa Gatto,165.1,175.26,135,167.64,170.18,125,29,27,-2.54,5.08,-2,S-DEC,1.0,0.0,1.0
712,Red,Joanderson Brito,Westin Wilson,185.42,185.42,145,172.72,182.88,145,28,34,12.7,2.54,6,KO/TKO,0.0,0.0,0.0
716,Red,Alexandr Romanov,Blagoy Ivanov,180.34,185.42,250,187.96,190.5,262,32,36,-7.62,-5.08,4,U-DEC,1.0,1.0,0.0
719,Red,David Onama,Gabriel Santos,175.26,177.8,145,180.34,187.96,145,29,26,-5.08,-10.16,-3,KO/TKO,1.0,1.0,1.0
720,Red,Brendan Allen,Bruno Silva,182.88,187.96,185,187.96,190.5,185,27,33,-5.08,-2.54,6,SUB,1.0,1.0,0.0
721,Red,Neil Magny,Phil Rowe,190.5,203.2,170,190.5,203.2,170,35,32,0.0,0.0,-3,S-DEC,,,1.0
722,Red,Randy Brown,Wellington Turman,182.88,182.88,170,190.5,198.12,170,32,26,-7.62,-15.24,-6,U-DEC,1.0,1.0,1.0
723,Red,Mateusz Rebecki,Loik Radzhabov,180.34,175.26,155,170.18,167.64,155,30,32,10.16,7.62,2,KO/TKO,0.0,0.0,0.0
724,Red,Tabatha Ricci,Gillian Robertson,165.1,160.02,115,154.94,154.94,115,28,28,10.16,5.08,0,U-DEC,0.0,0.0,
730,Red,Arman Tsarukyan,Joaquim Silva,172.72,175.26,155,170.18,182.88,155,26,34,2.54,-7.62,8,KO/TKO,0.0,1.0,0.0
731,Red,Armen Petrosyan,Christian Leroy Duncan,187.96,200.66,185,190.5,180.34,185,32,27,-2.54,20.32,-5,U-DEC,1.0,0.0,1.0
732,Red,Pat Sabatini,Lucas Almeida,180.34,180.34,145,172.72,177.8,145,32,32,7.62,2.54,0,SUB,0.0,0.0,
733,Red,Manuel Torres,Nikolas Motta,175.26,177.8,155,177.8,185.42,155,28,30,-2.54,-7.62,2,KO/TKO,1.0,1.0,0.0
734,Red,Nicolas Dalby,Muslim Salikhov,180.34,177.8,170,180.34,187.96,170,38,39,0.0,-10.16,1,U-DEC,,1.0,0.0
736,Red,Kyung Ho Kang,Cristian Quinonez,172.72,177.8,135,175.26,185.42,135,35,27,-2.54,-7.62,-8,SUB,1.0,1.0,1.0
737,Red,Carlos Hernandez,Denys Bondar,167.64,175.26,125,172.72,170.18,125,29,30,-5.08,5.08,1,U-DEC,1.0,0.0,0.0
738,Red,Tereza Bleda,Gabriella Fernandes,167.64,167.64,125,175.26,180.34,125,21,29,-7.62,-12.7,8,U-DEC,1.0,1.0,0.0
740,Red,Amanda Nunes,Irene Aldana,175.26,172.72,135,172.72,175.26,135,35,35,2.54,-2.54,0,U-DEC,0.0,1.0,
741,Red,Charles Oliveira,Beneil Dariush,177.8,182.88,155,177.8,187.96,155,33,34,0.0,-5.08,1,KO/TKO,,1.0,0.0
742,Red,Mike Malott,Adam Fugitt,185.42,195.58,170,185.42,185.42,170,31,34,0.0,10.16,3,SUB,,0.0,0.0
743,Red,Dan Ige,Nate Landwehr,175.26,182.88,145,170.18,180.34,145,31,35,5.08,2.54,4,U-DEC,0.0,0.0,0.0
744,Red,Marc-Andre Barriault,Eryk Anders,185.42,190.5,185,185.42,187.96,185,33,36,0.0,2.54,3,U-DEC,,0.0,0.0
746,Red,Aiemann Zahabi,Aoriqileng,170.18,175.26,135,172.72,172.72,135,35,29,-2.54,2.54,-6,KO/TKO,1.0,0.0,1.0
747,Red,Kyle Nelson,Blake Bilder,172.72,172.72,145,180.34,180.34,145,32,32,-7.62,-7.62,0,U-DEC,1.0,1.0,
749,Red,Diana Belbita,Maria Oliveira,167.64,175.26,115,170.18,172.72,115,26,26,-2.54,2.54,0,U-DEC,1.0,0.0,
751,Red,Alex Caceres,Daniel Pineda,170.18,175.26,145,177.8,185.42,145,34,37,-7.62,-10.16,3,U-DEC,1.0,1.0,0.0
752,Red,Jim Miller,Jesse Butler,177.8,185.42,135,172.72,180.34,155,39,31,5.08,5.08,-8,KO/TKO,0.0,0.0,1.0
753,Red,Tim Elliott,Victor Altamirano,172.72,177.8,125,170.18,167.64,125,36,32,2.54,10.16,-4,U-DEC,0.0,0.0,1.0
754,Red,Karine Silva,Ketlen Souza,160.02,160.02,115,165.1,170.18,125,29,28,-5.08,-10.16,-1,SUB,1.0,1.0,1.0
756,Red,Daniel Santos,Johnny Munoz,175.26,180.34,135,170.18,170.18,135,28,30,5.08,10.16,2,U-DEC,0.0,0.0,0.0
758,Red,John Castaneda,Muin Gafurov,170.18,172.72,135,167.64,180.34,135,31,27,2.54,-7.62,-4,U-DEC,0.0,1.0,1.0
760,Red,Elise Reed,Jinh Yu Frey,160.02,165.1,115,160.02,160.02,115,30,38,0.0,5.08,8,U-DEC,,0.0,0.0
761,Red,Da'Mon Blackshear,Luan Lacerda,170.18,180.34,135,177.8,182.88,135,28,30,-7.62,-2.54,2,KO/TKO,1.0,1.0,0.0
762,Red,Philipe Lins,Maxim Grishin,190.5,198.12,205,187.96,198.12,205,37,39,2.54,0.0,2,U-DEC,0.0,,0.0
763,Red,Mackenzie Dern,Angela Hill,160.02,162.56,115,162.56,160.02,115,30,38,-2.54,2.54,8,U-DEC,1.0,0.0,0.0
767,Red,Diego Ferreira,Michael Johnson,177.8,185.42,155,175.26,187.96,155,38,36,2.54,-2.54,-2,KO/TKO,0.0,1.0,1.0
769,Red,Karolina Kowalkiewicz,Vanessa Demopoulos,157.48,149.86,115,160.02,162.56,115,37,34,-2.54,-12.7,-3,U-DEC,1.0,1.0,1.0
772,Red,Chase Hooper,Nick Fiore,177.8,182.88,155,185.42,187.96,155,23,25,-7.62,-5.08,2,U-DEC,1.0,1.0,0.0
773,Red,Natalia Silva,Victoria Leonardo,165.1,162.56,125,162.56,165.1,125,26,33,2.54,-2.54,7,KO/TKO,0.0,1.0,0.0
778,Red,Carlos Ulberg,Ihor Potieria,190.5,190.5,185,193.04,195.58,205,32,26,-2.54,-5.08,-6,KO/TKO,1.0,1.0,1.0
780,Red,Matt Brown,Court McGee,180.34,190.5,170,182.88,190.5,170,42,38,-2.54,0.0,-4,KO/TKO,1.0,,1.0
781,Red,Karl Williams,Chase Sherman,193.04,198.12,250,190.5,200.66,235,33,33,2.54,-2.54,0,U-DEC,0.0,1.0,
784,Red,Bryan Battle,Gabe Green,177.8,185.42,155,185.42,195.58,170,28,30,-7.62,-10.16,2,KO/TKO,1.0,1.0,0.0
786,Red,Aljamain Sterling,Henry Cejudo,162.56,162.56,135,170.18,180.34,145,33,36,-7.62,-17.78,3,S-DEC,1.0,1.0,0.0
787,Red,Belal Muhammad,Gilbert Burns,177.8,180.34,170,180.34,182.88,170,34,36,-2.54,-2.54,2,U-DEC,1.0,1.0,0.0
789,Red,Movsar Evloev,Diego Lopes,180.34,182.88,145,170.18,182.88,145,29,28,10.16,0.0,-1,U-DEC,0.0,,1.0
792,Red,Kennedy Nzechukwu,Devin Clark,182.88,190.5,205,195.58,210.82,205,30,33,-12.7,-20.32,3,SUB,1.0,1.0,0.0
793,Red,Khaos Williams,Rolando Bedoya,180.34,187.96,155,182.88,195.58,170,29,26,-2.54,-7.62,-3,S-DEC,1.0,1.0,1.0
798,Red,Song Yadong,Ricky Simon,167.64,175.26,135,172.72,170.18,135,25,30,-5.08,5.08,5,KO/TKO,1.0,0.0,0.0
799,Red,Caio Borralho,Michal Oleksiejczuk,182.88,187.96,185,185.42,190.5,185,30,28,-2.54,-2.54,-2,SUB,1.0,1.0,1.0
800,Red,Rodolfo Vieira,Cody Brundage,182.88,182.88,185,182.88,185.42,185,33,28,0.0,-2.54,-5,SUB,,1.0,1.0
802,Red,Marcos Rogerio de Lima,Waldo Cortes-Acosta,193.04,198.12,260,185.42,190.5,253,37,31,7.62,7.62,-6,U-DEC,0.0,0.0,1.0
804,Red,Martin Buday,Jake Collier,190.5,198.12,230,193.04,195.58,265,31,34,-2.54,2.54,3,U-DEC,1.0,0.0,0.0
805,Red,Cody Durden,Charles Johnson,175.26,177.8,125,170.18,170.18,125,32,32,5.08,7.62,0,U-DEC,0.0,0.0,
809,Red,Sergei Pavlovich,Curtis Blaydes,193.04,203.2,265,190.5,213.36,257,30,32,2.54,-10.16,2,KO/TKO,0.0,1.0,0.0
811,Red,Iasmin Lucindo,Brogan Walker,162.56,170.18,125,160.02,167.64,115,21,34,2.54,2.54,13,U-DEC,0.0,0.0,0.0
812,Red,Jeremiah Wells,Matthew Semelsberger,185.42,190.5,170,175.26,187.96,170,36,30,10.16,2.54,-6,S-DEC,0.0,0.0,1.0
816,Red,Mohammed Usman,Junior Tafa,190.5,190.5,240,187.96,200.66,239,34,26,2.54,-10.16,-8,U-DEC,0.0,1.0,1.0
818,Red,Brady Hiestand,Batgerel Danaa,170.18,177.8,135,172.72,180.34,135,23,33,-2.54,-2.54,10,KO/TKO,1.0,1.0,0.0
819,Red,Max Holloway,Arnold Allen,172.72,177.8,145,180.34,175.26,145,31,29,-7.62,2.54,-2,U-DEC,1.0,0.0,1.0
820,Red,Edson Barboza,Billy Quarantillo,177.8,177.8,145,180.34,190.5,145,37,34,-2.54,-12.7,-3,KO/TKO,1.0,1.0,1.0
823,Red,Pedro Munhoz,Chris Gutierrez,175.26,170.18,135,167.64,165.1,135,36,31,7.62,5.08,-5,U-DEC,0.0,0.0,1.0
825,Red,Bill Algeo,TJ Brown,175.26,182.88,145,182.88,185.42,145,33,32,-7.62,-2.54,-1,SUB,1.0,1.0,1.0
826,Red,Brandon Royval,Matheus Nicolau,167.64,167.64,125,175.26,172.72,125,30,30,-7.62,-5.08,0,KO/TKO,1.0,1.0,
827,Red,Zak Cummings,Ed Herman,185.42,195.58,205,182.88,190.5,205,38,42,2.54,5.08,4,KO/TKO,0.0,0.0,0.0
828,Red,Gillian Robertson,Piera Rodriguez,160.02,160.02,115,165.1,160.02,115,27,30,-5.08,0.0,3,SUB,1.0,,0.0
832,Red,Joselyne Edwards,Lucie Pudilova,172.72,170.18,125,172.72,177.8,135,27,28,0.0,-7.62,1,S-DEC,,1.0,0.0
834,Red,Gilbert Burns,Jorge Masvidal,180.34,187.96,170,177.8,180.34,170,36,38,2.54,7.62,2,U-DEC,0.0,0.0,0.0
835,Red,Rob Font,Adrian Yanez,170.18,177.8,135,172.72,180.34,135,35,29,-2.54,-2.54,-6,KO/TKO,1.0,1.0,1.0
836,Red,Kevin Holland,Santiago Ponzinibbio,182.88,185.42,170,190.5,205.74,185,30,36,-7.62,-20.32,6,KO/TKO,1.0,1.0,0.0
842,Red,Ignacio Bahamondes,Trey Ogden,180.34,182.88,155,190.5,190.5,155,25,33,-10.16,-7.62,8,U-DEC,1.0,1.0,0.0
846,Red,Holly Holm,Yana Santos,167.64,172.72,135,172.72,175.26,135,41,33,-5.08,-2.54,-8,U-DEC,1.0,1.0,1.0
847,Red,Nate Landwehr,Austin Lingo,177.8,177.8,145,175.26,182.88,145,34,28,2.54,-5.08,-6,SUB,0.0,1.0,1.0
850,Red,Daniel Pineda,Tucker Lutz,172.72,182.88,145,170.18,175.26,145,37,28,2.54,7.62,-9,SUB,0.0,0.0,1.0
852,Red,Trevin Giles,Preston Parsons,180.34,180.34,170,182.88,187.96,170,30,27,-2.54,-7.62,-3,S-DEC,1.0,1.0,1.0
853,Red,CJ Vergara,Daniel Lacerda,167.64,177.8,125,167.64,172.72,125,31,26,0.0,5.08,-5,KO/TKO,,0.0,1.0
854,Red,Victor Altamirano,Vinicius Salvador,170.18,177.8,135,172.72,177.8,125,32,26,-2.54,0.0,-6,U-DEC,1.0,,1.0
855,Red,Leon Edwards,Kamaru Usman,182.88,193.04,170,187.96,187.96,170,31,35,-5.08,5.08,4,M-DEC,1.0,0.0,0.0
856,Red,Justin Gaethje,Rafael Fiziev,172.72,180.34,155,180.34,177.8,155,34,30,-7.62,2.54,-4,M-DEC,1.0,0.0,1.0
857,Red,Gunnar Nelson,Bryan Barberena,182.88,182.88,185,180.34,182.88,170,34,33,2.54,0.0,-1,SUB,0.0,,1.0
858,Red,Jennifer Maia,Casey O'Neill,167.64,175.26,125,162.56,162.56,125,34,25,5.08,12.7,-9,U-DEC,0.0,0.0,1.0
859,Red,Marvin Vettori,Roman Dolidze,187.96,193.04,185,182.88,187.96,185,29,34,5.08,5.08,5,U-DEC,0.0,0.0,0.0
860,Red,Jack Shore,Makwan Amirkhani,177.8,182.88,145,172.72,180.34,145,28,34,5.08,2.54,6,SUB,0.0,0.0,0.0
861,Red,Chris Duncan,Omar Morales,180.34,185.42,155,177.8,180.34,155,29,37,2.54,5.08,8,S-DEC,0.0,0.0,0.0
863,Red,Muhammad Mokaev,Jafel Filho,170.18,172.72,125,170.18,177.8,125,22,29,0.0,-5.08,7,SUB,,1.0,0.0
864,Red,Lerone Murphy,Gabriel Santos,175.26,177.8,145,175.26,185.42,145,31,26,0.0,-7.62,-5,S-DEC,,1.0,1.0
865,Red,Christian Leroy Duncan,Dusko Todorovic,185.42,187.96,185,187.96,200.66,185,27,28,-2.54,-12.7,1,KO/TKO,1.0,1.0,0.0
866,Red,Jake Hadley,Malcolm Gordon,170.18,180.34,125,170.18,177.8,125,26,32,0.0,2.54,6,KO/TKO,,0.0,0.0
867,Red,Joanne Wood,Luana Carolina,167.64,175.26,125,167.64,165.1,125,37,29,0.0,10.16,-8,S-DEC,,0.0,1.0
870,Red,Alexander Volkov,Alexandr Romanov,187.96,190.5,262,200.66,203.2,250,34,32,-12.7,-12.7,-2,KO/TKO,1.0,1.0,1.0
871,Red,Nikita Krylov,Ryan Spann,195.58,200.66,205,190.5,195.58,205,31,31,5.08,5.08,0,SUB,0.0,0.0,
873,Red,Mario Bautista,Guido Cannetti,167.64,172.72,135,175.26,175.26,135,29,43,-7.62,-2.54,14,SUB,1.0,1.0,0.0
874,Red,Vitor Petrino,Anton Turkalj,193.04,198.12,205,187.96,195.58,205,25,26,5.08,2.54,1,U-DEC,0.0,0.0,0.0
875,Red,Karl Williams,Lukasz Brzeski,193.04,198.12,236,190.5,200.66,235,33,30,2.54,-2.54,-3,U-DEC,0.0,1.0,1.0
878,Red,Victor Henry,Tony Gravely,165.1,175.26,135,170.18,172.72,135,35,31,-5.08,2.54,-4,S-DEC,1.0,0.0,1.0
879,Red,Ariane da Silva,JJ Aldrich,165.1,170.18,125,167.64,170.18,125,29,30,-2.54,0.0,1,U-DEC,1.0,,0.0
881,Red,Carlston Harris,Jared Gooden,182.88,195.58,170,182.88,193.04,170,35,29,0.0,2.54,-6,U-DEC,,0.0,1.0
882,Red,Jon Jones,Ciryl Gane,193.04,205.74,245,193.04,213.36,248,35,32,0.0,-7.62,-3,SUB,,1.0,1.0
885,Red,Mateusz Gamrot,Jalin Turner,190.5,195.58,155,177.8,177.8,155,32,27,12.7,17.78,-5,S-DEC,0.0,0.0,1.0
886,Red,Bo Nickal,Jamie Pickett,187.96,203.2,185,185.42,193.04,185,27,34,2.54,10.16,7,SUB,0.0,0.0,0.0
887,Red,Cody Garbrandt,Trevin Jones,170.18,177.8,135,172.72,165.1,135,31,32,-2.54,12.7,1,U-DEC,1.0,0.0,0.0
891,Red,Ian Machado Garry,Song Kenan,182.88,180.34,170,190.5,187.96,170,25,32,-7.62,-7.62,7,KO/TKO,1.0,1.0,0.0
897,Red,Augusto Sakai,Don'Tale Mayes,198.12,205.74,260,190.5,195.58,265,31,31,7.62,10.16,0,U-DEC,0.0,0.0,
898,Red,Tatiana Suarez,Montana De La Rosa,170.18,172.72,125,165.1,167.64,115,32,28,5.08,5.08,-4,SUB,0.0,0.0,1.0
899,Red,Mike Malott,Yohan Lainesse,185.42,193.04,170,185.42,185.42,170,31,30,0.0,7.62,-1,SUB,,0.0,1.0
901,Red,Jasmine Jasudavicius,Gabriella Fernandes,167.64,167.64,125,170.18,172.72,125,33,29,-2.54,-5.08,-4,U-DEC,1.0,1.0,1.0
902,Red,Jordan Leavitt,Victor Martinez,172.72,177.8,155,175.26,180.34,155,27,31,-2.54,-2.54,4,KO/TKO,1.0,1.0,0.0
903,Red,Ode Osbourne,Charles Johnson,175.26,177.8,125,170.18,185.42,125,31,32,5.08,-7.62,1,S-DEC,0.0,1.0,0.0
904,Red,Joe Solecki,Carl Deaton,170.18,175.26,155,175.26,177.8,155,29,33,-5.08,-2.54,4,SUB,1.0,1.0,0.0
911,Red,Nazim Sadykhov,Evan Elder,177.8,182.88,155,177.8,175.26,155,28,25,0.0,7.62,-3,KO/TKO,,0.0,1.0
913,Red,Jamall Emmers,Khusein Askhabov,172.72,175.26,145,177.8,187.96,145,33,28,-5.08,-12.7,-5,U-DEC,1.0,1.0,1.0
915,Red,AJ Fletcher,Themba Gorimbo,185.42,195.58,170,177.8,170.18,170,26,32,7.62,25.4,6,SUB,0.0,0.0,0.0
916,Red,Clayton Carpenter,Juancamilo Ronderos,160.02,162.56,125,167.64,167.64,125,26,28,-7.62,-5.08,2,SUB,1.0,1.0,0.0
917,Red,Islam Makhachev,Alexander Volkanovski,167.64,180.34,145,177.8,177.8,155,31,34,-10.16,2.54,3,U-DEC,1.0,0.0,0.0
918,Red,Yair Rodriguez,Josh Emmett,167.64,177.8,145,180.34,180.34,145,30,37,-12.7,-2.54,7,SUB,1.0,1.0,0.0
919,Red,Jack Della Maddalena,Randy Brown,190.5,198.12,170,180.34,185.42,170,26,32,10.16,12.7,6,SUB,0.0,0.0,0.0
920,Red,Justin Tafa,Parker Porter,182.88,190.5,265,182.88,187.96,264,29,37,0.0,2.54,8,KO/TKO,,0.0,0.0
922,Red,Josh Culibao,Melsik Baghdasaryan,175.26,177.8,145,177.8,185.42,145,28,31,-2.54,-7.62,3,SUB,1.0,1.0,0.0
924,Red,Jamie Mullarkey,Francisco Prado,177.8,175.26,155,182.88,187.96,155,28,20,-5.08,-12.7,-8,U-DEC,1.0,1.0,1.0
925,Red,Jack Jenkins,Don Shainis,167.64,170.18,145,170.18,172.72,145,29,32,-2.54,-2.54,3,U-DEC,1.0,1.0,0.0
926,Red,Loma Lookboonmee,Elise Reed,160.02,160.02,115,154.94,154.94,115,27,30,5.08,5.08,3,SUB,0.0,0.0,0.0
931,Red,Marcin Tybura,Blagoy Ivanov,180.34,185.42,250,190.5,198.12,249,37,36,-10.16,-12.7,-1,U-DEC,1.0,1.0,1.0
934,Red,JeongYeong Lee,Yizha,170.18,180.34,145,177.8,185.42,145,27,26,-7.62,-5.08,-1,S-DEC,1.0,1.0,1.0
937,Red,JunYong Park,Denis Tiuliulin,185.42,195.58,185,177.8,185.42,185,31,34,7.62,10.16,3,SUB,0.0,0.0,0.0
938,Red,Tatsuro Taira,Jesus Aguilar,162.56,157.48,125,170.18,177.8,125,23,26,-7.62,-20.32,3,SUB,1.0,1.0,0.0
941,Red,Gilbert Burns,Neil Magny,190.5,203.2,170,177.8,180.34,170,36,35,12.7,22.86,-1,SUB,0.0,0.0,1.0
946,Red,Thiago Moises,Melquizael Costa,177.8,180.34,145,175.26,177.8,155,27,26,2.54,2.54,-1,SUB,0.0,0.0,1.0
947,Red,Gabriel Bonfim,Mounir Lazzez,185.42,193.04,170,185.42,182.88,170,25,35,0.0,10.16,10,SUB,,0.0,0.0
950,Red,Ismael Bonfim,Terrance McKinney,177.8,185.42,155,172.72,180.34,155,27,28,5.08,5.08,1,KO/TKO,0.0,0.0,0.0
952,Red,Josiane Nunes,Zarah Fairn,172.72,182.88,135,157.48,170.18,135,29,39,15.24,12.7,10,U-DEC,0.0,0.0,0.0
954,Red,Sean Strickland,Nassourdine Imavov,190.5,190.5,185,185.42,193.04,185,31,27,5.08,-2.54,-4,U-DEC,0.0,1.0,1.0
955,Red,Dan Ige,Damon Jackson,180.34,180.34,145,170.18,180.34,145,31,34,10.16,0.0,3,KO/TKO,0.0,,0.0
958,Red,Umar Nurmagomedov,Raoni Barcelos,170.18,170.18,135,172.72,175.26,135,27,35,-2.54,-5.08,8,KO/TKO,1.0,1.0,0.0
959,Red,Javid Basharat,Mateus Mendonca,167.64,180.34,125,175.26,175.26,135,27,23,-7.62,5.08,-4,U-DEC,1.0,0.0,1.0
961,Red,Mateusz Rebecki,Nick Fiore,177.8,182.88,155,170.18,167.64,155,30,25,7.62,15.24,-5,U-DEC,0.0,0.0,1.0
962,Red,Allan Nascimento,Carlos Hernandez,172.72,170.18,125,172.72,175.26,125,31,29,0.0,-5.08,-2,SUB,,1.0,1.0
963,Red,Dan Argueta,Nick Aguirre,175.26,187.96,135,170.18,172.72,135,29,26,5.08,15.24,-3,U-DEC,0.0,0.0,1.0
964,Red,Charles Johnson,Jimmy Flick,170.18,172.72,125,175.26,177.8,125,32,32,-5.08,-5.08,0,KO/TKO,1.0,1.0,
965,Red,Jared Cannonier,Sean Strickland,185.42,193.04,185,180.34,195.58,185,38,31,5.08,-2.54,-7,S-DEC,0.0,1.0,1.0
966,Red,Arman Tsarukyan,Damir Ismagulov,177.8,187.96,155,170.18,182.88,155,26,31,7.62,5.08,5,U-DEC,0.0,0.0,0.0
967,Red,Amir Albazi,Alessandro Costa,162.56,170.18,125,165.1,172.72,125,29,26,-2.54,-2.54,-3,KO/TKO,1.0,1.0,1.0
968,Red,Alex Caceres,Julian Erosa,185.42,187.96,145,177.8,185.42,145,34,33,7.62,2.54,-1,KO/TKO,0.0,0.0,1.0
969,Red,Drew Dober,Bobby Green,177.8,180.34,155,172.72,177.8,155,34,36,5.08,2.54,2,KO/TKO,0.0,0.0,0.0
973,Red,Said Nurmagomedov,Saidyokub Kakhramonov,172.72,175.26,135,172.72,177.8,135,30,27,0.0,-2.54,-3,SUB,,1.0,1.0
974,Red,Rafa Garcia,Maheshate,182.88,180.34,155,170.18,177.8,155,28,23,12.7,2.54,-5,U-DEC,0.0,0.0,1.0
977,Red,Sergey Morozov,Journey Newson,165.1,170.18,135,167.64,170.18,135,33,33,-2.54,0.0,0,U-DEC,1.0,,
978,Red,Paddy Pimblett,Jared Gordon,175.26,172.72,155,177.8,185.42,155,27,34,-2.54,-12.7,7,U-DEC,1.0,1.0,0.0
979,Red,Santiago Ponzinibbio,Alex Morono,180.34,182.88,170,182.88,185.42,170,36,32,-2.54,-2.54,-4,KO/TKO,1.0,1.0,1.0
982,Red,Raul Rosas Jr.,Jay Perrin,170.18,170.18,135,175.26,170.18,135,18,29,-5.08,0.0,11,SUB,1.0,,0.0
983,Red,Jairzinho Rozenstruik,Chris Daukaus,190.5,193.04,205,187.96,198.12,242,34,33,2.54,-5.08,-1,KO/TKO,0.0,1.0,1.0
984,Red,Edmen Shahbazyan,Dalcha Lungiambula,172.72,193.04,185,190.5,190.5,185,25,35,-17.78,2.54,10,KO/TKO,1.0,0.0,0.0
985,Red,Chris Curtis,Joaquin Buckley,177.8,193.04,170,177.8,190.5,185,35,28,0.0,2.54,-7,KO/TKO,,0.0,1.0
986,Red,Billy Quarantillo,Alexander Hernandez,175.26,182.88,145,177.8,177.8,145,34,30,-2.54,5.08,-4,KO/TKO,1.0,0.0,1.0
987,Red,TJ Brown,Erik Silva,175.26,180.34,145,175.26,182.88,145,32,35,0.0,-2.54,3,SUB,,1.0,0.0
988,Red,Cameron Saaiman,Steven Koslow,170.18,175.26,125,172.72,170.18,135,21,25,-2.54,5.08,4,KO/TKO,1.0,0.0,0.0
989,Red,Stephen Thompson,Kevin Holland,190.5,205.74,185,182.88,190.5,170,39,30,7.62,15.24,-9,KO/TKO,0.0,0.0,1.0
991,Red,Matheus Nicolau,Matt Schnell,172.72,177.8,125,167.64,167.64,125,29,32,5.08,10.16,3,KO/TKO,0.0,0.0,0.0
994,Red,Eryk Anders,Kyle Daukaus,190.5,193.04,185,185.42,190.5,185,35,29,5.08,2.54,-6,KO/TKO,0.0,0.0,1.0
996,Red,Angela Hill,Emily Ducote,157.48,160.02,115,160.02,162.56,115,37,28,-2.54,-2.54,-9,U-DEC,1.0,1.0,1.0
997,Red,Clay Guida,Scott Holtzman,175.26,175.26,155,170.18,177.8,155,40,39,5.08,-2.54,-1,S-DEC,0.0,1.0,1.0
998,Red,Michael Johnson,Marc Diakiese,177.8,185.42,155,177.8,185.42,155,36,29,0.0,0.0,-7,U-DEC,,,1.0
1000,Red,Natan Levy,Genaro Valdez,175.26,182.88,155,175.26,180.34,155,31,30,0.0,2.54,-1,U-DEC,,0.0,1.0
1002,Red,Yazmin Jauregui,Istela Nunes,162.56,167.64,115,160.02,162.56,115,23,30,2.54,5.08,7,KO/TKO,0.0,0.0,0.0
1003,Red,Kennedy Nzechukwu,Ion Cutelaba,185.42,190.5,205,195.58,210.82,205,30,28,-10.16,-20.32,-2,KO/TKO,1.0,1.0,1.0
1006,Red,Jack Della Maddalena,Danny Roberts,185.42,187.96,170,180.34,185.42,170,26,35,5.08,2.54,9,KO/TKO,0.0,0.0,0.0
1007,Red,Charles Johnson,Zhalgas Zhumagulov,162.56,167.64,125,175.26,177.8,125,31,34,-12.7,-10.16,3,S-DEC,1.0,1.0,0.0
1008,Red,Jennifer Maia,Maryna Moroz,170.18,170.18,125,162.56,162.56,125,34,31,7.62,7.62,-3,U-DEC,0.0,0.0,1.0
1010,Red,Ricky Turcios,Kevin Natividad,167.64,177.8,135,175.26,180.34,135,29,29,-7.62,-2.54,0,S-DEC,1.0,1.0,
1011,Red,Vanessa Demopoulos,Maria Oliveira,167.64,175.26,115,157.48,149.86,115,34,25,10.16,25.4,-9,U-DEC,0.0,0.0,1.0
1012,Red,Brady Hiestand,Fernie Garcia,170.18,170.18,135,172.72,180.34,135,23,30,-2.54,-10.16,7,U-DEC,1.0,1.0,0.0
1013,Red,Natalia Silva,Tereza Bleda,175.26,180.34,125,162.56,165.1,125,25,20,12.7,15.24,-5,KO/TKO,0.0,0.0,1.0
1016,Red,Dustin Poirier,Michael Chandler,172.72,180.34,155,175.26,182.88,155,33,36,-2.54,-2.54,3,SUB,1.0,1.0,0.0
1018,Red,Dan Hooker,Claudio Puelles,177.8,182.88,155,182.88,190.5,155,32,26,-5.08,-7.62,-6,KO/TKO,1.0,1.0,1.0
1021,Red,Erin Blanchfield,Molly McCann,162.56,157.48,115,162.56,167.64,125,23,32,0.0,-10.16,9,SUB,,1.0,0.0
1022,Red,Andre Petroski,Wellington Turman,182.88,182.88,170,182.88,185.42,185,31,26,0.0,-2.54,-5,U-DEC,,1.0,1.0
1023,Red,Matt Frevola,Ottman Azaitar,172.72,180.34,155,175.26,180.34,155,32,32,-2.54,0.0,0,KO/TKO,1.0,,
1024,Red,Karolina Kowalkiewicz,Silvana Gomez Juarez,160.02,165.1,115,160.02,162.56,115,37,37,0.0,2.54,0,U-DEC,,0.0,
1025,Red,Michael Trizano,SeungWoo Choi,182.88,187.96,145,180.34,180.34,145,30,30,2.54,7.62,0,KO/TKO,0.0,0.0,
1027,Red,Carlos Ulberg,Nicolae Negumereanu,182.88,198.12,205,193.04,195.58,205,32,28,-10.16,2.54,-4,KO/TKO,1.0,0.0,1.0
1029,Red,Neil Magny,Daniel Rodriguez,185.42,187.96,170,190.5,203.2,170,35,35,-5.08,-15.24,0,SUB,1.0,1.0,
1031,Red,Tagir Ulanbekov,Nate Maness,177.8,182.88,125,170.18,177.8,125,31,31,7.62,5.08,0,SUB,0.0,0.0,
1032,Red,Grant Dawson,Mark Madsen,172.72,182.88,155,177.8,182.88,155,28,38,-5.08,0.0,10,SUB,1.0,,0.0
1033,Red,Miranda Maverick,Shanna Young,170.18,165.1,125,160.02,165.1,125,25,31,10.16,0.0,6,U-DEC,0.0,,0.0
1034,Red,Mario Bautista,Benito Lopez,177.8,185.42,135,175.26,175.26,135,29,28,2.54,10.16,-1,SUB,0.0,0.0,1.0
1035,Red,Polyana Viana,Jinh Yu Frey,160.02,165.1,115,165.1,170.18,115,30,37,-5.08,-5.08,7,KO/TKO,1.0,1.0,0.0
1038,Red,Tamires Vidal,Ramona Pascual,170.18,167.64,135,167.64,172.72,135,24,34,2.54,-5.08,10,KO/TKO,0.0,1.0,0.0
1041,Red,Waldo Cortes-Acosta,Jared Vanderaa,193.04,203.2,265,193.04,198.12,260,31,30,0.0,5.08,-1,U-DEC,,0.0,1.0
1048,Red,Cody Durden,Carlos Mota,162.56,175.26,125,170.18,170.18,125,31,27,-7.62,5.08,-4,U-DEC,1.0,0.0,1.0
1049,Red,Christian Rodriguez,Joshua Weems,172.72,175.26,135,170.18,180.34,145,24,28,2.54,-5.08,4,SUB,0.0,1.0,0.0
1051,Red,Aljamain Sterling,TJ Dillashaw,167.64,170.18,135,170.18,180.34,145,33,36,-2.54,-10.16,3,KO/TKO,1.0,1.0,0.0
1053,Red,Beneil Dariush,Mateusz Gamrot,177.8,177.8,155,177.8,182.88,155,33,31,0.0,-5.08,-2,U-DEC,,1.0,1.0
1055,Red,Belal Muhammad,Sean Brady,177.8,182.88,170,180.34,182.88,170,34,29,-2.54,0.0,-5,KO/TKO,1.0,,1.0
1058,Red,Abubakar Nurmagomedov,Gadzhi Omargadzhiev,185.42,180.34,170,180.34,182.88,170,32,29,5.08,-2.54,-3,U-DEC,0.0,1.0,1.0
1059,Red,Armen Petrosyan,AJ Dobson,185.42,193.04,185,190.5,180.34,185,31,30,-5.08,12.7,-1,U-DEC,1.0,0.0,1.0
1060,Red,Muhammad Mokaev,Malcolm Gordon,170.18,180.34,125,170.18,177.8,125,22,32,0.0,2.54,10,SUB,,0.0,0.0
1061,Red,Karol Rosa,Lina Lansberg,170.18,165.1,135,165.1,170.18,135,27,40,5.08,-5.08,13,M-DEC,0.0,1.0,0.0
1062,Red,Alexa Grasso,Viviane Araujo,162.56,172.72,125,165.1,167.64,125,29,35,-2.54,5.08,6,U-DEC,1.0,0.0,0.0
1065,Red,Raphael Assuncao,Victor Henry,170.18,172.72,135,165.1,167.64,135,40,35,5.08,5.08,-5,U-DEC,0.0,0.0,1.0
1067,Red,Mana Martinez,Brandon Davis,177.8,182.88,135,177.8,177.8,135,26,32,0.0,5.08,6,S-DEC,,0.0,0.0
1069,Red,Joanderson Brito,Lucas Alexander,180.34,185.42,145,172.72,182.88,145,27,27,7.62,2.54,0,SUB,0.0,0.0,
1070,Red,Piera Rodriguez,Sam Hughes,165.1,162.56,115,160.02,160.02,115,29,30,5.08,2.54,1,U-DEC,0.0,0.0,0.0
1071,Red,Tatsuro Taira,CJ Vergara,167.64,172.72,125,170.18,177.8,125,22,31,-2.54,-5.08,9,SUB,1.0,1.0,0.0
1074,Red,Randy Brown,Francisco Trinaldo,175.26,177.8,170,190.5,198.12,170,32,44,-15.24,-20.32,12,U-DEC,1.0,1.0,0.0
1075,Red,Raoni Barcelos,Trevin Jones,170.18,177.8,135,170.18,170.18,135,35,32,0.0,7.62,-3,U-DEC,,0.0,1.0
1076,Red,Sodiq Yusuff,Don Shainis,167.64,170.18,145,175.26,180.34,145,29,32,-7.62,-10.16,3,SUB,1.0,1.0,0.0
1077,Red,Mike Davis,Viacheslav Borshchev,180.34,175.26,155,182.88,182.88,155,29,30,-2.54,-7.62,1,U-DEC,1.0,1.0,0.0
1079,Red,Ilir Latifi,Aleksei Oleinik,187.96,203.2,240,177.8,185.42,230,40,45,10.16,17.78,5,U-DEC,0.0,0.0,0.0
1080,Red,Joaquim Silva,Jesse Ronson,177.8,177.8,155,172.72,175.26,155,33,36,5.08,2.54,3,KO/TKO,0.0,0.0,0.0
1083,Red,Guido Cannetti,Randy Costa,175.26,185.42,135,167.64,172.72,135,42,28,7.62,12.7,-14,SUB,0.0,0.0,1.0
1084,Red,Cory Sandhagen,Song Yadong,172.72,170.18,135,180.34,177.8,135,30,24,-7.62,-7.62,-6,KO/TKO,1.0,1.0,1.0
1086,Red,Andre Fili,Bill Algeo,182.88,185.42,145,180.34,187.96,145,32,33,2.54,-2.54,1,S-DEC,0.0,1.0,0.0
1087,Red,Joe Pyfer,Alen Amedovski,177.8,187.96,185,187.96,190.5,185,26,34,-10.16,-2.54,8,KO/TKO,1.0,1.0,0.0
1089,Red,Anthony Hernandez,Marc-Andre Barriault,185.42,187.96,185,182.88,190.5,185,28,32,2.54,-2.54,4,SUB,0.0,1.0,0.0
1090,Red,Damon Jackson,Pat Sabatini,172.72,177.8,145,180.34,180.34,145,34,31,-7.62,-2.54,-3,KO/TKO,1.0,1.0,1.0
1091,Red,Trevin Giles,Louis Cosce,175.26,180.34,170,182.88,187.96,170,30,27,-7.62,-7.62,-3,U-DEC,1.0,1.0,1.0
1093,Red,Trey Ogden,Daniel Zellhuber,185.42,195.58,155,180.34,182.88,155,32,23,5.08,12.7,-9,U-DEC,0.0,0.0,1.0
1096,Red,Nikolas Motta,Cameron VanCamp,187.96,187.96,155,175.26,177.8,155,29,29,12.7,10.16,0,KO/TKO,0.0,0.0,
1097,Red,Nate Diaz,Tony Ferguson,180.34,193.04,170,182.88,193.04,170,37,38,-2.54,0.0,1,SUB,1.0,,0.0
1098,Red,Khamzat Chimaev,Kevin Holland,190.5,205.74,185,187.96,190.5,185,28,29,2.54,15.24,1,SUB,0.0,0.0,0.0
1100,Red,Irene Aldana,Macy Chiasson,180.34,182.88,135,175.26,172.72,135,34,31,5.08,10.16,-3,KO/TKO,0.0,0.0,1.0
1101,Red,Johnny Walker,Ion Cutelaba,185.42,190.5,205,198.12,208.28,205,30,28,-12.7,-17.78,-2,SUB,1.0,1.0,1.0
1103,Red,Jailton Almeida,Anton Turkalj,193.04,198.12,205,190.5,200.66,205,31,26,2.54,-2.54,-5,SUB,0.0,1.0,1.0
1104,Red,Denis Tiuliulin,Jamie Pickett,187.96,203.2,185,185.42,195.58,185,34,34,2.54,7.62,0,KO/TKO,0.0,0.0,
1106,Red,Norma Dumont,Danyelle Wolf,180.34,177.8,145,170.18,170.18,135,31,39,10.16,7.62,8,U-DEC,0.0,0.0,0.0
1110,Red,Ciryl Gane,Tai Tuivasa,187.96,190.5,264,193.04,205.74,245,32,29,-5.08,-15.24,-3,KO/TKO,1.0,1.0,1.0
1111,Red,Robert Whittaker,Marvin Vettori,182.88,187.96,185,182.88,185.42,185,31,28,0.0,2.54,-3,U-DEC,,0.0,1.0
1112,Red,Nassourdine Imavov,Joaquin Buckley,177.8,193.04,170,190.5,190.5,185,27,28,-12.7,2.54,1,U-DEC,1.0,0.0,0.0
1114,Red,William Gomis,Jarno Errens,180.34,185.42,145,182.88,185.42,145,25,27,-2.54,0.0,2,U-DEC,1.0,,0.0
1116,Red,Abus Magomedov,Dustin Stoltzfus,182.88,190.5,185,187.96,198.12,185,32,30,-5.08,-7.62,-2,KO/TKO,1.0,1.0,1.0
1118,Red,Fares Ziam,Michal Figlak,177.8,177.8,155,185.42,190.5,155,25,26,-7.62,-12.7,1,U-DEC,1.0,1.0,0.0
1119,Red,Benoit Saint Denis,Gabriel Miranda,180.34,180.34,145,180.34,185.42,155,26,32,0.0,-5.08,6,KO/TKO,,1.0,0.0
1121,Red,Stephanie Egger,Ailin Perez,165.1,167.64,135,167.64,172.72,135,34,27,-2.54,-5.08,-7,SUB,1.0,1.0,1.0
1123,Red,Paulo Costa,Luke Rockhold,190.5,195.58,185,185.42,182.88,185,31,37,5.08,12.7,6,U-DEC,0.0,0.0,0.0
1126,Red,Tyson Pedro,Harry Hunsucker,187.96,190.5,205,190.5,200.66,205,30,33,-2.54,-10.16,3,KO/TKO,1.0,1.0,0.0
1127,Red,Marcin Tybura,Alexandr Romanov,187.96,190.5,262,190.5,198.12,249,36,31,-2.54,-7.62,-5,M-DEC,1.0,1.0,1.0
1130,Red,Amir Albazi,Francisco Figueiredo,167.64,172.72,125,165.1,172.72,125,28,32,2.54,0.0,4,SUB,0.0,,0.0
1131,Red,Aoriqileng,Jay Perrin,170.18,170.18,135,170.18,175.26,135,29,29,0.0,-5.08,0,U-DEC,,1.0,
1133,Red,Marlon Vera,Dominick Cruz,172.72,172.72,135,172.72,177.8,135,29,37,0.0,-5.08,8,KO/TKO,,1.0,0.0
1134,Red,Nate Landwehr,David Onama,180.34,187.96,145,175.26,182.88,145,34,28,5.08,5.08,-6,M-DEC,0.0,0.0,1.0
1135,Red,Yazmin Jauregui,Iasmin Lucindo,160.02,167.64,115,160.02,162.56,115,23,20,0.0,5.08,-3,U-DEC,,0.0,1.0
1137,Red,Priscila Cachoeira,Ariane Lipski,167.64,170.18,125,170.18,165.1,125,33,28,-2.54,5.08,-5,KO/TKO,1.0,0.0,1.0
1139,Red,Angela Hill,Loopy Godinez,157.48,154.94,115,160.02,162.56,115,37,28,-2.54,-7.62,-9,U-DEC,1.0,1.0,1.0
1140,Red,Martin Buday,Lukasz Brzeski,193.04,198.12,236,193.04,195.58,265,30,30,0.0,2.54,0,S-DEC,,0.0,
1142,Red,Gabriel Benitez,Charlie Ontiveros,187.96,187.96,155,172.72,180.34,155,34,31,15.24,7.62,-3,KO/TKO,0.0,0.0,1.0
1147,Red,Mohammed Usman,Zac Pauga,187.96,193.04,205,187.96,200.66,239,33,34,0.0,-7.62,1,KO/TKO,,1.0,0.0
1150,Red,Terrance McKinney,Erick Gonzalez,180.34,190.5,155,177.8,185.42,155,27,30,2.54,5.08,3,SUB,0.0,0.0,0.0
1152,Red,Bryan Battle,Takashi Sato,177.8,185.42,170,185.42,195.58,170,27,32,-7.62,-10.16,5,KO/TKO,1.0,1.0,0.0
1153,Red,Cory McKenna,Miranda Granger,170.18,172.72,115,160.02,147.32,115,23,30,10.16,25.4,7,SUB,0.0,0.0,0.0
1154,Red,Mayra Bueno Silva,Stephanie Egger,167.64,172.72,135,167.64,167.64,135,30,33,0.0,5.08,3,SUB,,0.0,0.0
1156,Red,Brandon Moreno,Kai Kara-France,162.56,175.26,125,170.18,177.8,125,28,29,-7.62,-2.54,1,KO/TKO,1.0,1.0,0.0
1158,Red,Alexandre Pantoja,Alex Perez,167.64,165.1,125,165.1,170.18,125,32,30,2.54,-5.08,-2,SUB,0.0,1.0,1.0
1159,Red,Magomed Ankalaev,Anthony Smith,193.04,193.04,205,190.5,190.5,205,30,34,2.54,2.54,4,KO/TKO,0.0,0.0,0.0
1160,Red,Alex Morono,Matthew Semelsberger,185.42,190.5,170,180.34,182.88,170,31,29,5.08,7.62,-2,U-DEC,0.0,0.0,1.0
1161,Red,Drew Dober,Rafael Alves,172.72,172.72,155,172.72,177.8,155,33,31,0.0,-5.08,-2,KO/TKO,,1.0,1.0
1162,Red,Drakkar Klose,Rafa Garcia,170.18,177.8,155,175.26,177.8,155,34,27,-5.08,0.0,-7,U-DEC,1.0,,1.0
1163,Red,Michael Morales,Adam Fugitt,185.42,195.58,170,182.88,200.66,170,23,33,2.54,-5.08,10,KO/TKO,0.0,1.0,0.0
1164,Red,Joselyne Edwards,Ji Yeon Kim,170.18,182.88,125,172.72,177.8,135,26,32,-2.54,5.08,6,S-DEC,1.0,0.0,0.0
1165,Red,Nicolae Negumereanu,Ihor Potieria,190.5,190.5,185,182.88,198.12,205,27,26,7.62,-7.62,-1,KO/TKO,0.0,1.0,1.0
1166,Red,Orion Cosce,Blood Diamond,180.34,193.04,170,180.34,180.34,170,28,34,0.0,12.7,6,U-DEC,,0.0,0.0
1167,Red,Curtis Blaydes,Tom Aspinall,195.58,198.12,256,193.04,203.2,265,31,29,2.54,-5.08,-2,KO/TKO,0.0,1.0,1.0
1168,Red,Jack Hermansson,Chris Curtis,177.8,190.5,185,185.42,195.58,185,34,35,-7.62,-5.08,1,U-DEC,1.0,1.0,0.0
1169,Red,Paddy Pimblett,Jordan Leavitt,175.26,180.34,155,177.8,185.42,155,27,27,-2.54,-5.08,0,SUB,1.0,1.0,
1170,Red,Nikita Krylov,Alexander Gustafsson,195.58,200.66,205,190.5,195.58,205,30,35,5.08,5.08,5,KO/TKO,0.0,0.0,0.0
1171,Red,Molly McCann,Hannah Goldy,162.56,154.94,115,162.56,157.48,115,32,30,0.0,-2.54,-2,KO/TKO,,1.0,1.0
1174,Red,Marc Diakiese,Damir Hadzovic,175.26,177.8,155,177.8,185.42,155,29,35,-2.54,-7.62,6,U-DEC,1.0,1.0,0.0
1175,Red,Nathaniel Wood,Charles Rosa,175.26,175.26,145,167.64,175.26,145,29,35,7.62,0.0,6,U-DEC,0.0,,0.0
1177,Red,Muhammad Mokaev,Charles Johnson,175.26,177.8,125,170.18,177.8,125,21,31,5.08,0.0,10,U-DEC,0.0,,0.0
1178,Red,Jai Herbert,Kyle Nelson,180.34,180.34,145,185.42,195.58,155,34,31,-5.08,-15.24,-3,U-DEC,1.0,1.0,1.0
1183,Red,Li Jingliang,Muslim Salikhov,180.34,177.8,170,182.88,180.34,170,34,38,-2.54,-2.54,4,KO/TKO,1.0,1.0,0.0
1184,Red,Matt Schnell,Sumudaerji,172.72,182.88,125,172.72,177.8,125,32,26,0.0,5.08,-6,SUB,,0.0,1.0
1185,Red,Shane Burgos,Charles Jourdain,175.26,175.26,145,180.34,190.5,145,31,26,-5.08,-15.24,-5,M-DEC,1.0,1.0,1.0
1186,Red,Lauren Murphy,Miesha Tate,167.64,165.1,135,165.1,170.18,125,38,35,2.54,-5.08,-3,U-DEC,0.0,1.0,1.0
1187,Red,Punahele Soriano,Dalcha Lungiambula,172.72,193.04,185,180.34,182.88,170,29,34,-7.62,10.16,5,KO/TKO,1.0,0.0,0.0
1188,Red,Ricky Simon,Jack Shore,172.72,180.34,145,167.64,175.26,135,29,27,5.08,5.08,-2,SUB,0.0,0.0,1.0
1189,Red,Bill Algeo,Herbert Burns,175.26,185.42,145,182.88,185.42,145,33,34,-7.62,0.0,1,KO/TKO,1.0,,0.0
1190,Red,Dustin Jacoby,Da Woon Jung,193.04,198.12,205,190.5,193.04,205,34,28,2.54,5.08,-6,KO/TKO,0.0,0.0,1.0
1194,Red,Caio Borralho,Armen Petrosyan,190.5,180.34,185,185.42,190.5,185,29,31,5.08,-10.16,2,U-DEC,0.0,1.0,0.0
1197,Red,Aiemann Zahabi,Ricky Turcios,175.26,180.34,135,172.72,172.72,135,34,29,2.54,7.62,-5,U-DEC,0.0,0.0,1.0
1199,Red,Cody Brundage,Tresean Gore,182.88,190.5,185,182.88,182.88,185,28,28,0.0,7.62,0,KO/TKO,,0.0,
1200,Red,Antonina Shevchenko,Cortney Casey,170.18,170.18,125,172.72,170.18,125,37,35,-2.54,0.0,-2,S-DEC,1.0,,1.0
1201,Red,David Onama,Garrett Armfield,167.64,177.8,135,180.34,187.96,145,28,25,-12.7,-10.16,-3,SUB,1.0,1.0,1.0
1202,Red,Kennedy Nzechukwu,Karl Roberson,185.42,187.96,205,195.58,210.82,205,30,31,-10.16,-22.86,1,KO/TKO,1.0,1.0,0.0
1204,Red,Israel Adesanya,Jared Cannonier,180.34,195.58,185,193.04,203.2,185,32,38,-12.7,-7.62,6,U-DEC,1.0,1.0,0.0
1205,Red,Alexander Volkanovski,Max Holloway,180.34,175.26,145,167.64,180.34,145,33,30,12.7,-5.08,-3,U-DEC,0.0,1.0,1.0
1209,Red,Jim Miller,Donald Cerrone,185.42,185.42,155,172.72,180.34,155,38,39,12.7,5.08,1,SUB,0.0,0.0,0.0
1210,Red,Ian Garry,Gabe Green,177.8,185.42,155,190.5,187.96,170,24,29,-12.7,-2.54,5,U-DEC,1.0,1.0,0.0
1217,Red,Josh Parisian,Alan Baudot,190.5,200.66,243,193.04,200.66,265,32,34,-2.54,0.0,2,KO/TKO,1.0,,0.0
1218,Red,Thiago Moises,Christos Giagos,177.8,180.34,155,175.26,177.8,155,27,32,2.54,2.54,5,SUB,0.0,0.0,0.0
1220,Red,Chris Curtis,Rodolfo Vieira,182.88,185.42,185,177.8,190.5,185,34,32,5.08,-5.08,-2,U-DEC,0.0,1.0,1.0
1221,Red,Carlos Ulberg,Tafon Nchukwi,182.88,195.58,185,193.04,195.58,205,31,27,-10.16,0.0,-4,KO/TKO,1.0,,1.0
1222,Red,Shayilan Nuerdanbieke,TJ Brown,175.26,182.88,145,172.72,175.26,145,28,32,2.54,7.62,4,U-DEC,0.0,0.0,0.0
1226,Red,Vanessa Demopoulos,Jinh Yu Frey,160.02,165.1,115,157.48,149.86,115,33,37,2.54,15.24,4,S-DEC,0.0,0.0,0.0
1229,Red,Joaquin Buckley,Albert Duraev,180.34,190.5,185,177.8,193.04,170,28,33,2.54,-2.54,5,KO/TKO,0.0,1.0,0.0
1230,Red,Damir Ismagulov,Guram Kutateladze,180.34,182.88,155,177.8,187.96,155,31,30,2.54,-5.08,-1,S-DEC,0.0,1.0,1.0
1232,Red,Adrian Yanez,Tony Kelley,175.26,177.8,135,170.18,177.8,135,28,35,5.08,0.0,7,KO/TKO,0.0,,0.0
1235,Red,Ricardo Ramos,Danny Chavez,172.72,170.18,145,175.26,182.88,145,26,35,-2.54,-12.7,9,KO/TKO,1.0,1.0,0.0
1236,Red,Maria Oliveira,Gloria de Paula,165.1,170.18,115,167.64,175.26,115,25,27,-2.54,-5.08,2,S-DEC,1.0,1.0,0.0
1238,Red,Phil Hawes,Deron Winn,167.64,177.8,185,182.88,195.58,185,33,33,-15.24,-17.78,0,KO/TKO,1.0,1.0,
1239,Red,Roman Dolidze,Kyle Daukaus,190.5,193.04,185,187.96,193.04,185,33,29,2.54,0.0,-4,KO/TKO,0.0,,1.0
1241,Red,Valentina Shevchenko,Taila Santos,167.64,172.72,125,165.1,167.64,125,34,28,2.54,5.08,-6,S-DEC,0.0,0.0,1.0
1242,Red,Zhang Weili,Joanna Jedrzejczyk,167.64,165.1,115,162.56,160.02,115,32,34,5.08,5.08,2,KO/TKO,0.0,0.0,0.0
1244,Red,Jack Della Maddalena,Ramazan Emeev,177.8,193.04,170,180.34,185.42,170,25,35,-2.54,7.62,10,KO/TKO,1.0,0.0,0.0
1246,Red,Maheshate,Steve Garcia,182.88,190.5,145,182.88,180.34,155,22,30,0.0,10.16,8,KO/TKO,,0.0,0.0
1247,Red,Brendan Allen,Jacob Malkoun,175.26,185.42,185,187.96,190.5,185,26,26,-12.7,-5.08,0,U-DEC,1.0,1.0,
1248,Red,Kyung Ho Kang,Batgerel Danaa,170.18,177.8,135,175.26,185.42,135,34,32,-5.08,-7.62,-2,U-DEC,1.0,1.0,1.0
1251,Red,Alexander Volkov,Jairzinho Rozenstruik,187.96,198.12,242,200.66,203.2,250,33,34,-12.7,-5.08,1,KO/TKO,1.0,1.0,0.0
1254,Red,Karine Silva,Poliana Botelho,172.72,170.18,125,165.1,170.18,125,28,33,7.62,0.0,5,SUB,0.0,,0.0
1255,Red,Ode Osbourne,Zarrukh Adashev,165.1,165.1,125,170.18,185.42,125,30,29,-5.08,-20.32,-1,KO/TKO,1.0,1.0,1.0
1256,Red,Alonzo Menifield,Askar Mozharov,190.5,187.96,205,182.88,193.04,205,34,27,7.62,-5.08,-7,KO/TKO,0.0,1.0,1.0
1258,Red,Joe Solecki,Alex Da Silva,172.72,185.42,155,175.26,177.8,155,28,26,-2.54,7.62,-2,M-DEC,1.0,0.0,1.0
1259,Red,Damon Jackson,Dan Argueta,170.18,172.72,135,180.34,180.34,145,33,28,-10.16,-7.62,-5,U-DEC,1.0,1.0,1.0
1262,Red,Jeff Molina,Zhalgas Zhumagulov,162.56,167.64,125,167.64,175.26,125,24,33,-5.08,-7.62,9,S-DEC,1.0,1.0,0.0
1263,Red,Rinat Fakhretdinov,Andreas Michailidis,182.88,193.04,170,182.88,187.96,170,30,33,0.0,5.08,3,U-DEC,,0.0,0.0
1264,Red,Erin Blanchfield,JJ Aldrich,165.1,170.18,125,162.56,167.64,125,23,29,2.54,2.54,6,SUB,0.0,0.0,0.0
1267,Red,Chidi Njokuani,Dusko Todorovic,185.42,187.96,185,190.5,203.2,170,33,28,-5.08,-15.24,-5,KO/TKO,1.0,1.0,1.0
1270,Red,Joseph Holmes,Alen Amedovski,177.8,187.96,185,193.04,203.2,185,26,34,-15.24,-15.24,8,SUB,1.0,1.0,0.0
1271,Red,Jailton Almeida,Parker Porter,182.88,190.5,265,190.5,200.66,205,30,37,-7.62,-10.16,7,SUB,1.0,1.0,0.0
1273,Red,Jonathan Martinez,Vince Morales,175.26,177.8,135,172.72,177.8,135,28,31,2.54,0.0,3,U-DEC,0.0,,0.0
1274,Red,Chase Hooper,Felipe Colares,172.72,175.26,145,185.42,187.96,155,22,28,-12.7,-12.7,6,KO/TKO,1.0,1.0,0.0
1276,Red,Jan Blachowicz,Aleksandar Rakic,193.04,198.12,205,187.96,198.12,205,39,30,5.08,0.0,-9,KO/TKO,0.0,,1.0
1277,Red,Ryan Spann,Ion Cutelaba,185.42,190.5,205,195.58,200.66,205,30,28,-10.16,-10.16,-2,SUB,1.0,1.0,1.0
1278,Red,Davey Grant,Louis Smolka,175.26,172.72,135,172.72,175.26,135,36,30,2.54,-2.54,-6,KO/TKO,0.0,1.0,1.0
1279,Red,Katlyn Chookagian,Amanda Ribas,160.02,167.64,125,175.26,172.72,125,33,28,-15.24,-5.08,-5,S-DEC,1.0,1.0,1.0
1282,Red,Viviane Araujo,Andrea Lee,167.64,175.26,125,162.56,172.72,125,35,33,5.08,2.54,-2,U-DEC,0.0,0.0,1.0
1283,Red,Michael Johnson,Alan Patrick,180.34,187.96,155,177.8,185.42,155,35,38,2.54,2.54,3,KO/TKO,0.0,0.0,0.0
1284,Red,Virna Jandiroba,Angela Hill,160.02,162.56,115,160.02,162.56,115,33,37,0.0,0.0,4,U-DEC,,,0.0
1285,Red,Tatsuro Taira,Carlos Candelario,172.72,172.72,125,170.18,177.8,125,22,30,2.54,-5.08,8,U-DEC,0.0,1.0,0.0
1287,Red,Charles Oliveira,Justin Gaethje,180.34,177.8,155,177.8,187.96,155,32,33,2.54,-10.16,1,SUB,0.0,1.0,0.0
1289,Red,Michael Chandler,Tony Ferguson,180.34,193.04,170,172.72,180.34,155,36,38,7.62,12.7,2,KO/TKO,0.0,0.0,0.0
1291,Red,Randy Brown,Khaos Williams,182.88,195.58,170,190.5,198.12,170,31,28,-7.62,-2.54,-3,S-DEC,1.0,1.0,1.0
1292,Red,Francisco Trinaldo,Danny Roberts,185.42,187.96,170,175.26,177.8,170,43,34,10.16,10.16,-9,U-DEC,0.0,0.0,1.0
1293,Red,Macy Chiasson,Norma Dumont,170.18,170.18,135,180.34,182.88,135,30,31,-10.16,-12.7,1,S-DEC,1.0,1.0,0.0
1294,Red,Brandon Royval,Matt Schnell,172.72,177.8,125,175.26,172.72,125,29,32,-2.54,5.08,3,SUB,1.0,0.0,0.0
1295,Red,Blagoy Ivanov,Marcos Rogerio de Lima,185.42,190.5,253,180.34,185.42,250,35,36,5.08,5.08,1,U-DEC,0.0,0.0,0.0
1296,Red,Andre Fialho,Cameron VanCamp,187.96,187.96,155,182.88,187.96,170,28,29,5.08,0.0,1,KO/TKO,0.0,,0.0
1297,Red,Tracy Cortez,Melissa Gatto,165.1,175.26,135,165.1,165.1,125,28,26,0.0,10.16,-2,U-DEC,,0.0,1.0
1300,Red,Journey Newson,Fernie Garcia,170.18,170.18,135,165.1,170.18,135,33,30,5.08,0.0,-3,U-DEC,0.0,,1.0
1302,Red,Andrei Arlovski,Jake Collier,190.5,198.12,230,190.5,195.58,240,43,33,0.0,2.54,-10,S-DEC,,0.0,1.0
1305,Red,Darren Elkins,Tristan Connelly,177.8,172.72,145,177.8,180.34,145,37,36,0.0,-7.62,-1,U-DEC,,1.0,1.0
1306,Red,Krzysztof Jotko,Gerald Meerschaert,185.42,195.58,185,185.42,195.58,185,32,34,0.0,0.0,2,U-DEC,,,0.0
1307,Red,Alexandr Romanov,Chase Sherman,193.04,198.12,250,187.96,190.5,262,31,32,5.08,7.62,1,SUB,0.0,0.0,0.0
1309,Red,Gabe Green,Yohan Lainesse,185.42,193.04,170,177.8,185.42,155,28,29,7.62,7.62,1,KO/TKO,0.0,0.0,0.0
1310,Red,Natan Levy,Mike Breeden,177.8,177.8,155,175.26,180.34,155,30,33,2.54,-2.54,3,U-DEC,0.0,1.0,0.0
1314,Red,Maycee Barber,Montana De La Rosa,170.18,172.72,125,165.1,165.1,125,23,27,5.08,7.62,4,U-DEC,0.0,0.0,0.0
1318,Red,Tyson Pedro,Ike Villanueva,185.42,185.42,205,190.5,200.66,205,30,38,-5.08,-15.24,8,KO/TKO,1.0,1.0,0.0
1319,Red,Aoriqileng,Cameron Else,175.26,180.34,135,170.18,175.26,135,28,34,5.08,5.08,6,KO/TKO,0.0,0.0,0.0
1320,Red,Preston Parsons,Evan Elder,177.8,182.88,155,180.34,180.34,170,26,25,-2.54,2.54,-1,U-DEC,1.0,0.0,1.0
1324,Red,Caio Borralho,Gadzhi Omargadzhiev,185.42,180.34,170,185.42,190.5,185,29,29,0.0,-10.16,0,U-DEC,,1.0,
1326,Red,Mayra Bueno Silva,Wu Yanan,172.72,167.64,135,167.64,167.64,135,30,25,5.08,0.0,-5,U-DEC,0.0,,1.0
1327,Red,Pat Sabatini,TJ Laramie,167.64,167.64,145,172.72,177.8,145,31,24,-5.08,-10.16,-7,U-DEC,1.0,1.0,1.0
1328,Red,Mounir Lazzez,Ange Loosa,177.8,187.96,170,185.42,193.04,170,34,29,-7.62,-5.08,-5,U-DEC,1.0,1.0,1.0
1329,Red,Devin Clark,William Knight,177.8,185.42,205,182.88,190.5,205,32,34,-5.08,-5.08,2,KO/TKO,1.0,1.0,0.0
1331,Red,Drakkar Klose,Brandon Jenkins,182.88,180.34,155,175.26,177.8,155,34,30,7.62,2.54,-4,KO/TKO,0.0,0.0,1.0
1332,Red,Rafa Garcia,Jesse Ronson,177.8,177.8,155,170.18,177.8,155,27,36,7.62,0.0,9,SUB,0.0,,0.0
1334,Red,Jordan Leavitt,Trey Ogden,180.34,182.88,155,175.26,180.34,155,26,32,5.08,2.54,6,S-DEC,0.0,0.0,0.0
1336,Red,Alatengheili,Kevin Croom,180.34,185.42,135,165.1,167.64,135,30,34,15.24,17.78,4,KO/TKO,0.0,0.0,0.0
1337,Red,Alexander Volkanovski,Chan Sung Jung,170.18,182.88,145,167.64,180.34,145,33,35,2.54,2.54,2,KO/TKO,0.0,0.0,0.0
1338,Red,Aljamain Sterling,Petr Yan,170.18,170.18,135,170.18,180.34,145,32,29,0.0,-10.16,-3,S-DEC,,1.0,1.0
1340,Red,Mackenzie Dern,Tecia Torres,154.94,152.4,115,162.56,160.02,115,29,32,-7.62,-7.62,3,S-DEC,1.0,1.0,0.0
1342,Red,Ian Garry,Darian Weeks,180.34,182.88,170,190.5,187.96,170,24,28,-10.16,-5.08,4,U-DEC,1.0,1.0,0.0
1343,Red,Anthony Hernandez,Josh Fremd,193.04,193.04,185,182.88,190.5,185,28,28,10.16,2.54,0,U-DEC,0.0,0.0,
1346,Red,Aleksei Oleinik,Jared Vanderaa,193.04,203.2,265,187.96,203.2,240,44,29,5.08,0.0,-15,SUB,0.0,,1.0
1347,Red,Piera Rodriguez,Kay Hansen,157.48,160.02,115,160.02,160.02,115,29,22,-2.54,0.0,-7,U-DEC,1.0,,1.0
1348,Red,Julio Arce,Daniel Santos,170.18,170.18,135,170.18,177.8,145,32,27,0.0,-7.62,-5,U-DEC,,1.0,1.0
1349,Red,Curtis Blaydes,Chris Daukaus,190.5,193.04,205,193.04,203.2,265,31,32,-2.54,-10.16,1,KO/TKO,1.0,1.0,0.0
1353,Red,Neil Magny,Max Griffin,180.34,193.04,170,190.5,203.2,170,34,36,-10.16,-10.16,2,S-DEC,1.0,1.0,0.0
1354,Red,Marc Diakiese,Viacheslav Borshchev,180.34,175.26,155,177.8,185.42,155,29,30,2.54,-10.16,1,U-DEC,0.0,1.0,0.0
1355,Red,Sara McMann,Karol Rosa,165.1,170.18,135,167.64,167.64,135,41,27,-2.54,2.54,-14,U-DEC,1.0,0.0,1.0
1356,Red,Chris Gutierrez,Batgerel Danaa,170.18,177.8,135,175.26,170.18,135,30,32,-5.08,7.62,2,KO/TKO,1.0,0.0,0.0
1357,Red,Aliaskhab Khizriev,Denis Tiuliulin,185.42,195.58,185,175.26,187.96,185,31,33,10.16,7.62,2,SUB,0.0,0.0,0.0
1359,Red,Matheus Nicolau,David Dvorak,165.1,172.72,125,167.64,167.64,125,29,29,-2.54,5.08,0,U-DEC,1.0,0.0,
1360,Red,Luis Saldana,Bruno Souza,177.8,177.8,145,180.34,185.42,145,31,26,-2.54,-7.62,-5,U-DEC,1.0,1.0,1.0
1362,Red,Arnold Allen,Dan Hooker,182.88,190.5,155,172.72,177.8,145,28,32,10.16,12.7,4,KO/TKO,0.0,0.0,0.0
1363,Red,Paddy Pimblett,Kazula Vargas,172.72,180.34,155,177.8,185.42,155,27,36,-5.08,-5.08,9,SUB,1.0,1.0,0.0
1364,Red,Gunnar Nelson,Takashi Sato,177.8,185.42,170,180.34,182.88,170,33,31,-2.54,2.54,-2,U-DEC,1.0,0.0,1.0
1365,Red,Molly McCann,Luana Carolina,167.64,175.26,125,162.56,157.48,115,31,28,5.08,17.78,-3,KO/TKO,0.0,0.0,1.0
1370,Red,Jack Shore,Timur Valiev,167.64,170.18,135,172.72,180.34,145,27,32,-5.08,-10.16,5,U-DEC,1.0,1.0,0.0
1372,Red,Muhammad Mokaev,Cody Durden,170.18,170.18,125,170.18,177.8,125,21,30,0.0,-7.62,9,SUB,,1.0,0.0
1375,Red,Sodiq Yusuff,Alex Caceres,177.8,185.42,145,175.26,180.34,145,28,33,2.54,5.08,5,U-DEC,0.0,0.0,0.0
1376,Red,Khalil Rountree Jr.,Karl Roberson,185.42,187.96,205,185.42,193.04,205,32,31,0.0,-5.08,-1,KO/TKO,,1.0,1.0
1377,Red,Drew Dober,Terrance McKinney,177.8,185.42,155,172.72,177.8,155,33,27,5.08,7.62,-6,KO/TKO,0.0,0.0,1.0
1378,Red,Alex Pereira,Bruno Silva,182.88,187.96,185,193.04,200.66,205,34,32,-10.16,-12.7,-2,U-DEC,1.0,1.0,1.0
1379,Red,Matthew Semelsberger,AJ Fletcher,177.8,170.18,170,185.42,190.5,170,29,25,-7.62,-20.32,-4,U-DEC,1.0,1.0,1.0
1380,Red,JJ Aldrich,Gillian Robertson,165.1,160.02,115,165.1,170.18,125,29,26,0.0,-10.16,-3,U-DEC,,1.0,1.0
1382,Red,Damon Jackson,Kamuela Kirk,177.8,190.5,155,180.34,180.34,145,33,27,-2.54,10.16,-6,SUB,1.0,0.0,1.0
1387,Red,Colby Covington,Jorge Masvidal,180.34,187.96,170,180.34,182.88,170,34,37,0.0,5.08,3,U-DEC,,0.0,0.0
1388,Red,Rafael Dos Anjos,Renato Moicano,180.34,182.88,155,172.72,177.8,170,37,32,7.62,5.08,-5,U-DEC,0.0,0.0,1.0
1390,Red,Kevin Holland,Alex Oliveira,180.34,193.04,170,190.5,205.74,185,29,34,-10.16,-12.7,5,KO/TKO,1.0,1.0,0.0
1391,Red,Serghei Spivac,Greg Hardy,195.58,203.2,265,190.5,198.12,260,27,33,5.08,5.08,6,KO/TKO,0.0,0.0,0.0
1392,Red,Jalin Turner,Jamie Mullarkey,182.88,187.96,155,190.5,195.58,155,26,27,-7.62,-7.62,1,KO/TKO,1.0,1.0,0.0
1393,Red,Marina Rodriguez,Yan Xiaonan,165.1,160.02,115,167.64,165.1,115,34,32,-2.54,-5.08,-2,S-DEC,1.0,1.0,1.0
1394,Red,Nicolae Negumereanu,Kennedy Nzechukwu,195.58,210.82,205,182.88,198.12,205,27,29,12.7,12.7,2,S-DEC,0.0,0.0,0.0
1395,Red,Maryna Moroz,Mariya Agapova,167.64,172.72,125,170.18,170.18,125,30,24,-2.54,2.54,-6,SUB,1.0,0.0,1.0
1397,Red,Tim Elliott,Tagir Ulanbekov,170.18,177.8,125,170.18,167.64,125,35,30,0.0,10.16,-5,U-DEC,,0.0,1.0
1399,Red,Dustin Jacoby,Michal Oleksiejczuk,182.88,187.96,185,190.5,193.04,205,33,27,-7.62,-5.08,-6,U-DEC,1.0,1.0,1.0
1400,Red,Islam Makhachev,Bobby Green,177.8,180.34,155,177.8,177.8,155,30,35,0.0,2.54,5,KO/TKO,,0.0,0.0
1403,Red,Arman Tsarukyan,Joel Alvarez,190.5,195.58,155,170.18,182.88,155,25,28,20.32,12.7,3,KO/TKO,0.0,0.0,0.0
1404,Red,Armen Petrosyan,Gregory Rodrigues,190.5,190.5,185,190.5,180.34,185,31,30,0.0,10.16,-1,S-DEC,,0.0,1.0
1406,Red,Josiane Nunes,Ramona Pascual,170.18,167.64,135,157.48,170.18,135,28,33,12.7,-2.54,5,U-DEC,0.0,1.0,0.0
1407,Red,Terrance McKinney,Fares Ziam,185.42,190.5,155,177.8,185.42,155,27,24,7.62,5.08,-3,SUB,0.0,0.0,1.0
1409,Red,Ramiz Brahimaj,Micheal Gillmore,180.34,182.88,170,177.8,182.88,170,29,34,2.54,0.0,5,SUB,0.0,,0.0
1412,Red,Kyle Daukaus,Jamie Pickett,187.96,203.2,185,190.5,193.04,185,28,33,-2.54,10.16,5,SUB,1.0,0.0,0.0
1413,Red,Parker Porter,Alan Baudot,190.5,200.66,243,182.88,190.5,265,36,34,7.62,10.16,-2,U-DEC,0.0,0.0,1.0
1414,Red,Jim Miller,Nikolas Motta,175.26,177.8,155,172.72,180.34,155,38,29,2.54,-2.54,-9,KO/TKO,0.0,1.0,1.0
1415,Red,Joaquin Buckley,Abdul Razak Alhassan,177.8,185.42,185,177.8,193.04,170,27,36,0.0,-7.62,9,S-DEC,,1.0,0.0
1418,Red,Chas Skelly,Mark Striegl,172.72,177.8,145,180.34,182.88,145,36,33,-7.62,-5.08,-3,KO/TKO,1.0,1.0,1.0
1420,Red,Chad Anheliger,Jesse Strader,170.18,177.8,135,167.64,162.56,135,35,30,2.54,15.24,-5,KO/TKO,0.0,0.0,1.0
1421,Red,Jonathan Pearce,Christian Rodriguez,170.18,180.34,145,182.88,180.34,145,29,24,-12.7,0.0,-5,U-DEC,1.0,,1.0
1422,Red,Mario Bautista,Jay Perrin,170.18,170.18,135,175.26,175.26,135,28,28,-5.08,-5.08,0,U-DEC,1.0,1.0,
1423,Red,Israel Adesanya,Robert Whittaker,182.88,185.42,185,193.04,203.2,185,32,31,-10.16,-17.78,-1,U-DEC,1.0,1.0,1.0
1425,Red,Jared Cannonier,Derek Brunson,185.42,195.58,185,180.34,195.58,185,37,38,5.08,0.0,1,KO/TKO,0.0,,0.0
1427,Red,Bobby Green,Nasrat Haqparast,177.8,182.88,155,177.8,180.34,155,35,26,0.0,2.54,-9,U-DEC,,0.0,1.0
1428,Red,Andrei Arlovski,Jared Vanderaa,193.04,203.2,265,190.5,195.58,240,43,29,2.54,7.62,-14,S-DEC,0.0,0.0,1.0
1430,Red,Kyler Phillips,Marcelo Rojo,172.72,180.34,145,172.72,182.88,135,26,33,0.0,-2.54,7,SUB,,1.0,0.0
1431,Red,Carlos Ulberg,Fabio Cherant,185.42,187.96,205,193.04,195.58,205,31,27,-7.62,-7.62,-4,U-DEC,1.0,1.0,1.0
1434,Red,Douglas Silva de Andrade,Sergey Morozov,167.64,170.18,135,170.18,172.72,135,36,32,-2.54,-2.54,-4,SUB,1.0,1.0,1.0
1435,Red,Jeremiah Wells,Blood Diamond,180.34,193.04,170,175.26,187.96,170,35,33,5.08,5.08,-2,SUB,0.0,0.0,1.0
1439,Red,Shavkat Rakhmonov,Carlston Harris,182.88,193.04,170,185.42,195.58,170,27,34,-2.54,-2.54,7,KO/TKO,1.0,1.0,0.0
1442,Red,Julian Erosa,Steven Peterson,177.8,177.8,145,185.42,187.96,145,32,31,-7.62,-10.16,-1,S-DEC,1.0,1.0,1.0
1444,Red,Hakeem Dawodu,Michael Trizano,180.34,180.34,145,172.72,185.42,145,30,30,7.62,-5.08,0,U-DEC,0.0,1.0,
1445,Red,Chidi Njokuani,Marc-Andre Barriault,185.42,187.96,185,190.5,203.2,170,33,31,-5.08,-15.24,-2,KO/TKO,1.0,1.0,1.0
1446,Red,Alexis Davis,Julija Stoliarenko,170.18,167.64,125,167.64,172.72,135,37,28,2.54,-5.08,-9,U-DEC,0.0,1.0,1.0
1447,Red,Jailton Almeida,Danilo Marques,198.12,195.58,205,190.5,200.66,205,30,36,7.62,-5.08,6,KO/TKO,0.0,1.0,0.0
1449,Red,Malcolm Gordon,Denys Bondar,167.64,175.26,125,170.18,180.34,125,31,29,-2.54,-5.08,-2,KO/TKO,1.0,1.0,1.0
1450,Red,Francis Ngannou,Ciryl Gane,193.04,205.74,245,193.04,210.82,250,35,31,0.0,-5.08,-4,U-DEC,,1.0,1.0
1452,Red,Michel Pereira,Andre Fialho,182.88,187.96,170,185.42,185.42,170,28,27,-2.54,2.54,-1,U-DEC,1.0,0.0,1.0
1454,Red,Michael Morales,Trevin Giles,182.88,187.96,170,182.88,200.66,170,22,29,0.0,-12.7,7,KO/TKO,,1.0,0.0
1456,Red,Jack Della Maddalena,Pete Rodriguez,175.26,180.34,155,180.34,185.42,170,25,25,-5.08,-5.08,0,KO/TKO,1.0,1.0,
1457,Red,Tony Gravely,Saimon Oliveira,162.56,182.88,135,165.1,175.26,135,30,30,-2.54,7.62,0,U-DEC,1.0,0.0,
1458,Red,Matt Frevola,Genaro Valdez,175.26,182.88,155,175.26,180.34,155,31,30,0.0,2.54,-1,KO/TKO,,0.0,1.0
1461,Red,Calvin Kattar,Giga Chikadze,182.88,187.96,145,180.34,182.88,145,33,33,2.54,5.08,0,U-DEC,0.0,0.0,
1462,Red,Jake Collier,Chase Sherman,193.04,198.12,250,190.5,198.12,230,33,32,2.54,0.0,-1,SUB,0.0,,1.0
1463,Red,Brandon Royval,Rogerio Bontorin,165.1,170.18,125,175.26,172.72,125,29,29,-10.16,-2.54,0,S-DEC,1.0,1.0,
1464,Red,Katlyn Chookagian,Jennifer Maia,162.56,162.56,125,175.26,172.72,125,33,33,-12.7,-10.16,0,U-DEC,1.0,1.0,
1466,Red,Bill Algeo,Joanderson Brito,172.72,182.88,145,182.88,185.42,145,32,26,-10.16,-2.54,-6,U-DEC,1.0,1.0,1.0
1467,Red,Jamie Pickett,Joseph Holmes,193.04,203.2,185,187.96,203.2,185,33,26,5.08,0.0,-7,U-DEC,0.0,,1.0
1468,Red,Court McGee,Ramiz Brahimaj,177.8,182.88,170,180.34,190.5,170,37,29,-2.54,-7.62,-8,U-DEC,1.0,1.0,1.0
1469,Red,Brian Kelleher,Kevin Croom,180.34,185.42,135,167.64,167.64,135,35,34,12.7,17.78,-1,U-DEC,0.0,0.0,1.0
1470,Red,TJ Brown,Charles Rosa,175.26,175.26,145,175.26,182.88,145,31,35,0.0,-7.62,4,U-DEC,,1.0,0.0
1471,Red,Derrick Lewis,Chris Daukaus,190.5,193.04,205,190.5,200.66,260,36,32,0.0,-7.62,-4,KO/TKO,,1.0,1.0
1473,Red,Amanda Lemos,Angela Hill,160.02,162.56,115,162.56,165.1,115,34,36,-2.54,-2.54,2,S-DEC,1.0,1.0,0.0
1476,Red,Cub Swanson,Darren Elkins,177.8,180.34,145,172.72,177.8,145,38,37,5.08,2.54,-1,KO/TKO,0.0,0.0,1.0
1478,Red,Justin Tafa,Harry Hunsucker,187.96,190.5,205,182.88,187.96,264,28,32,5.08,2.54,4,KO/TKO,0.0,0.0,0.0
1480,Red,Charles Jourdain,Andre Ewell,172.72,190.5,145,175.26,175.26,145,26,33,-2.54,15.24,7,U-DEC,1.0,0.0,0.0
1481,Red,Raquel Pennington,Macy Chiasson,180.34,182.88,135,170.18,170.18,135,33,30,10.16,12.7,-3,SUB,0.0,0.0,1.0
1482,Red,Don'Tale Mayes,Josh Parisian,193.04,200.66,265,198.12,205.74,260,29,32,-5.08,-5.08,3,KO/TKO,1.0,1.0,0.0
1483,Red,Jordan Leavitt,Matt Sayles,170.18,172.72,155,175.26,180.34,155,26,27,-5.08,-7.62,1,SUB,1.0,1.0,0.0
1484,Red,Charles Oliveira,Dustin Poirier,175.26,182.88,155,177.8,187.96,155,32,32,-2.54,-5.08,0,SUB,1.0,1.0,
1486,Red,Geoff Neal,Santiago Ponzinibbio,182.88,185.42,170,180.34,190.5,170,31,35,2.54,-5.08,4,S-DEC,0.0,1.0,0.0
1487,Red,Kai Kara-France,Cody Garbrandt,172.72,165.1,135,162.56,175.26,125,28,30,10.16,-10.16,2,KO/TKO,0.0,1.0,0.0
1489,Red,Josh Emmett,Dan Ige,170.18,180.34,145,167.64,177.8,145,36,30,2.54,2.54,-6,U-DEC,0.0,0.0,1.0
1493,Red,Andre Muniz,Eryk Anders,185.42,190.5,185,185.42,198.12,185,31,34,0.0,-7.62,3,SUB,,1.0,0.0
1495,Red,Ryan Hall,Darrick Minner,170.18,175.26,145,177.8,177.8,145,36,31,-7.62,-2.54,-5,U-DEC,1.0,1.0,1.0
1497,Red,Gillian Robertson,Priscila Cachoeira,170.18,165.1,125,165.1,160.02,115,26,33,5.08,5.08,7,SUB,0.0,0.0,0.0
1501,Red,Clay Guida,Leonardo Santos,182.88,190.5,155,170.18,177.8,155,39,41,12.7,12.7,2,SUB,0.0,0.0,0.0
1503,Red,Alex Morono,Mickey Gall,187.96,187.96,170,180.34,182.88,170,31,29,7.62,5.08,-2,U-DEC,0.0,0.0,1.0
1505,Red,Manel Kape,Zhalgas Zhumagulov,162.56,167.64,125,165.1,172.72,125,28,33,-2.54,-5.08,5,KO/TKO,1.0,1.0,0.0
1506,Red,Bryan Barberena,Darian Weeks,180.34,182.88,170,182.88,182.88,185,32,28,-2.54,0.0,-4,U-DEC,1.0,,1.0
1507,Red,Cheyanne Vlismas,Mallory Martin,162.56,160.02,115,160.02,160.02,115,26,27,2.54,0.0,1,U-DEC,0.0,,0.0
1509,Red,Claudio Puelles,Chris Gruetzemacher,172.72,172.72,155,177.8,182.88,155,25,35,-5.08,-10.16,10,SUB,1.0,1.0,0.0
1511,Red,Ketlen Vieira,Miesha Tate,167.64,165.1,135,172.72,172.72,135,30,35,-5.08,-7.62,5,U-DEC,1.0,1.0,0.0
1514,Red,Rani Yahya,Kyung Ho Kang,175.26,185.42,135,167.64,170.18,135,37,34,7.62,15.24,-3,U-DEC,0.0,0.0,1.0
1516,Red,Pat Sabatini,Tucker Lutz,172.72,182.88,145,172.72,177.8,145,31,27,0.0,5.08,-4,U-DEC,,0.0,1.0
1517,Red,Rafa Garcia,Natan Levy,175.26,180.34,155,170.18,177.8,155,27,30,5.08,2.54,3,U-DEC,0.0,0.0,0.0
1519,Red,Cody Durden,Aoriqileng,170.18,175.26,135,170.18,170.18,125,30,28,0.0,5.08,-2,U-DEC,,0.0,1.0
1520,Red,Shayilan Nuerdanbieke,Sean Soriano,175.26,177.8,145,172.72,175.26,145,27,32,2.54,2.54,5,U-DEC,0.0,0.0,0.0
1521,Red,Luana Pinheiro,Sam Hughes,165.1,162.56,115,157.48,157.48,115,29,29,7.62,5.08,0,U-DEC,0.0,0.0,
1522,Red,Max Holloway,Yair Rodriguez,180.34,180.34,145,180.34,175.26,145,29,29,0.0,5.08,0,U-DEC,,0.0,
1524,Red,Felicia Spencer,Leah Letson,170.18,180.34,145,167.64,172.72,145,30,29,2.54,7.62,-1,KO/TKO,0.0,0.0,1.0
1526,Red,Song Yadong,Julio Arce,170.18,177.8,145,172.72,170.18,135,23,32,-2.54,7.62,9,KO/TKO,1.0,0.0,0.0
1529,Red,Sean Woodson,Collin Anglin,175.26,180.34,145,187.96,198.12,145,29,28,-12.7,-17.78,-1,KO/TKO,1.0,1.0,1.0
1530,Red,Cortney Casey,Liana Jojua,162.56,157.48,125,170.18,170.18,125,34,26,-7.62,-12.7,-8,U-DEC,1.0,1.0,1.0
1533,Red,Kamaru Usman,Colby Covington,180.34,182.88,170,182.88,193.04,170,34,33,-2.54,-10.16,-1,U-DEC,1.0,1.0,1.0
1534,Red,Rose Namajunas,Zhang Weili,162.56,160.02,115,165.1,165.1,125,29,32,-2.54,-5.08,3,S-DEC,1.0,1.0,0.0
1536,Red,Shane Burgos,Billy Quarantillo,177.8,177.8,145,180.34,190.5,145,30,32,-2.54,-12.7,2,U-DEC,1.0,1.0,0.0
1537,Red,Justin Gaethje,Michael Chandler,172.72,180.34,155,180.34,177.8,155,32,35,-7.62,2.54,3,U-DEC,1.0,0.0,0.0
1538,Red,Alex Pereira,Andreas Michailidis,182.88,193.04,170,193.04,200.66,205,34,33,-10.16,-7.62,-1,KO/TKO,1.0,1.0,1.0
1542,Red,Ian Garry,Jordan Williams,185.42,190.5,185,190.5,187.96,170,23,31,-5.08,2.54,8,KO/TKO,1.0,0.0,0.0
1544,Red,Dustin Jacoby,John Allan,185.42,190.5,205,190.5,193.04,205,33,28,-5.08,-2.54,-5,U-DEC,1.0,1.0,1.0
1545,Red,Melsik Baghdasaryan,Bruno Souza,177.8,177.8,145,175.26,177.8,145,29,25,2.54,0.0,-4,U-DEC,0.0,,1.0
1548,Red,Petr Yan,Cory Sandhagen,180.34,177.8,135,170.18,170.18,135,28,29,10.16,7.62,1,U-DEC,0.0,0.0,0.0
1549,Red,Islam Makhachev,Dan Hooker,182.88,190.5,155,177.8,177.8,155,30,31,5.08,12.7,1,SUB,0.0,0.0,0.0
1550,Red,Alexander Volkov,Marcin Tybura,190.5,198.12,249,200.66,203.2,250,33,35,-10.16,-5.08,2,U-DEC,1.0,1.0,0.0
1552,Red,Magomed Ankalaev,Volkan Oezdemir,187.96,190.5,205,190.5,190.5,205,29,32,-2.54,0.0,3,U-DEC,1.0,,0.0
1553,Red,Amanda Ribas,Virna Jandiroba,160.02,162.56,115,160.02,167.64,125,28,33,0.0,-5.08,5,U-DEC,,1.0,0.0
1555,Red,Albert Duraev,Roman Kopylov,182.88,190.5,185,180.34,190.5,185,32,30,2.54,0.0,-2,U-DEC,0.0,,1.0
1556,Red,Elizeu Zaleski dos Santos,Benoit Saint Denis,180.34,185.42,155,180.34,185.42,170,34,25,0.0,0.0,-9,U-DEC,,,1.0
1560,Red,Tagir Ulanbekov,Allan Nascimento,172.72,175.26,125,170.18,177.8,125,30,30,2.54,-2.54,0,S-DEC,0.0,1.0,
1562,Red,Jessica-Rose Clark,Joselyne Edwards,172.72,177.8,135,165.1,162.56,135,33,26,7.62,15.24,-7,U-DEC,0.0,0.0,1.0
1563,Red,Alex Caceres,SeungWoo Choi,182.88,187.96,145,177.8,185.42,145,33,28,5.08,2.54,-5,SUB,0.0,0.0,1.0
1564,Red,Francisco Trinaldo,Dwight Grant,185.42,193.04,185,175.26,177.8,170,43,37,10.16,15.24,-6,S-DEC,0.0,0.0,1.0
1565,Red,Nicolae Negumereanu,Ike Villanueva,185.42,185.42,205,182.88,198.12,205,27,37,2.54,-12.7,10,KO/TKO,0.0,1.0,0.0
1567,Red,Mason Jones,David Onama,180.34,187.96,145,177.8,187.96,155,26,27,2.54,0.0,1,U-DEC,0.0,,0.0
1568,Red,Tabatha Ricci,Maria Oliveira,167.64,175.26,115,154.94,154.94,115,26,24,12.7,20.32,-2,U-DEC,0.0,0.0,1.0
1569,Red,Jamie Pickett,Laureano Staropoli,185.42,180.34,185,187.96,203.2,185,33,28,-2.54,-22.86,-5,U-DEC,1.0,1.0,1.0
1571,Red,Jeff Molina,Daniel Lacerda,167.64,177.8,125,167.64,175.26,125,24,25,0.0,2.54,1,KO/TKO,,0.0,0.0
1573,Red,Jonathan Martinez,Zviad Lazishvili,167.64,175.26,135,172.72,177.8,135,27,29,-5.08,-2.54,2,U-DEC,1.0,1.0,0.0
1575,Red,Andrei Arlovski,Carlos Felipe,182.88,190.5,245,190.5,195.58,240,42,26,-7.62,-5.08,-16,U-DEC,1.0,1.0,1.0
1576,Red,Jim Miller,Erick Gonzalez,180.34,190.5,155,172.72,180.34,155,38,29,7.62,10.16,-9,KO/TKO,0.0,0.0,1.0
1577,Red,Manon Fiorot,Mayra Bueno Silva,167.64,167.64,135,170.18,165.1,125,31,30,-2.54,2.54,-1,U-DEC,1.0,0.0,1.0
1578,Red,Nate Landwehr,Ludovit Klein,170.18,182.88,155,175.26,182.88,145,33,26,-5.08,0.0,-7,SUB,1.0,,1.0
1580,Red,Danny Roberts,Ramazan Emeev,177.8,193.04,170,185.42,187.96,170,34,34,-7.62,5.08,0,S-DEC,1.0,0.0,
1582,Red,Batgerel Danaa,Brandon Davis,177.8,182.88,135,170.18,177.8,135,32,31,7.62,5.08,-1,KO/TKO,0.0,0.0,1.0
1585,Red,Randy Brown,Jared Gooden,182.88,195.58,170,190.5,198.12,170,31,27,-7.62,-2.54,-4,U-DEC,1.0,1.0,1.0
1588,Red,Chris Gutierrez,Felipe Colares,172.72,175.26,145,175.26,170.18,135,30,27,-2.54,5.08,-3,S-DEC,1.0,0.0,1.0
1589,Red,Alexandr Romanov,Jared Vanderaa,193.04,203.2,265,187.96,190.5,262,30,29,5.08,12.7,-1,KO/TKO,0.0,0.0,1.0
1591,Red,Loopy Godinez,Silvana Gomez Juarez,160.02,165.1,115,157.48,154.94,115,28,36,2.54,10.16,8,SUB,0.0,0.0,0.0
1592,Red,Steve Garcia,Charlie Ontiveros,187.96,187.96,155,182.88,190.5,145,29,30,5.08,-2.54,1,KO/TKO,0.0,1.0,0.0
1593,Red,Thiago Santos,Johnny Walker,198.12,208.28,205,187.96,193.04,205,37,29,10.16,15.24,-8,U-DEC,0.0,0.0,1.0
1596,Red,Alexander Hernandez,Mike Breeden,177.8,177.8,155,175.26,182.88,155,29,32,2.54,-5.08,3,KO/TKO,0.0,1.0,0.0
1601,Red,Douglas Silva de Andrade,Gaetano Pirrello,170.18,165.1,135,170.18,172.72,145,36,29,0.0,-7.62,-7,KO/TKO,,1.0,1.0
1602,Red,Stephanie Egger,Shanna Young,170.18,165.1,135,167.64,172.72,135,33,30,2.54,-7.62,-3,KO/TKO,0.0,1.0,1.0
1603,Red,Alejandro Perez,Johnny Eduardo,170.18,180.34,135,167.64,165.1,145,32,43,2.54,15.24,11,SUB,0.0,0.0,0.0
1604,Red,Alexander Volkanovski,Brian Ortega,172.72,175.26,145,167.64,180.34,145,32,30,5.08,-5.08,-2,U-DEC,0.0,1.0,1.0
1605,Red,Valentina Shevchenko,Lauren Murphy,165.1,170.18,125,165.1,167.64,125,33,38,0.0,2.54,5,KO/TKO,,0.0,0.0
1607,Red,Curtis Blaydes,Jairzinho Rozenstruik,187.96,198.12,242,193.04,203.2,265,30,33,-5.08,-5.08,3,U-DEC,1.0,1.0,0.0
1608,Red,Jessica Andrade,Cynthia Calvillo,162.56,162.56,125,154.94,157.48,125,30,34,7.62,5.08,4,KO/TKO,0.0,0.0,0.0
1610,Red,Dan Hooker,Nasrat Haqparast,177.8,182.88,155,182.88,190.5,155,31,26,-5.08,-7.62,-5,U-DEC,1.0,1.0,1.0
1615,Red,Matthew Semelsberger,Martin Sano,180.34,190.5,170,185.42,190.5,170,28,30,-5.08,0.0,2,KO/TKO,1.0,,0.0
1616,Red,Jonathan Pearce,Omar Morales,180.34,185.42,145,182.88,180.34,145,29,35,-2.54,5.08,6,SUB,1.0,0.0,0.0
1617,Red,Anthony Smith,Ryan Spann,195.58,200.66,205,193.04,193.04,205,33,30,2.54,7.62,-3,SUB,0.0,0.0,1.0
1618,Red,Ion Cutelaba,Devin Clark,182.88,190.5,205,185.42,190.5,205,27,31,-2.54,0.0,4,U-DEC,1.0,,0.0
1619,Red,Ariane Lipski,Mandy Bohm,170.18,180.34,125,167.64,170.18,125,27,32,2.54,10.16,5,U-DEC,0.0,0.0,0.0
1620,Red,Arman Tsarukyan,Christos Giagos,177.8,180.34,155,170.18,182.88,155,24,31,7.62,-2.54,7,KO/TKO,0.0,1.0,0.0
1621,Red,Nate Maness,Tony Gravely,165.1,175.26,135,177.8,182.88,135,30,29,-12.7,-7.62,-1,KO/TKO,1.0,1.0,1.0
1622,Red,Joaquin Buckley,Antonio Arroyo,190.5,185.42,185,177.8,193.04,185,27,32,12.7,-7.62,5,KO/TKO,0.0,1.0,0.0
1625,Red,Rong Zhu,Brandon Jenkins,182.88,180.34,155,175.26,180.34,155,21,29,7.62,0.0,8,KO/TKO,0.0,,0.0
1626,Red,Montel Jackson,JP Buys,165.1,170.18,135,177.8,190.5,135,29,25,-12.7,-20.32,-4,U-DEC,1.0,1.0,1.0
1627,Red,Erin Blanchfield,Sarah Alpar,162.56,160.02,135,162.56,167.64,135,22,30,0.0,-7.62,8,U-DEC,,1.0,0.0
1630,Red,Derek Brunson,Darren Till,182.88,187.96,185,185.42,195.58,185,37,28,-2.54,-7.62,-9,SUB,1.0,1.0,1.0
1631,Red,Tom Aspinall,Serghei Spivac,190.5,198.12,260,195.58,198.12,256,28,26,-5.08,0.0,-2,KO/TKO,1.0,,1.0
1632,Red,Alex Morono,David Zawada,182.88,190.5,170,180.34,182.88,170,31,31,2.54,7.62,0,U-DEC,0.0,0.0,
1634,Red,Paddy Pimblett,Luigi Vendramini,172.72,185.42,155,177.8,185.42,155,26,25,-5.08,0.0,-1,KO/TKO,1.0,,1.0
1635,Red,Molly McCann,Ji Yeon Kim,170.18,182.88,125,162.56,157.48,125,31,31,7.62,25.4,0,U-DEC,0.0,0.0,
1636,Red,Jack Shore,Liudvik Sholinian,177.8,180.34,135,172.72,180.34,135,26,31,5.08,0.0,5,U-DEC,0.0,,0.0
1637,Red,Julian Erosa,Charles Jourdain,175.26,175.26,145,185.42,187.96,145,32,25,-10.16,-12.7,-7,SUB,1.0,1.0,1.0
1640,Red,Bryan Battle,Gilbert Urbina,190.5,190.5,185,185.42,195.58,185,26,25,5.08,-5.08,-1,SUB,0.0,1.0,1.0
1641,Red,Ricky Turcios,Brady Hiestand,172.72,180.34,135,175.26,180.34,135,28,22,-2.54,0.0,-6,S-DEC,1.0,,1.0
1643,Red,Andre Petroski,Micheal Gillmore,180.34,182.88,185,182.88,185.42,185,30,34,-2.54,-2.54,4,KO/TKO,1.0,1.0,0.0
1647,Red,Dustin Jacoby,Darren Stewart,182.88,187.96,205,190.5,193.04,205,33,30,-7.62,-5.08,-3,KO/TKO,1.0,1.0,1.0
1648,Red,JJ Aldrich,Vanessa Demopoulos,157.48,149.86,125,165.1,170.18,125,28,32,-7.62,-20.32,4,U-DEC,1.0,1.0,0.0
1650,Red,Mana Martinez,Guido Cannetti,167.64,172.72,135,177.8,177.8,135,25,41,-10.16,-5.08,16,S-DEC,1.0,1.0,0.0
1651,Red,Jared Cannonier,Kelvin Gastelum,175.26,180.34,185,180.34,195.58,185,37,29,-5.08,-15.24,-8,U-DEC,1.0,1.0,1.0
1653,Red,Parker Porter,Chase Sherman,193.04,198.12,250,182.88,190.5,265,36,31,10.16,7.62,-5,U-DEC,0.0,0.0,1.0
1655,Red,Vinc Pichel,Austin Hubbard,177.8,180.34,155,177.8,182.88,155,38,29,0.0,-2.54,-9,U-DEC,,1.0,1.0
1656,Red,Alexandre Pantoja,Brandon Royval,175.26,172.72,125,165.1,170.18,125,31,29,10.16,2.54,-2,SUB,0.0,0.0,1.0
1657,Red,Austin Lingo,Luis Saldana,180.34,185.42,145,177.8,177.8,145,27,30,2.54,7.62,3,U-DEC,0.0,0.0,0.0
1658,Red,Brian Kelleher,Domingo Pilarte,182.88,185.42,135,167.64,167.64,135,35,31,15.24,17.78,-4,U-DEC,0.0,0.0,1.0
1660,Red,William Knight,Fabio Cherant,185.42,187.96,205,177.8,185.42,205,33,26,7.62,2.54,-7,KO/TKO,0.0,0.0,1.0
1664,Red,Jose Aldo,Pedro Munhoz,167.64,165.1,135,170.18,177.8,135,34,34,-2.54,-12.7,0,U-DEC,1.0,1.0,
1666,Red,Tecia Torres,Angela Hill,160.02,162.56,115,154.94,152.4,115,31,36,5.08,10.16,5,U-DEC,0.0,0.0,0.0
1667,Red,Song Yadong,Casey Kenney,170.18,172.72,135,172.72,170.18,135,23,30,-2.54,2.54,7,S-DEC,1.0,0.0,0.0
1669,Red,Vince Morales,Drako Rodriguez,172.72,175.26,135,170.18,177.8,135,30,25,2.54,-2.54,-5,U-DEC,0.0,1.0,1.0
1670,Red,Alonzo Menifield,Ed Herman,185.42,195.58,205,182.88,193.04,205,33,40,2.54,2.54,7,U-DEC,0.0,0.0,0.0
1672,Red,Manel Kape,Ode Osbourne,170.18,185.42,125,165.1,172.72,125,27,29,5.08,12.7,2,KO/TKO,0.0,0.0,0.0
1673,Red,Miles Johns,Anderson Dos Santos,165.1,177.8,135,170.18,167.64,135,27,36,-5.08,10.16,9,KO/TKO,1.0,0.0,0.0
1675,Red,Johnny Munoz,Jamey Simmons,167.64,177.8,135,175.26,180.34,135,28,28,-7.62,-2.54,0,SUB,1.0,1.0,
1677,Red,Cheyanne Buys,Gloria de Paula,165.1,170.18,115,160.02,160.02,115,26,26,5.08,10.16,0,KO/TKO,0.0,0.0,
1681,Red,Chris Gruetzemacher,Rafa Garcia,170.18,177.8,155,172.72,172.72,155,35,26,-2.54,5.08,-9,U-DEC,1.0,0.0,1.0
1682,Red,Jinh Yu Frey,Ashley Yoder,170.18,175.26,115,160.02,165.1,115,36,33,10.16,10.16,-3,U-DEC,0.0,0.0,1.0
1684,Red,Phil Rowe,Orion Cosce,180.34,180.34,170,190.5,203.2,170,31,27,-10.16,-22.86,-4,KO/TKO,1.0,1.0,1.0
1687,Red,Darren Elkins,Darrick Minner,170.18,175.26,145,177.8,180.34,145,37,31,-7.62,-5.08,-6,KO/TKO,1.0,1.0,1.0
1689,Red,Adrian Yanez,Randy Costa,175.26,185.42,135,170.18,177.8,135,27,27,5.08,7.62,0,KO/TKO,0.0,0.0,
1691,Red,Nassourdine Imavov,Ian Heinisch,180.34,182.88,185,190.5,190.5,185,26,32,-10.16,-7.62,6,KO/TKO,1.0,1.0,0.0
1692,Red,Mickey Gall,Jordan Williams,185.42,190.5,185,187.96,187.96,170,29,30,-2.54,2.54,1,SUB,1.0,0.0,0.0
1693,Red,Julio Arce,Andre Ewell,172.72,190.5,135,170.18,177.8,145,31,33,2.54,12.7,2,KO/TKO,0.0,0.0,0.0
1694,Red,Sijara Eubanks,Elise Reed,160.02,160.02,125,162.56,170.18,135,36,28,-2.54,-10.16,-8,KO/TKO,1.0,1.0,1.0
1695,Red,Diana Belbita,Hannah Goldy,162.56,154.94,125,170.18,172.72,125,25,29,-7.62,-17.78,4,U-DEC,1.0,1.0,0.0
1696,Red,Islam Makhachev,Thiago Moises,175.26,177.8,155,177.8,177.8,155,29,26,-2.54,0.0,-3,SUB,1.0,,1.0
1699,Red,Rodolfo Vieira,Dustin Stoltzfus,182.88,190.5,185,182.88,185.42,185,31,29,0.0,5.08,-2,SUB,,0.0,1.0
1701,Red,Daniel Rodriguez,Preston Parsons,180.34,180.34,170,185.42,187.96,170,34,26,-5.08,-7.62,-8,KO/TKO,1.0,1.0,1.0
1702,Red,Amanda Lemos,Montserrat Conejo,152.4,154.94,115,162.56,165.1,115,34,28,-10.16,-10.16,-6,KO/TKO,1.0,1.0,1.0
1706,Red,Dustin Poirier,Conor McGregor,175.26,187.96,155,175.26,182.88,155,32,32,0.0,5.08,0,KO/TKO,,0.0,
1707,Red,Gilbert Burns,Stephen Thompson,182.88,190.5,170,177.8,180.34,170,34,38,5.08,10.16,4,U-DEC,0.0,0.0,0.0
1708,Red,Tai Tuivasa,Greg Hardy,195.58,203.2,265,187.96,190.5,264,28,32,7.62,12.7,4,KO/TKO,0.0,0.0,0.0
1709,Red,Irene Aldana,Yana Kunitskaya,167.64,172.72,135,175.26,172.72,135,33,31,-7.62,0.0,-2,KO/TKO,1.0,,1.0
1710,Red,Sean O'Malley,Kris Moutinho,170.18,172.72,135,180.34,182.88,135,26,28,-10.16,-10.16,2,KO/TKO,1.0,1.0,0.0
1715,Red,Jennifer Maia,Jessica Eye,167.64,167.64,125,162.56,162.56,125,32,34,5.08,5.08,2,U-DEC,0.0,0.0,0.0
1717,Red,Zhalgas Zhumagulov,Jerome Rivera,177.8,182.88,125,162.56,167.64,125,32,26,15.24,15.24,-6,SUB,0.0,0.0,1.0
1718,Red,Ciryl Gane,Alexander Volkov,200.66,203.2,250,193.04,205.74,245,31,32,7.62,-2.54,1,U-DEC,0.0,1.0,0.0
1719,Red,Tanner Boser,Ovince Saint Preux,190.5,203.2,205,187.96,190.5,255,29,38,2.54,12.7,9,KO/TKO,0.0,0.0,0.0
1721,Red,Tim Means,Nicolas Dalby,180.34,187.96,170,187.96,190.5,170,37,36,-7.62,-2.54,-1,U-DEC,1.0,1.0,1.0
1722,Red,Renato Moicano,Jai Herbert,185.42,195.58,155,180.34,182.88,155,32,33,5.08,12.7,1,SUB,0.0,0.0,0.0
1723,Red,Kennedy Nzechukwu,Danilo Marques,198.12,195.58,205,195.58,210.82,205,29,35,2.54,-15.24,6,KO/TKO,0.0,1.0,0.0
1724,Red,Shavkat Rakhmonov,Michel Prazeres,167.64,170.18,170,185.42,195.58,170,26,39,-17.78,-25.4,13,SUB,1.0,1.0,0.0
1726,Red,Marcin Prachnio,Ike Villanueva,185.42,185.42,205,190.5,187.96,205,32,37,-5.08,-2.54,5,KO/TKO,1.0,1.0,0.0
1727,Red,Julia Avila,Julija Stoliarenko,170.18,167.64,135,170.18,172.72,135,33,28,0.0,-5.08,-5,SUB,,1.0,1.0
1728,Red,Charles Rosa,Justin Jaynes,170.18,172.72,145,175.26,175.26,145,34,31,-5.08,-2.54,-3,S-DEC,1.0,1.0,1.0
1730,Red,Chan Sung Jung,Dan Ige,170.18,180.34,145,170.18,182.88,145,34,29,0.0,-2.54,-5,U-DEC,,1.0,1.0
1732,Red,Marlon Vera,Davey Grant,172.72,175.26,135,172.72,177.8,135,28,35,0.0,-2.54,7,U-DEC,,1.0,0.0
1735,Red,Matt Brown,Dhiego Lima,187.96,190.5,170,182.88,190.5,170,40,32,5.08,0.0,-8,KO/TKO,0.0,,1.0
1738,Red,Khaos Williams,Matthew Semelsberger,185.42,190.5,170,182.88,195.58,170,27,28,2.54,-5.08,1,U-DEC,0.0,1.0,0.0
1739,Red,Josh Parisian,Roque Martinez,177.8,182.88,250,193.04,200.66,265,31,35,-15.24,-17.78,4,S-DEC,1.0,1.0,0.0
1741,Red,Casey O'Neill,Lara Procopio,162.56,170.18,125,167.64,175.26,125,23,25,-5.08,-5.08,2,SUB,1.0,1.0,0.0
1742,Red,Israel Adesanya,Marvin Vettori,182.88,187.96,185,193.04,203.2,185,31,27,-10.16,-15.24,-4,U-DEC,1.0,1.0,1.0
1744,Red,Leon Edwards,Nate Diaz,182.88,193.04,170,187.96,187.96,170,29,36,-5.08,5.08,7,U-DEC,1.0,0.0,0.0
1746,Red,Paul Craig,Jamahal Hill,193.04,200.66,205,190.5,193.04,205,33,30,2.54,7.62,-3,KO/TKO,0.0,0.0,1.0
1748,Red,Eryk Anders,Darren Stewart,182.88,187.96,185,185.42,190.5,185,34,30,-2.54,-2.54,-4,U-DEC,1.0,1.0,1.0
1749,Red,Lauren Murphy,Joanne Calderwood,167.64,165.1,125,165.1,170.18,125,37,35,2.54,-5.08,-2,S-DEC,0.0,1.0,1.0
1750,Red,Movsar Evloev,Hakeem Dawodu,172.72,185.42,145,170.18,182.88,145,27,29,2.54,2.54,2,U-DEC,0.0,0.0,0.0
1751,Red,Pannie Kianzad,Alexis Davis,167.64,172.72,135,170.18,167.64,135,29,36,-2.54,5.08,7,U-DEC,1.0,0.0,0.0
1754,Red,Fares Ziam,Luigi Vendramini,172.72,185.42,170,185.42,190.5,155,24,25,-12.7,-5.08,1,M-DEC,1.0,1.0,0.0
1755,Red,Carlos Felipe,Jake Collier,190.5,198.12,230,182.88,190.5,245,26,32,7.62,7.62,6,S-DEC,0.0,0.0,0.0
1756,Red,Jairzinho Rozenstruik,Augusto Sakai,190.5,195.58,265,187.96,198.12,242,33,30,2.54,-2.54,-3,KO/TKO,0.0,1.0,1.0
1758,Red,Roman Dolidze,Laureano Staropoli,185.42,180.34,185,187.96,193.04,205,32,28,-2.54,-12.7,-4,U-DEC,1.0,1.0,1.0
1759,Red,Santiago Ponzinibbio,Miguel Baeza,187.96,187.96,170,182.88,185.42,170,34,28,5.08,2.54,-6,U-DEC,0.0,0.0,1.0
1761,Red,Montana De La Rosa,Ariane Lipski,167.64,170.18,125,170.18,172.72,125,26,27,-2.54,-2.54,1,KO/TKO,1.0,1.0,0.0
1765,Red,Manon Fiorot,Tabatha Ricci,154.94,154.94,125,170.18,165.1,125,31,26,-15.24,-10.16,-5,KO/TKO,1.0,1.0,1.0
1766,Red,Sean Woodson,Youssef Zalal,177.8,182.88,145,187.96,198.12,145,28,24,-10.16,-15.24,-4,S-DEC,1.0,1.0,1.0
1767,Red,Claudio Puelles,Jordan Leavitt,175.26,180.34,155,177.8,182.88,155,25,26,-2.54,-2.54,1,U-DEC,1.0,1.0,0.0
1768,Red,Rob Font,Cody Garbrandt,172.72,165.1,135,172.72,180.34,135,33,29,0.0,-15.24,-4,U-DEC,,1.0,1.0
1772,Red,Ricardo Ramos,Bill Algeo,182.88,185.42,145,175.26,182.88,145,25,31,7.62,2.54,6,U-DEC,0.0,0.0,0.0
1773,Red,Jack Hermansson,Edmen Shahbazyan,187.96,187.96,185,185.42,195.58,185,32,23,2.54,-7.62,-9,U-DEC,0.0,1.0,1.0
1774,Red,Ben Rothwell,Chris Barnett,175.26,190.5,265,193.04,198.12,265,39,34,-17.78,-7.62,-5,SUB,1.0,1.0,1.0
1775,Red,Court McGee,Claudio Silva,180.34,180.34,170,180.34,190.5,170,36,38,0.0,-10.16,2,U-DEC,,1.0,0.0
1776,Red,Bruno Silva,Victor Rodriguez,165.1,170.18,125,162.56,165.1,125,31,28,2.54,5.08,-3,KO/TKO,0.0,0.0,1.0
1777,Red,Josh Culibao,Shayilan Nuerdanbieke,172.72,175.26,145,177.8,185.42,145,26,27,-5.08,-10.16,1,U-DEC,1.0,1.0,0.0
1778,Red,David Dvorak,Juancamilo Ronderos,162.56,162.56,125,165.1,172.72,125,28,26,-2.54,-10.16,-2,SUB,1.0,1.0,1.0
1780,Red,Charles Oliveira,Michael Chandler,172.72,180.34,155,177.8,187.96,155,31,35,-5.08,-7.62,4,KO/TKO,1.0,1.0,0.0
1783,Red,Katlyn Chookagian,Viviane Araujo,162.56,172.72,125,175.26,172.72,125,32,34,-12.7,0.0,2,U-DEC,1.0,,0.0
1786,Red,Lando Vannata,Mike Grundy,170.18,182.88,145,175.26,180.34,155,29,34,-5.08,2.54,5,S-DEC,1.0,0.0,0.0
1787,Red,Jordan Wright,Jamie Pickett,187.96,203.2,185,187.96,195.58,205,29,32,0.0,7.62,3,KO/TKO,,0.0,0.0
1788,Red,Andrea Lee,Antonina Shevchenko,172.72,170.18,125,167.64,175.26,125,32,36,5.08,-5.08,4,SUB,0.0,1.0,0.0
1791,Red,Christos Giagos,Sean Soriano,175.26,177.8,155,177.8,180.34,155,31,31,-2.54,-2.54,0,SUB,1.0,1.0,
1792,Red,Marina Rodriguez,Michelle Waterson,160.02,157.48,115,167.64,165.1,115,34,35,-7.62,-7.62,1,U-DEC,1.0,1.0,0.0
1794,Red,Neil Magny,Geoff Neal,180.34,190.5,170,190.5,203.2,170,33,30,-10.16,-12.7,-3,U-DEC,1.0,1.0,1.0
1797,Red,Phil Hawes,Kyle Daukaus,190.5,193.04,185,182.88,195.58,185,32,28,7.62,-2.54,-4,U-DEC,0.0,1.0,1.0
1799,Red,Junyong Park,Tafon Nchukwi,182.88,195.58,205,177.8,185.42,185,30,26,5.08,10.16,-4,M-DEC,0.0,0.0,1.0
1802,Red,Giga Chikadze,Cub Swanson,172.72,177.8,145,182.88,187.96,145,32,37,-10.16,-10.16,5,KO/TKO,1.0,1.0,0.0
1803,Red,Sean Strickland,Krzysztof Jotko,185.42,195.58,185,185.42,193.04,185,30,31,0.0,2.54,1,U-DEC,,0.0,0.0
1804,Red,Merab Dvalishvili,Cody Stamann,167.64,162.56,145,167.64,172.72,135,30,31,0.0,-10.16,1,U-DEC,,1.0,0.0
1808,Red,Loma Lookboonmee,Sam Hughes,165.1,162.56,115,154.94,154.94,115,25,28,10.16,7.62,3,U-DEC,0.0,0.0,0.0
1809,Red,Andreas Michailidis,KB Bhullar,193.04,198.12,185,182.88,193.04,185,32,29,10.16,5.08,-3,U-DEC,0.0,0.0,1.0
1811,Red,Kamaru Usman,Jorge Masvidal,180.34,187.96,170,182.88,193.04,170,33,36,-2.54,-5.08,3,KO/TKO,1.0,1.0,0.0
1813,Red,Valentina Shevchenko,Jessica Andrade,154.94,157.48,115,165.1,167.64,125,33,29,-10.16,-10.16,-4,KO/TKO,1.0,1.0,1.0
1814,Red,Uriah Hall,Chris Weidman,187.96,198.12,185,182.88,200.66,185,36,36,5.08,-2.54,0,KO/TKO,0.0,1.0,
1815,Red,Anthony Smith,Jimmy Crute,187.96,187.96,205,193.04,193.04,205,32,25,-5.08,-5.08,-7,KO/TKO,1.0,1.0,1.0
1817,Red,Dwight Grant,Stefan Sekulic,182.88,190.5,170,185.42,193.04,170,36,29,-2.54,-2.54,-7,S-DEC,1.0,1.0,1.0
1819,Red,Pat Sabatini,Tristan Connelly,177.8,172.72,170,172.72,177.8,145,30,35,5.08,-5.08,5,U-DEC,0.0,1.0,0.0
1820,Red,Danaa Batgerel,Kevin Natividad,167.64,177.8,145,170.18,177.8,135,31,28,-2.54,0.0,-3,KO/TKO,1.0,,1.0
1821,Red,Kazula Vargas,Rong Zhu,175.26,180.34,155,172.72,180.34,155,35,21,2.54,0.0,-14,U-DEC,0.0,,1.0
1824,Red,Robert Whittaker,Kelvin Gastelum,175.26,180.34,185,182.88,185.42,185,30,29,-7.62,-5.08,-1,U-DEC,1.0,1.0,1.0
1825,Red,Andrei Arlovski,Chase Sherman,193.04,198.12,250,190.5,195.58,240,42,31,2.54,2.54,-11,U-DEC,0.0,0.0,1.0
1827,Red,Tracy Cortez,Justine Kish,165.1,162.56,125,165.1,165.1,135,27,33,0.0,-2.54,6,S-DEC,,1.0,0.0
1828,Red,Luis Pena,Alexander Munoz,175.26,182.88,155,190.5,190.5,155,27,31,-15.24,-7.62,4,S-DEC,1.0,1.0,0.0
1829,Red,Alexandr Romanov,Juan Espino,190.5,203.2,255,187.96,190.5,262,30,40,2.54,12.7,10,S-DEC,0.0,0.0,0.0
1830,Red,Jessica Penne,Loopy Godinez,157.48,154.94,115,165.1,170.18,115,38,27,-7.62,-15.24,-11,S-DEC,1.0,1.0,1.0
1832,Red,Austin Hubbard,Dakota Bush,177.8,185.42,155,177.8,180.34,155,29,26,0.0,5.08,-3,U-DEC,,0.0,1.0
1833,Red,Tony Gravely,Anthony Birchak,172.72,175.26,135,165.1,175.26,135,29,34,7.62,0.0,5,KO/TKO,0.0,,0.0
1834,Red,Marvin Vettori,Kevin Holland,190.5,205.74,185,182.88,187.96,185,27,28,7.62,17.78,1,U-DEC,0.0,0.0,0.0
1835,Red,Arnold Allen,Sodiq Yusuff,175.26,180.34,145,172.72,177.8,145,27,27,2.54,2.54,0,U-DEC,0.0,0.0,
1841,Red,John Makdessi,Ignacio Bahamondes,190.5,190.5,170,172.72,172.72,155,35,23,17.78,17.78,-12,S-DEC,0.0,0.0,1.0
1844,Red,Luis Saldana,Jordan Griffin,177.8,185.42,145,180.34,185.42,145,30,31,-2.54,0.0,1,U-DEC,1.0,,0.0
1845,Red,Da-Un Jung,William Knight,177.8,185.42,205,193.04,198.12,205,27,33,-15.24,-12.7,6,U-DEC,1.0,1.0,0.0
1846,Red,Impa Kasanganay,Sasha Palatnikov,185.42,182.88,170,180.34,190.5,170,27,32,5.08,-7.62,5,SUB,0.0,1.0,0.0
1849,Red,Sean O'Malley,Thomas Almeida,170.18,177.8,145,180.34,182.88,135,26,29,-10.16,-5.08,3,KO/TKO,1.0,1.0,0.0
1851,Red,Jamie Mullarkey,Khama Worthy,180.34,187.96,155,182.88,187.96,155,26,34,-2.54,0.0,8,KO/TKO,1.0,,0.0
1852,Red,Alonzo Menifield,Fabio Cherant,185.42,185.42,205,182.88,193.04,205,33,26,2.54,-7.62,-7,SUB,0.0,1.0,1.0
1856,Red,Marc-Andre Barriault,Abu Azaitar,175.26,193.04,185,185.42,187.96,185,31,35,-10.16,5.08,4,KO/TKO,1.0,0.0,0.0
1857,Red,Derek Brunson,Kevin Holland,190.5,205.74,185,185.42,195.58,185,37,28,5.08,10.16,-9,U-DEC,0.0,0.0,1.0
1860,Red,Adrian Yanez,Gustavo Lopez,165.1,170.18,135,170.18,177.8,135,27,31,-5.08,-7.62,4,KO/TKO,1.0,1.0,0.0
1861,Red,Tai Tuivasa,Harry Hunsucker,187.96,190.5,241,187.96,190.5,264,28,32,0.0,0.0,4,KO/TKO,,,0.0
1864,Red,Trevin Giles,Roman Dolidze,187.96,193.04,205,182.88,187.96,185,28,32,5.08,5.08,4,U-DEC,0.0,0.0,0.0
1865,Red,Montel Jackson,Jesse Strader,170.18,177.8,135,177.8,190.5,135,28,29,-7.62,-12.7,1,KO/TKO,1.0,1.0,0.0
1866,Red,Bruno Silva,JP Buys,165.1,170.18,125,162.56,165.1,125,31,24,2.54,5.08,-7,KO/TKO,0.0,0.0,1.0
1868,Red,Dan Ige,Gavin Tucker,167.64,167.64,145,170.18,180.34,145,29,34,-2.54,-12.7,5,KO/TKO,1.0,1.0,0.0
1871,Red,Angela Hill,Ashley Yoder,170.18,175.26,115,160.02,162.56,115,36,33,10.16,12.7,-3,U-DEC,0.0,0.0,1.0
1872,Red,Charles Jourdain,Marcelo Rojo,172.72,180.34,145,175.26,175.26,145,25,32,-2.54,5.08,7,KO/TKO,1.0,0.0,0.0
1873,Red,Rani Yahya,Ray Rodriguez,170.18,177.8,135,167.64,170.18,135,36,33,2.54,7.62,-3,SUB,0.0,0.0,1.0
1874,Red,Nasrat Haqparast,Rafa Garcia,170.18,177.8,155,177.8,182.88,155,25,26,-7.62,-5.08,1,U-DEC,1.0,1.0,0.0
1877,Red,Matthew Semelsberger,Jason Witt,177.8,177.8,170,185.42,190.5,170,28,34,-7.62,-12.7,6,KO/TKO,1.0,1.0,0.0
1878,Red,Jan Blachowicz,Israel Adesanya,193.04,203.2,185,187.96,198.12,205,38,31,5.08,5.08,-7,U-DEC,0.0,0.0,1.0
1879,Red,Amanda Nunes,Megan Anderson,182.88,182.88,145,172.72,175.26,145,32,31,10.16,7.62,-1,SUB,0.0,0.0,1.0
1881,Red,Islam Makhachev,Drew Dober,172.72,177.8,155,177.8,177.8,155,29,32,-5.08,0.0,3,SUB,1.0,,0.0
1883,Red,Dominick Cruz,Casey Kenney,170.18,172.72,140,172.72,172.72,135,35,29,-2.54,0.0,-6,S-DEC,1.0,,1.0
1887,Red,Tim Elliott,Jordan Espinosa,167.64,175.26,125,170.18,167.64,125,34,31,-2.54,7.62,-3,U-DEC,1.0,0.0,1.0
1888,Red,Kennedy Nzechukwu,Carlos Ulberg,193.04,195.58,205,195.58,210.82,205,28,30,-2.54,-15.24,2,KO/TKO,1.0,1.0,0.0
1889,Red,Sean Brady,Jake Matthews,180.34,185.42,170,177.8,182.88,170,28,26,2.54,2.54,-2,SUB,0.0,0.0,1.0
1891,Red,Uros Medic,Aalon Cruz,182.88,198.12,145,185.42,180.34,155,27,31,-2.54,17.78,4,KO/TKO,1.0,0.0,0.0
1895,Red,Pedro Munhoz,Jimmie Rivera,162.56,172.72,135,167.64,165.1,135,34,31,-5.08,7.62,-3,U-DEC,1.0,0.0,1.0
1896,Red,Alex Caceres,Kevin Croom,180.34,185.42,155,177.8,185.42,145,32,33,2.54,0.0,1,U-DEC,0.0,,0.0
1898,Red,Alexis Davis,Sabina Mazo,170.18,177.8,135,167.64,172.72,135,36,23,2.54,5.08,-13,U-DEC,0.0,0.0,1.0
1900,Red,Dustin Jacoby,Maxim Grishin,190.5,198.12,220,190.5,193.04,205,32,36,0.0,5.08,4,U-DEC,,0.0,0.0
1905,Red,Phil Hawes,Nassourdine Imavov,190.5,190.5,185,182.88,195.58,185,32,25,7.62,-5.08,-7,M-DEC,0.0,1.0,1.0
1907,Red,Jared Gordon,Danny Chavez,172.72,170.18,145,175.26,172.72,145,32,33,-2.54,-2.54,1,U-DEC,1.0,1.0,0.0
1911,Red,Aiemann Zahabi,Drako Rodriguez,172.72,175.26,135,172.72,172.72,135,33,24,0.0,2.54,-9,KO/TKO,,0.0,1.0
1912,Red,Serghei Spivac,Jared Vanderaa,193.04,203.2,260,190.5,198.12,260,26,28,2.54,5.08,2,KO/TKO,0.0,0.0,0.0
1913,Red,Kamaru Usman,Gilbert Burns,177.8,180.34,170,182.88,193.04,170,33,34,-5.08,-12.7,1,KO/TKO,1.0,1.0,0.0
1915,Red,Kelvin Gastelum,Ian Heinisch,180.34,182.88,185,175.26,180.34,185,29,32,5.08,2.54,3,U-DEC,0.0,0.0,0.0
1916,Red,Ricky Simon,Brian Kelleher,167.64,167.64,145,167.64,175.26,135,28,34,0.0,-7.62,6,U-DEC,,1.0,0.0
1919,Red,Belal Muhammad,Dhiego Lima,187.96,190.5,170,180.34,182.88,170,32,32,7.62,7.62,0,U-DEC,0.0,0.0,
1920,Red,Polyana Viana,Mallory Martin,162.56,160.02,115,165.1,170.18,115,28,27,-2.54,-10.16,-1,SUB,1.0,1.0,1.0
1922,Red,Gabe Green,Philip Rowe,190.5,203.2,170,177.8,185.42,170,27,30,12.7,17.78,3,U-DEC,0.0,0.0,0.0
1924,Red,Cory Sandhagen,Frankie Edgar,167.64,172.72,135,180.34,177.8,135,28,39,-12.7,-5.08,11,KO/TKO,1.0,1.0,0.0
1925,Red,Alexandre Pantoja,Manel Kape,165.1,172.72,125,165.1,170.18,125,30,27,0.0,2.54,-3,U-DEC,,0.0,1.0
1930,Red,SeungWoo Choi,Youssef Zalal,177.8,182.88,145,182.88,187.96,145,28,24,-5.08,-5.08,-4,U-DEC,1.0,1.0,1.0
1931,Red,Dustin Poirier,Conor McGregor,175.26,187.96,155,175.26,182.88,155,32,32,0.0,5.08,0,KO/TKO,,0.0,
1935,Red,Marina Rodriguez,Amanda Ribas,160.02,167.64,125,167.64,165.1,115,33,27,-7.62,2.54,-6,KO/TKO,1.0,0.0,1.0
1936,Red,Brad Tavares,Antonio Carlos Junior,187.96,200.66,185,185.42,187.96,185,33,30,2.54,12.7,-3,U-DEC,0.0,0.0,1.0
1937,Red,Julianna Pena,Sara McMann,167.64,167.64,135,167.64,175.26,135,31,40,0.0,-7.62,9,SUB,,1.0,0.0
1940,Red,Amir Albazi,Zhalgas Zhumagulov,162.56,167.64,125,165.1,172.72,125,27,32,-2.54,-5.08,5,U-DEC,1.0,1.0,0.0
1941,Red,Michael Chiesa,Neil Magny,190.5,203.2,170,185.42,190.5,170,33,33,5.08,12.7,0,U-DEC,0.0,0.0,
1942,Red,Warlley Alves,Mounir Lazzez,185.42,193.04,170,180.34,182.88,170,30,33,5.08,10.16,3,KO/TKO,0.0,0.0,0.0
1943,Red,Ike Villanueva,Vinicius Moreira,193.04,193.04,205,185.42,185.42,225,36,31,7.62,7.62,-5,KO/TKO,0.0,0.0,1.0
1945,Red,Matt Schnell,Tyson Nam,170.18,172.72,125,172.72,177.8,125,31,37,-2.54,-5.08,6,S-DEC,1.0,1.0,0.0
1946,Red,Lerone Murphy,Douglas Silva de Andrade,170.18,172.72,145,175.26,185.42,145,29,35,-5.08,-12.7,6,U-DEC,1.0,1.0,0.0
1947,Red,Omari Akhmedov,Tom Breese,190.5,185.42,185,182.88,185.42,185,33,29,7.62,0.0,-4,SUB,0.0,,1.0
1948,Red,Ricky Simon,Gaetano Pirrello,170.18,170.18,135,167.64,175.26,135,28,28,2.54,-5.08,0,SUB,0.0,1.0,
1949,Red,Su Mudaerji,Zarrukh Adashev,165.1,165.1,125,172.72,182.88,125,25,28,-7.62,-17.78,3,U-DEC,1.0,1.0,0.0
1950,Red,Dalcha Lungiambula,Markus Perez,185.42,185.42,185,172.72,193.04,185,33,32,12.7,-7.62,-1,U-DEC,0.0,1.0,1.0
1951,Red,Francisco Figueiredo,Jerome Rivera,177.8,182.88,135,167.64,175.26,135,31,25,10.16,7.62,-6,U-DEC,0.0,0.0,1.0
1953,Red,Umar Nurmagomedov,Sergey Morozov,167.64,167.64,135,172.72,172.72,135,24,31,-5.08,-5.08,7,SUB,1.0,1.0,0.0
1955,Red,Max Holloway,Calvin Kattar,180.34,182.88,145,180.34,175.26,145,29,32,0.0,7.62,3,U-DEC,,0.0,0.0
1956,Red,Carlos Condit,Matt Brown,182.88,190.5,170,187.96,190.5,170,36,40,-5.08,0.0,4,U-DEC,1.0,,0.0
1959,Red,Punahele Soriano,Dusko Todorovic,185.42,187.96,185,180.34,182.88,185,28,26,5.08,5.08,-2,KO/TKO,0.0,0.0,1.0
1961,Red,Carlos Felipe,Justin Tafa,182.88,187.96,264,182.88,190.5,245,26,27,0.0,-2.54,1,S-DEC,,1.0,0.0
1965,Red,Stephen Thompson,Geoff Neal,180.34,190.5,170,182.88,190.5,170,37,30,-2.54,0.0,-7,U-DEC,1.0,,1.0
1966,Red,Jose Aldo,Marlon Vera,172.72,177.8,135,170.18,177.8,135,34,28,2.54,0.0,-6,U-DEC,0.0,,1.0
1967,Red,Michel Pereira,Khaos Williams,182.88,195.58,170,185.42,185.42,170,27,26,-2.54,10.16,-1,U-DEC,1.0,0.0,1.0
1969,Red,Marcin Tybura,Greg Hardy,195.58,203.2,265,190.5,198.12,249,35,32,5.08,5.08,-3,KO/TKO,0.0,0.0,1.0
1970,Red,Anthony Pettis,Alex Morono,180.34,182.88,170,177.8,182.88,155,33,30,2.54,0.0,-3,U-DEC,0.0,,1.0
1972,Red,Deron Winn,Antonio Arroyo,190.5,185.42,185,167.64,177.8,185,31,31,22.86,7.62,0,U-DEC,0.0,0.0,
1974,Red,Tafon Nchukwi,Jamie Pickett,187.96,203.2,185,182.88,195.58,205,26,32,5.08,7.62,6,U-DEC,0.0,0.0,0.0
1975,Red,Jimmy Flick,Cody Durden,170.18,170.18,125,170.18,172.72,125,30,29,0.0,-2.54,-1,SUB,,1.0,1.0
1976,Red,Christos Giagos,Carlton Minus,177.8,190.5,170,177.8,180.34,155,30,27,0.0,10.16,-3,U-DEC,,0.0,1.0
1978,Red,Mackenzie Dern,Virna Jandiroba,160.02,162.56,115,162.56,160.02,115,27,32,-2.54,2.54,5,U-DEC,1.0,0.0,0.0
1979,Red,Kevin Holland,Jacare Souza,185.42,182.88,185,190.5,205.74,185,28,41,-5.08,-22.86,13,KO/TKO,1.0,1.0,0.0
1981,Red,Cub Swanson,Daniel Pineda,170.18,175.26,145,172.72,177.8,145,37,35,-2.54,-2.54,-2,KO/TKO,1.0,1.0,1.0
1983,Red,Gavin Tucker,Billy Quarantillo,177.8,177.8,145,167.64,167.64,145,34,32,10.16,10.16,-2,U-DEC,0.0,0.0,1.0
1984,Red,Tecia Torres,Sam Hughes,165.1,162.56,115,154.94,152.4,115,31,28,10.16,10.16,-3,KO/TKO,0.0,0.0,1.0
1985,Red,Chase Hooper,Peter Barrett,177.8,185.42,145,185.42,187.96,145,21,34,-7.62,-2.54,13,SUB,1.0,1.0,0.0
1988,Red,Gabriel Benitez,Justin Jaynes,170.18,172.72,155,172.72,180.34,155,32,31,-2.54,-7.62,-1,KO/TKO,1.0,1.0,1.0
1989,Red,Roman Dolidze,John Allan,185.42,190.5,205,187.96,193.04,205,32,27,-2.54,-2.54,-5,S-DEC,1.0,1.0,1.0
1990,Red,Louis Smolka,Jose Quinonez,172.72,175.26,135,175.26,172.72,135,29,30,-2.54,2.54,1,KO/TKO,1.0,0.0,0.0
1992,Red,Ilia Topuria,Damon Jackson,180.34,180.34,145,170.18,175.26,145,23,32,10.16,5.08,9,KO/TKO,0.0,0.0,0.0
1994,Red,Anthony Smith,Devin Clark,182.88,190.5,205,193.04,193.04,205,32,30,-10.16,-2.54,-2,SUB,1.0,1.0,1.0
1995,Red,Miguel Baeza,Takashi Sato,177.8,185.42,170,187.96,187.96,170,28,30,-10.16,-2.54,2,SUB,1.0,1.0,0.0
1999,Red,Jonathan Pearce,Kai Kamaka,170.18,175.26,145,182.88,180.34,145,28,25,-12.7,-5.08,-3,KO/TKO,1.0,1.0,1.0
2001,Red,Gina Mazany,Rachael Ostovich,160.02,157.48,125,167.64,172.72,125,32,29,-7.62,-15.24,-3,KO/TKO,1.0,1.0,1.0
2002,Red,Su Mudaerji,Malcolm Gordon,170.18,180.34,125,172.72,182.88,125,24,30,-2.54,-2.54,6,KO/TKO,1.0,1.0,0.0
2004,Red,Deiveson Figueiredo,Alex Perez,167.64,165.1,125,165.1,172.72,125,32,28,2.54,-7.62,-4,SUB,0.0,1.0,1.0
2005,Red,Valentina Shevchenko,Jennifer Maia,162.56,162.56,125,165.1,167.64,125,32,32,-2.54,-5.08,0,U-DEC,1.0,1.0,
2007,Red,Katlyn Chookagian,Cynthia Calvillo,162.56,162.56,125,175.26,172.72,125,31,33,-12.7,-10.16,2,U-DEC,1.0,1.0,0.0
2009,Red,Brandon Moreno,Brandon Royval,175.26,172.72,125,170.18,177.8,125,26,28,5.08,-5.08,2,KO/TKO,0.0,1.0,0.0
2010,Red,Joaquin Buckley,Jordan Wright,187.96,195.58,205,177.8,193.04,185,26,29,10.16,2.54,3,KO/TKO,0.0,0.0,0.0
2011,Red,Antonina Shevchenko,Ariane Lipski,167.64,170.18,125,172.72,170.18,125,36,26,-5.08,0.0,-10,KO/TKO,1.0,,1.0
2013,Red,Alan Jouban,Jared Gooden,182.88,195.58,170,182.88,185.42,170,38,26,0.0,10.16,-12,U-DEC,,0.0,1.0
2014,Red,Kyle Daukaus,Dustin Stoltzfus,182.88,190.5,185,190.5,193.04,185,27,29,-7.62,-2.54,2,U-DEC,1.0,1.0,0.0
2020,Red,Ashley Yoder,Miranda Granger,170.18,172.72,125,170.18,175.26,115,33,28,0.0,-2.54,-5,U-DEC,,1.0,1.0
2021,Red,Alex Morono,Rhys McKee,187.96,198.12,170,180.34,182.88,170,30,25,7.62,15.24,-5,U-DEC,0.0,0.0,1.0
2024,Red,Don'Tale Mayes,Roque Martinez,177.8,182.88,250,198.12,205.74,260,28,34,-20.32,-22.86,6,U-DEC,1.0,1.0,0.0
2026,Red,Andrei Arlovski,Tanner Boser,187.96,190.5,255,190.5,195.58,240,41,29,-2.54,-5.08,-12,U-DEC,1.0,1.0,1.0
2027,Red,Raoni Barcelos,Khalid Taha,165.1,175.26,135,170.18,170.18,135,33,28,-5.08,5.08,-5,U-DEC,1.0,0.0,1.0
2029,Red,Trevin Giles,Bevon Lewis,190.5,200.66,185,182.88,187.96,185,28,29,7.62,12.7,1,KO/TKO,0.0,0.0,0.0
2030,Red,Giga Chikadze,Jamey Simmons,165.1,165.1,145,182.88,187.96,145,32,28,-17.78,-22.86,-4,KO/TKO,1.0,1.0,1.0
2031,Red,Alexandr Romanov,Marcos Rogerio de Lima,185.42,190.5,253,187.96,190.5,262,29,35,-2.54,0.0,6,SUB,1.0,,0.0
2032,Red,Darren Elkins,Eduardo Garagorri,175.26,177.8,145,177.8,180.34,145,36,31,-2.54,-2.54,-5,SUB,1.0,1.0,1.0
2033,Red,Max Griffin,Ramiz Brahimaj,177.8,185.42,170,180.34,193.04,170,34,27,-2.54,-7.62,-7,KO/TKO,1.0,1.0,1.0
2034,Red,Gustavo Lopez,Anthony Birchak,172.72,175.26,135,165.1,170.18,135,31,34,7.62,5.08,3,SUB,0.0,0.0,0.0
2035,Red,Uriah Hall,Anderson Silva,187.96,195.58,185,182.88,200.66,185,36,45,5.08,-5.08,9,KO/TKO,0.0,1.0,0.0
2036,Red,Bryce Mitchell,Andre Fili,180.34,187.96,145,177.8,177.8,145,26,30,2.54,10.16,4,U-DEC,0.0,0.0,0.0
2038,Red,Kevin Holland,Charlie Ontiveros,187.96,198.12,185,190.5,205.74,170,27,29,-2.54,-7.62,2,SUB,1.0,1.0,0.0
2041,Red,Adrian Yanez,Victor Rodriguez,165.1,165.1,135,170.18,177.8,135,26,28,-5.08,-12.7,2,KO/TKO,1.0,1.0,0.0
2042,Red,Sean Strickland,Jack Marshman,182.88,185.42,185,185.42,193.04,170,29,30,-2.54,-7.62,1,U-DEC,1.0,1.0,0.0
2044,Red,Dustin Jacoby,Justin Ledet,193.04,203.2,205,190.5,193.04,205,32,32,2.54,10.16,0,KO/TKO,0.0,0.0,
2045,Red,Miles Johns,Kevin Natividad,167.64,177.8,145,170.18,167.64,135,26,27,-2.54,10.16,1,KO/TKO,1.0,0.0,0.0
2046,Red,Khabib Nurmagomedov,Justin Gaethje,180.34,177.8,155,177.8,177.8,155,32,31,2.54,0.0,-1,SUB,0.0,,1.0
2047,Red,Robert Whittaker,Jared Cannonier,180.34,195.58,185,182.88,185.42,185,29,36,-2.54,10.16,7,U-DEC,1.0,0.0,0.0
2048,Red,Alexander Volkov,Walt Harris,195.58,195.58,250,200.66,203.2,250,32,37,-5.08,-7.62,5,KO/TKO,1.0,1.0,0.0
2050,Red,Lauren Murphy,Liliya Shakirova,162.56,165.1,125,165.1,170.18,125,37,29,-2.54,-5.08,-8,SUB,1.0,1.0,1.0
2051,Red,Magomed Ankalaev,Ion Cutelaba,185.42,190.5,205,190.5,190.5,205,28,26,-5.08,0.0,-2,KO/TKO,1.0,,1.0
2056,Red,Joel Alvarez,Alexander Yakovlev,190.5,187.96,155,190.5,195.58,155,26,36,0.0,-7.62,10,SUB,,1.0,0.0
2057,Red,Brian Ortega,Chan Sung Jung,170.18,182.88,145,172.72,175.26,145,29,33,-2.54,7.62,4,U-DEC,1.0,0.0,0.0
2059,Red,Jimmy Crute,Modestas Bukauskas,190.5,198.12,205,187.96,187.96,205,24,26,2.54,10.16,2,KO/TKO,0.0,0.0,0.0
2063,Red,Gillian Robertson,Poliana Botelho,172.72,170.18,115,165.1,160.02,125,25,31,7.62,10.16,6,U-DEC,0.0,0.0,0.0
2064,Red,Junyong Park,John Phillips,180.34,190.5,185,177.8,185.42,185,29,35,2.54,5.08,6,U-DEC,0.0,0.0,0.0
2067,Red,Said Nurmagomedov,Mark Striegl,172.72,177.8,135,172.72,177.8,135,28,32,0.0,0.0,4,KO/TKO,,,0.0
2069,Red,Edson Barboza,Makwan Amirkhani,177.8,182.88,145,180.34,190.5,145,34,31,-2.54,-7.62,-3,U-DEC,1.0,1.0,1.0
2072,Red,Tom Aspinall,Alan Baudot,190.5,190.5,205,195.58,198.12,256,27,30,-5.08,-7.62,3,KO/TKO,1.0,1.0,0.0
2074,Red,Tom Breese,KB Bhullar,193.04,193.04,185,190.5,185.42,185,29,28,2.54,7.62,-1,KO/TKO,0.0,0.0,1.0
2075,Red,Chris Daukaus,Rodrigo Nascimento,187.96,203.2,246,190.5,193.04,250,31,27,-2.54,10.16,-4,KO/TKO,1.0,0.0,1.0
2078,Red,Giga Chikadze,Omar Morales,180.34,185.42,145,182.88,187.96,145,32,34,-2.54,-2.54,2,U-DEC,1.0,1.0,0.0
2079,Red,Tracy Cortez,Stephanie Egger,170.18,170.18,135,165.1,165.1,135,26,32,5.08,5.08,6,U-DEC,0.0,0.0,0.0
2081,Red,Holly Holm,Irene Aldana,175.26,172.72,135,172.72,175.26,135,38,32,2.54,-2.54,-6,U-DEC,0.0,1.0,1.0
2083,Red,Germaine de Randamie,Julianna Pena,167.64,175.26,135,175.26,180.34,135,36,31,-7.62,-5.08,-5,SUB,1.0,1.0,1.0
2084,Red,Kyler Phillips,Cameron Else,175.26,180.34,135,172.72,182.88,135,25,33,2.54,-2.54,8,KO/TKO,0.0,1.0,0.0
2086,Red,Carlos Condit,Court McGee,180.34,190.5,170,187.96,190.5,170,36,35,-7.62,0.0,-1,U-DEC,1.0,,1.0
2088,Red,Loma Lookboonmee,Jinh Yu Frey,160.02,165.1,115,154.94,154.94,115,24,35,5.08,10.16,11,U-DEC,0.0,0.0,0.0
2089,Red,Casey Kenney,Heili Alateng,165.1,167.64,135,170.18,172.72,135,29,28,-5.08,-5.08,-1,U-DEC,1.0,1.0,1.0
2090,Red,Luigi Vendramini,Jessin Ayari,182.88,185.42,155,172.72,185.42,170,24,28,10.16,0.0,4,KO/TKO,0.0,,0.0
2091,Red,Israel Adesanya,Paulo Costa,185.42,182.88,185,193.04,203.2,185,31,29,-7.62,-20.32,-2,KO/TKO,1.0,1.0,1.0
2094,Red,Ketlen Vieira,Sijara Eubanks,162.56,170.18,135,172.72,172.72,135,29,35,-10.16,-2.54,6,U-DEC,1.0,1.0,0.0
2095,Red,Hakeem Dawodu,Zubaira Tukhugov,172.72,172.72,145,172.72,185.42,145,29,29,0.0,-12.7,0,S-DEC,,1.0,
2096,Red,Brad Riddell,Alex Da Silva,172.72,185.42,155,170.18,180.34,155,28,24,2.54,5.08,-4,U-DEC,0.0,0.0,1.0
2099,Red,William Knight,Aleksa Camur,185.42,187.96,205,177.8,185.42,205,32,25,7.62,2.54,-7,U-DEC,0.0,0.0,1.0
2100,Red,Juan Espino,Jeff Hughes,187.96,195.58,250,193.04,208.28,250,39,32,-5.08,-12.7,-7,SUB,1.0,1.0,1.0
2102,Red,Colby Covington,Tyron Woodley,175.26,187.96,170,180.34,182.88,170,32,38,-5.08,5.08,6,KO/TKO,1.0,0.0,0.0
2103,Red,Khamzat Chimaev,Gerald Meerschaert,185.42,195.58,185,187.96,190.5,170,26,32,-2.54,5.08,6,KO/TKO,1.0,0.0,0.0
2104,Red,Johnny Walker,Ryan Spann,195.58,200.66,205,198.12,208.28,205,28,29,-2.54,-7.62,1,KO/TKO,1.0,1.0,0.0
2105,Red,Mackenzie Dern,Randa Markos,162.56,160.02,115,162.56,160.02,115,27,35,0.0,0.0,8,SUB,,,0.0
2106,Red,Kevin Holland,Darren Stewart,182.88,187.96,185,190.5,205.74,170,27,29,-7.62,-17.78,2,S-DEC,1.0,1.0,0.0
2109,Red,Mayra Bueno Silva,Mara Romero Borella,167.64,175.26,125,167.64,167.64,135,29,34,0.0,7.62,5,SUB,,0.0,0.0
2110,Red,Jessica-Rose Clark,Sarah Alpar,162.56,162.56,135,165.1,162.56,125,32,29,-2.54,0.0,-3,KO/TKO,1.0,,1.0
2111,Red,Darrick Minner,TJ Laramie,167.64,167.64,145,170.18,175.26,145,30,22,-2.54,-7.62,-8,SUB,1.0,1.0,1.0
2113,Red,Andre Ewell,Irwin Rivera,167.64,170.18,135,172.72,190.5,135,32,31,-5.08,-20.32,-1,S-DEC,1.0,1.0,1.0
2114,Red,Tyson Nam,Jerome Rivera,177.8,182.88,135,170.18,172.72,125,36,25,7.62,10.16,-11,KO/TKO,0.0,0.0,1.0
2115,Red,Michelle Waterson,Angela Hill,160.02,162.56,115,160.02,157.48,115,34,35,0.0,5.08,1,S-DEC,,0.0,0.0
2116,Red,Ottman Azaitar,Khama Worthy,180.34,187.96,155,172.72,180.34,155,30,33,7.62,7.62,3,KO/TKO,0.0,0.0,0.0
2117,Red,Roxanne Modafferi,Andrea Lee,167.64,175.26,125,170.18,175.26,125,37,31,-2.54,0.0,-6,U-DEC,1.0,,1.0
2118,Red,Ed Herman,Mike Rodriguez,193.04,208.28,205,185.42,195.58,205,39,31,7.62,12.7,-8,SUB,0.0,0.0,1.0
2119,Red,Billy Quarantillo,Kyle Nelson,180.34,180.34,155,177.8,177.8,145,31,29,2.54,2.54,-2,KO/TKO,0.0,0.0,1.0
2122,Red,Alexandr Romanov,Roque Martinez,177.8,177.8,250,187.96,190.5,262,29,34,-10.16,-12.7,5,SUB,1.0,1.0,0.0
2123,Red,Bobby Green,Alan Patrick,180.34,187.96,155,177.8,180.34,155,34,37,2.54,7.62,3,U-DEC,0.0,0.0,0.0
2125,Red,Bryan Barberena,Anthony Ivy,187.96,187.96,185,182.88,182.88,170,31,30,5.08,5.08,-1,U-DEC,0.0,0.0,1.0
2126,Red,Sabina Mazo,Justine Kish,165.1,162.56,125,170.18,177.8,125,23,32,-5.08,-15.24,9,SUB,1.0,1.0,0.0
2127,Red,Alistair Overeem,Augusto Sakai,190.5,195.58,265,193.04,203.2,265,40,29,-2.54,-7.62,-11,KO/TKO,1.0,1.0,1.0
2128,Red,Ovince Saint Preux,Alonzo Menifield,182.88,193.04,205,190.5,203.2,205,37,32,-7.62,-10.16,-5,KO/TKO,1.0,1.0,1.0
2129,Red,Michel Pereira,Zelim Imadaev,182.88,193.04,170,185.42,185.42,170,26,25,-2.54,7.62,-1,SUB,1.0,0.0,1.0
2130,Red,Brian Kelleher,Ray Rodriguez,170.18,180.34,135,167.64,167.64,145,34,32,2.54,12.7,-2,SUB,0.0,0.0,1.0
2131,Red,Andre Muniz,Bartosz Fabinski,182.88,190.5,170,185.42,198.12,185,30,34,-2.54,-7.62,4,SUB,1.0,1.0,0.0
2132,Red,Viviane Araujo,Montana De La Rosa,170.18,172.72,125,162.56,172.72,125,33,25,7.62,0.0,-8,U-DEC,0.0,,1.0
2137,Red,Ricardo Lamas,Bill Algeo,182.88,185.42,145,172.72,180.34,145,38,31,10.16,5.08,-7,U-DEC,0.0,0.0,1.0
2139,Red,Mallory Martin,Hannah Cifers,154.94,157.48,115,162.56,160.02,115,26,28,-7.62,-2.54,2,SUB,1.0,1.0,0.0
2141,Red,Alex Caceres,Austin Springer,172.72,180.34,145,177.8,185.42,145,32,33,-5.08,-5.08,1,SUB,1.0,1.0,0.0
2142,Red,Polyana Viana,Emily Whitmire,165.1,160.02,115,165.1,170.18,115,28,29,0.0,-10.16,1,SUB,,1.0,0.0
2143,Red,Sean Brady,Christian Aguilera,175.26,182.88,170,177.8,182.88,170,27,28,-2.54,0.0,1,SUB,1.0,,0.0
2147,Red,Daniel Rodriguez,Dwight Grant,185.42,193.04,170,185.42,187.96,170,33,35,0.0,5.08,2,KO/TKO,,0.0,0.0
2148,Red,Amanda Lemos,Mizuki Inoue,160.02,165.1,125,162.56,165.1,135,33,26,-2.54,0.0,-7,U-DEC,1.0,,1.0
2153,Red,Stipe Miocic,Daniel Cormier,180.34,182.88,235,193.04,203.2,240,37,41,-12.7,-20.32,4,U-DEC,1.0,1.0,0.0
2162,Red,Chris Daukaus,Parker Porter,172.0,172.0,260,187.96,187.96,256,30,30,-187.96,-187.96,0,KO/TKO,1.0,1.0,
2163,Red,Derrick Lewis,Aleksei Oleinik,187.96,203.2,240,190.5,200.66,260,35,43,-2.54,2.54,8,,1.0,0.0,0.0
2166,Red,Yana Kunitskaya,Julija Stoliarenko,170.18,167.64,135,167.64,172.72,135,30,27,2.54,-5.08,-3,,0.0,1.0,1.0
2167,Red,Beneil Dariush,Scott Holtzman,175.26,175.26,155,177.8,182.88,155,31,36,-2.54,-7.62,5,,1.0,1.0,0.0
2168,Red,Tim Means,Laureano Staropoli,185.42,180.34,170,187.96,190.5,170,36,27,-2.54,-10.16,-9,,1.0,1.0,1.0
2169,Red,Kevin Holland,Joaquin Buckley,177.8,185.42,185,190.5,205.74,170,27,26,-12.7,-20.32,-1,,1.0,1.0,1.0
2170,Red,Nasrat Haqparast,Alex Munoz,175.26,175.26,155,177.8,182.88,155,24,30,-2.54,-7.62,6,,1.0,1.0,0.0
2171,Red,Andrew Sanchez,Wellington Turman,182.88,182.88,185,185.42,187.96,185,32,24,-2.54,-5.08,-8,,1.0,1.0,1.0
2172,Red,Gavin Tucker,Justin Jaynes,170.18,172.72,155,167.64,167.64,145,34,30,2.54,5.08,-4,,0.0,0.0,1.0
2173,Red,Youssef Zalal,Peter Barrett,177.8,185.42,145,177.8,182.88,145,23,33,0.0,2.54,10,,,0.0,0.0
2174,Red,Irwin Rivera,Ali Qaisi,172.72,172.72,135,167.64,167.64,135,31,29,5.08,5.08,-2,,0.0,0.0,1.0
2175,Red,Derek Brunson,Edmen Shahbazyan,187.96,187.96,185,185.42,195.58,185,36,22,2.54,-7.62,-14,KO/TKO,0.0,1.0,1.0
2177,Red,Vicente Luque,Randy Brown,190.5,198.12,170,180.34,190.5,170,28,30,10.16,7.62,2,KO/TKO,0.0,0.0,0.0
2181,Red,Jamall Emmers,Vince Cachero,167.64,172.72,145,177.8,187.96,145,31,30,-10.16,-15.24,-1,U-DEC,1.0,1.0,1.0
2182,Red,Robert Whittaker,Darren Till,182.88,187.96,185,182.88,185.42,185,29,27,0.0,2.54,-2,U-DEC,,0.0,1.0
2183,Red,Mauricio Rua,Rogerio Nogueira,187.96,190.5,205,185.42,193.04,205,38,44,2.54,-2.54,6,S-DEC,0.0,1.0,0.0
2184,Red,Fabricio Werdum,Alexander Gustafsson,195.58,200.66,205,193.04,195.58,231,42,33,2.54,5.08,-9,SUB,0.0,0.0,1.0
2185,Red,Carla Esparza,Marina Rodriguez,167.64,165.1,115,154.94,160.02,115,32,33,12.7,5.08,1,S-DEC,0.0,0.0,0.0
2186,Red,Paul Craig,Gadzhimurad Antigulov,180.34,177.8,205,190.5,193.04,205,32,33,-10.16,-15.24,1,SUB,1.0,1.0,0.0
2187,Red,Alex Oliveira,Peter Sobotta,182.88,190.5,170,180.34,193.04,170,32,33,2.54,-2.54,1,U-DEC,0.0,1.0,0.0
2188,Red,Khamzat Chimaev,Rhys McKee,185.42,185.42,170,187.96,190.5,185,26,30,-2.54,-5.08,4,KO/TKO,1.0,1.0,0.0
2189,Red,Francisco Trinaldo,Jai Herbert,185.42,185.42,155,175.26,177.8,155,41,32,10.16,7.62,-9,KO/TKO,0.0,0.0,1.0
2191,Red,Tom Aspinall,Jake Collier,190.5,198.12,205,195.58,195.58,256,27,31,-5.08,2.54,4,KO/TKO,1.0,0.0,0.0
2192,Red,Movsar Evloev,Mike Grundy,170.18,182.88,145,170.18,182.88,145,26,33,0.0,0.0,7,U-DEC,,,0.0
2193,Red,Tanner Boser,Raphael Pessoa,190.5,198.12,262,187.96,190.5,255,28,31,2.54,7.62,3,KO/TKO,0.0,0.0,0.0
2195,Red,Ramazan Emeev,Niklas Stolze,182.88,182.88,170,177.8,193.04,170,33,27,5.08,-10.16,-6,U-DEC,0.0,1.0,1.0
2196,Red,Nathaniel Wood,John Castaneda,170.18,177.8,135,167.64,175.26,135,27,28,2.54,2.54,1,U-DEC,0.0,0.0,0.0
2197,Red,Deiveson Figueiredo,Joseph Benavidez,162.56,165.1,125,165.1,172.72,125,32,35,-2.54,-7.62,3,SUB,1.0,1.0,0.0
2198,Red,Jack Hermansson,Kelvin Gastelum,175.26,180.34,185,185.42,195.58,185,32,28,-10.16,-15.24,-4,SUB,1.0,1.0,1.0
2200,Red,Ariane Lipski,Luana Carolina,167.64,175.26,125,167.64,170.18,125,26,27,0.0,5.08,1,SUB,,0.0,0.0
2202,Red,Roman Dolidze,Khadis Ibragimov,190.5,198.12,205,187.96,193.04,205,32,25,2.54,5.08,-7,KO/TKO,0.0,0.0,1.0
2203,Red,Grant Dawson,Nad Narimani,172.72,177.8,145,177.8,182.88,145,26,33,-5.08,-5.08,7,U-DEC,1.0,1.0,0.0
2205,Red,Brett Johns,Montel Jackson,177.8,190.5,135,170.18,180.34,135,28,28,7.62,10.16,0,U-DEC,0.0,0.0,
2209,Red,Calvin Kattar,Dan Ige,170.18,180.34,145,180.34,182.88,145,32,28,-10.16,-2.54,-4,U-DEC,1.0,1.0,1.0
2210,Red,Tim Elliott,Ryan Benoit,165.1,172.72,125,170.18,167.64,125,33,30,-5.08,5.08,-3,U-DEC,1.0,0.0,1.0
2211,Red,Jimmie Rivera,Cody Stamann,167.64,162.56,145,162.56,172.72,145,31,30,5.08,-10.16,-1,U-DEC,0.0,1.0,1.0
2216,Red,Modestas Bukauskas,Andreas Michailidis,182.88,182.88,185,190.5,190.5,205,26,31,-7.62,-7.62,5,KO/TKO,1.0,1.0,0.0
2217,Red,Jared Gordon,Chris Fishgold,172.72,172.72,145,175.26,172.72,145,31,28,-2.54,0.0,-3,U-DEC,1.0,,1.0
2219,Red,Jack Shore,Aaron Phillips,175.26,177.8,135,172.72,180.34,135,25,30,2.54,-2.54,5,SUB,0.0,1.0,0.0
2220,Red,Kamaru Usman,Jorge Masvidal,180.34,187.96,170,182.88,193.04,170,33,36,-2.54,-5.08,-3,U-DEC,1.0,1.0,1.0
2221,Red,Alexander Volkanovski,Max Holloway,180.34,175.26,145,167.64,180.34,145,31,28,12.7,-5.08,-3,S-DEC,0.0,1.0,1.0
2222,Red,Petr Yan,Jose Aldo,170.18,177.8,135,170.18,170.18,135,27,33,0.0,7.62,6,KO/TKO,,0.0,0.0
2224,Red,Amanda Ribas,Paige VanZant,162.56,165.1,115,160.02,167.64,115,26,26,2.54,-2.54,0,SUB,0.0,1.0,
2227,Red,Makwan Amirkhani,Danny Henry,182.88,185.42,145,177.8,182.88,145,31,31,5.08,2.54,0,SUB,0.0,0.0,
2228,Red,Leonardo Santos,Roman Bogatov,172.72,172.72,155,182.88,190.5,155,40,29,-10.16,-17.78,-11,U-DEC,1.0,1.0,1.0
2229,Red,Marcin Tybura,Maxim Grishin,190.5,198.12,265,190.5,198.12,249,34,36,0.0,0.0,-2,U-DEC,,,1.0
2230,Red,Raulian Paiva,Zhalgas Zhamagulov,162.56,162.56,125,172.72,175.26,125,24,31,-10.16,-12.7,7,,1.0,1.0,0.0
2231,Red,Karol Rosa,Vanessa Melo,165.1,165.1,135,165.1,170.18,135,25,32,0.0,-5.08,7,U-DEC,,1.0,0.0
2233,Red,Dustin Poirier,Dan Hooker,182.88,190.5,155,175.26,182.88,155,31,30,7.62,7.62,-1,U-DEC,0.0,0.0,1.0
2234,Red,Mike Perry,Mickey Gall,187.96,187.96,170,177.8,180.34,170,28,28,10.16,7.62,0,U-DEC,0.0,0.0,
2235,Red,Brendan Allen,Kyle Daukaus,190.5,193.04,185,187.96,190.5,185,24,27,2.54,2.54,3,U-DEC,0.0,0.0,0.0
2238,Red,Mara Romero Borella,Miranda Maverick,160.02,165.1,125,167.64,175.26,125,34,22,-7.62,-10.16,-12,,1.0,1.0,1.0
2241,Red,Takashi Sato,Jason Witt,177.8,177.8,170,177.8,185.42,170,30,33,0.0,-7.62,-3,KO/TKO,,1.0,1.0
2242,Red,Kay Hansen,Jinh Yu Frey,157.48,157.48,115,160.02,160.02,115,20,35,-2.54,-160.02,15,SUB,1.0,1.0,0.0
2244,Red,Curtis Blaydes,Alexander Volkov,200.66,203.2,250,193.04,203.2,265,29,31,7.62,0.0,2,U-DEC,0.0,,0.0
2245,Red,Josh Emmett,Shane Burgos,180.34,190.5,145,167.64,177.8,145,35,29,12.7,12.7,-6,U-DEC,0.0,0.0,1.0
2246,Red,Raquel Pennington,Marion Reneau,167.64,172.72,135,170.18,170.18,135,31,43,-2.54,2.54,12,U-DEC,1.0,0.0,0.0
2247,Red,Belal Muhammad,Lyman Good,182.88,187.96,170,180.34,182.88,170,31,35,2.54,5.08,4,U-DEC,0.0,0.0,0.0
2248,Red,Jim Miller,Roosevelt Roberts,187.96,185.42,155,172.72,180.34,155,36,26,15.24,5.08,-10,SUB,0.0,0.0,1.0
2250,Red,Tecia Torres,Brianna Van Buren,152.4,157.48,115,154.94,152.4,115,30,26,-2.54,5.08,-4,U-DEC,1.0,0.0,1.0
2251,Red,Marc-Andre Barriault,Oskar Piechota,182.88,193.04,185,185.42,187.96,185,30,30,-2.54,5.08,0,KO/TKO,1.0,0.0,
2255,Red,Austin Hubbard,Max Rohskopf,185.42,187.96,155,177.8,180.34,155,28,25,7.62,7.62,-3,KO/TKO,0.0,0.0,1.0
2258,Red,Charles Rosa,Kevin Aguilar,170.18,185.42,155,175.26,175.26,145,33,31,-5.08,10.16,-2,S-DEC,1.0,0.0,1.0
2259,Red,Andre Fili,Charles Jourdain,175.26,175.26,145,180.34,187.96,145,29,24,-5.08,-12.7,-5,S-DEC,1.0,1.0,1.0
2260,Red,Jordan Espinosa,Mark De La Rosa,167.64,165.1,135,167.64,175.26,125,30,25,0.0,-10.16,-5,U-DEC,,1.0,1.0
2261,Red,Mariya Agapova,Hannah Cifers,154.94,157.48,115,167.64,172.72,125,23,27,-12.7,-15.24,4,SUB,1.0,1.0,0.0
2262,Red,Merab Dvalishvili,Gustavo Lopez,165.1,170.18,135,167.64,172.72,135,29,30,-2.54,-2.54,1,U-DEC,1.0,1.0,0.0
2263,Red,Julia Avila,Gina Mazany,167.64,172.72,135,170.18,172.72,135,32,31,-2.54,0.0,-1,KO/TKO,1.0,,1.0
2264,Red,Tyson Nam,Zarrukh Adashev,165.1,165.1,125,170.18,172.72,125,36,27,-5.08,-7.62,-9,KO/TKO,1.0,1.0,1.0
2266,Red,Amanda Nunes,Felicia Spencer,167.64,172.72,145,172.72,175.26,145,32,29,-5.08,-2.54,-3,U-DEC,1.0,1.0,1.0
2268,Red,Aljamain Sterling,Cory Sandhagen,180.34,177.8,135,170.18,180.34,135,30,28,10.16,-2.54,-2,SUB,0.0,1.0,1.0
2269,Red,Neil Magny,Anthony Rocco Martin,182.88,185.42,170,190.5,203.2,170,32,30,-7.62,-17.78,-2,U-DEC,1.0,1.0,1.0
2271,Red,Alex Caceres,Chase Hooper,185.42,187.96,145,177.8,185.42,145,31,20,7.62,2.54,-11,U-DEC,0.0,0.0,1.0
2272,Red,Ian Heinisch,Gerald Meerschaert,185.42,195.58,185,180.34,182.88,185,31,32,5.08,12.7,1,KO/TKO,0.0,0.0,0.0
2273,Red,Cody Stamann,Brian Kelleher,167.64,167.64,145,167.64,162.56,135,30,33,0.0,5.08,3,U-DEC,,0.0,0.0
2280,Red,Billy Quarantillo,Spike Carlyle,172.72,180.34,145,177.8,177.8,145,31,27,-5.08,2.54,-4,U-DEC,1.0,0.0,1.0
2281,Red,Roosevelt Roberts,Brok Weaver,182.88,185.42,155,187.96,185.42,155,26,28,-5.08,0.0,2,SUB,1.0,,0.0
2282,Red,Mackenzie Dern,Hannah Cifers,154.94,157.48,115,162.56,160.02,115,27,27,-7.62,-2.54,0,SUB,1.0,1.0,
2283,Red,Katlyn Chookagian,Antonina Shevchenko,172.72,170.18,125,175.26,172.72,125,31,35,-2.54,-2.54,4,U-DEC,1.0,1.0,0.0
2284,Red,Daniel Rodriguez,Gabe Green,177.8,185.42,170,185.42,187.96,170,33,27,-7.62,-2.54,-6,U-DEC,1.0,1.0,1.0
2285,Red,Jamahal Hill,Klidson Abreu,182.88,187.96,205,193.04,200.66,205,29,27,-10.16,-12.7,-2,KO/TKO,1.0,1.0,1.0
2288,Red,Chris Gutierrez,Vince Morales,170.18,177.8,145,175.26,170.18,145,29,29,-5.08,7.62,0,KO/TKO,1.0,0.0,
2289,Red,Alistair Overeem,Walt Harris,195.58,195.58,250,193.04,203.2,265,39,36,2.54,-7.62,-3,KO/TKO,0.0,1.0,1.0
2290,Red,Claudia Gadelha,Angela Hill,160.02,162.56,115,162.56,160.02,115,31,35,-2.54,2.54,4,S-DEC,1.0,0.0,0.0
2291,Red,Dan Ige,Edson Barboza,180.34,190.5,145,170.18,180.34,145,28,34,10.16,10.16,6,S-DEC,0.0,0.0,0.0
2292,Red,Krzysztof Jotko,Eryk Anders,185.42,190.5,185,185.42,195.58,185,30,33,0.0,-5.08,3,U-DEC,,1.0,0.0
2293,Red,Song Yadong,Marlon Vera,172.72,177.8,145,172.72,170.18,145,22,27,0.0,7.62,5,U-DEC,,0.0,0.0
2294,Red,Miguel Baeza,Matt Brown,182.88,190.5,170,187.96,187.96,170,27,39,-5.08,2.54,12,KO/TKO,1.0,0.0,0.0
2295,Red,Kevin Holland,Anthony Hernandez,182.88,190.5,185,190.5,205.74,170,27,26,-7.62,-15.24,-1,KO/TKO,1.0,1.0,1.0
2296,Red,Giga Chikadze,Irwin Rivera,167.64,0.0,145,182.88,187.96,145,31,31,-15.24,-187.96,0,U-DEC,1.0,1.0,
2297,Red,Nate Landwehr,Darren Elkins,177.8,180.34,145,175.26,182.88,145,31,36,2.54,-2.54,5,U-DEC,0.0,1.0,0.0
2298,Red,Cortney Casey,Mara Romero Borella,167.64,175.26,125,170.18,170.18,125,33,33,-2.54,5.08,0,SUB,1.0,0.0,
2299,Red,Rodrigo Nascimento,Don'Tale Mayes,198.12,205.74,260,187.96,203.2,246,27,28,10.16,2.54,1,SUB,0.0,0.0,0.0
2301,Red,Ben Rothwell,Ovince Saint Preux,190.5,203.2,230,193.04,198.12,265,38,37,-2.54,5.08,-1,S-DEC,1.0,0.0,1.0
2303,Red,Ricky Simon,Ray Borg,162.56,160.02,135,167.64,175.26,135,27,26,-5.08,-15.24,-1,S-DEC,1.0,1.0,1.0
2304,Red,Andrei Arlovski,Philipe Lins,187.96,198.12,240,190.5,195.58,240,41,34,-2.54,2.54,-7,U-DEC,1.0,0.0,1.0
2306,Red,Sijara Eubanks,Sarah Moras,170.18,170.18,135,162.56,170.18,135,35,32,7.62,0.0,-3,U-DEC,0.0,,1.0
2309,Red,Chase Sherman,Ike Villanueva,185.42,185.42,225,193.04,198.12,250,30,36,-7.62,-12.7,6,KO/TKO,1.0,1.0,0.0
2310,Red,Vicente Luque,Niko Price,182.88,193.04,170,180.34,190.5,170,30,28,2.54,2.54,2,KO/TKO,0.0,0.0,0.0
2311,Red,Bryce Mitchell,Charles Rosa,175.26,175.26,145,177.8,177.8,145,25,33,-2.54,-2.54,-8,U-DEC,1.0,1.0,1.0
2312,Red,Ryan Spann,Sam Alvey,187.96,190.5,205,195.58,200.66,205,28,34,-7.62,-10.16,-6,S-DEC,1.0,1.0,1.0
2313,Red,Anthony Pettis,Donald Cerrone,185.42,185.42,155,177.8,182.88,155,33,37,7.62,2.54,-4,U-DEC,0.0,0.0,1.0
2314,Red,Aleksei Oleinik,Fabricio Werdum,193.04,195.58,231,187.96,203.2,240,42,41,5.08,-7.62,1,S-DEC,0.0,1.0,0.0
2315,Red,Carla Esparza,Michelle Waterson,160.02,157.48,115,154.94,160.02,115,32,34,5.08,-2.54,-2,S-DEC,0.0,1.0,1.0
2316,Red,Uriah Hall,Jacare Souza,185.42,182.88,185,182.88,200.66,185,35,40,2.54,-17.78,-5,,0.0,1.0,1.0
2318,Red,Henry Cejudo,Dominick Cruz,172.72,172.72,135,162.56,162.56,135,33,35,10.16,10.16,-2,KO/TKO,0.0,0.0,1.0
2319,Red,Francis Ngannou,Jairzinho Rozenstruik,193.04,198.12,242,193.04,210.82,250,33,32,0.0,-12.7,1,KO/TKO,,1.0,0.0
2321,Red,Greg Hardy,Yorgan De Castro,182.88,187.96,250,195.58,203.2,265,31,33,-12.7,-15.24,-2,U-DEC,1.0,1.0,1.0
2324,Red,Renato Moicano,Damir Hadzovic,175.26,177.8,155,180.34,182.88,155,30,33,-5.08,-5.08,-3,SUB,1.0,1.0,1.0
2326,Red,Francisco Trinaldo,John Makdessi,172.72,172.72,155,175.26,177.8,155,41,34,-2.54,-5.08,7,U-DEC,1.0,1.0,0.0
2328,Red,Amanda Ribas,Randa Markos,162.56,160.02,115,160.02,167.64,115,26,34,2.54,-7.62,-8,U-DEC,0.0,1.0,1.0
2329,Red,Elizeu Dos Santos,Aleksei Kunchenko,172.72,177.8,170,180.34,185.42,170,33,35,-7.62,-7.62,-2,,1.0,1.0,1.0
2333,Red,Israel Adesanya,Yoel Romero,182.88,185.42,185,193.04,203.2,185,30,42,-10.16,-17.78,-12,U-DEC,1.0,1.0,1.0
2334,Red,Weili Zhang,Joanna Jedrzejczyk,167.64,165.1,115,162.56,160.02,115,30,32,5.08,5.08,-2,S-DEC,0.0,0.0,1.0
2335,Red,Beneil Dariush,Drakkar Klose,175.26,177.8,155,177.8,182.88,155,30,31,-2.54,-5.08,-1,KO/TKO,1.0,1.0,1.0
2336,Red,Neil Magny,Li Jingliang,182.88,180.34,170,190.5,203.2,170,32,31,-7.62,-22.86,1,,1.0,1.0,0.0
2337,Red,Alex Oliveira,Max Griffin,180.34,193.04,170,180.34,193.04,170,32,34,0.0,0.0,-2,S-DEC,,,1.0
2338,Red,Sean O'Malley,Jose Quinonez,172.72,175.26,135,180.34,182.88,135,25,29,-7.62,-7.62,-4,KO/TKO,1.0,1.0,1.0
2339,Red,Mark Madsen,Austin Hubbard,177.8,180.34,155,172.72,182.88,155,35,28,5.08,-2.54,7,U-DEC,0.0,1.0,0.0
2340,Red,Rodolfo Vieira,Saparbeg Safarov,185.42,198.12,205,182.88,185.42,185,30,33,2.54,12.7,-3,SUB,0.0,0.0,1.0
2341,Red,Gerald Meerschaert,Deron Winn,167.64,177.8,185,185.42,195.58,185,32,30,-17.78,-17.78,2,SUB,1.0,1.0,0.0
2343,Red,Danaa Batgerel,Guido Cannetti,167.64,172.72,135,170.18,177.8,135,30,40,-2.54,-5.08,-10,KO/TKO,1.0,1.0,1.0
2345,Red,Felicia Spencer,Zarah Fairn,172.72,182.88,145,167.64,172.72,145,29,33,5.08,10.16,-4,KO/TKO,0.0,0.0,1.0
2347,Red,Megan Anderson,Norma Dumont,170.18,170.18,135,182.88,182.88,145,30,29,-12.7,-12.7,1,KO/TKO,1.0,1.0,0.0
2348,Red,Grant Dawson,Darrick Minner,170.18,177.8,145,177.8,182.88,145,26,29,-7.62,-5.08,-3,SUB,1.0,1.0,1.0
2350,Red,Brendan Allen,Tom Breese,190.5,185.42,185,187.96,190.5,185,24,28,2.54,-5.08,-4,KO/TKO,0.0,1.0,1.0
2351,Red,Luis Pena,Steve Garcia,182.88,190.5,155,190.5,190.5,155,26,27,-7.62,0.0,-1,U-DEC,1.0,,1.0
2352,Red,Marcin Tybura,Serghei Spivac,190.5,198.12,260,190.5,198.12,249,34,35,0.0,0.0,-1,U-DEC,,,1.0
2353,Red,Jordan Griffin,TJ Brown,175.26,182.88,145,177.8,185.42,145,30,29,-2.54,-2.54,1,SUB,1.0,1.0,0.0
2355,Red,Sean Brady,Ismail Naurdiev,177.8,187.96,170,177.8,182.88,170,27,23,0.0,5.08,4,U-DEC,,0.0,0.0
2357,Red,Jim Crute,Michal Oleksiejczuk,182.88,187.96,205,187.96,187.96,205,23,25,-5.08,0.0,-2,,1.0,,1.0
2360,Red,Brad Riddell,Magomed Mustafaev,172.72,180.34,155,170.18,180.34,155,28,31,2.54,0.0,-3,S-DEC,0.0,,1.0
2362,Red,Jalin Turner,Joshua Culibao,177.8,177.8,155,190.5,195.58,155,24,25,-12.7,-17.78,-1,,1.0,1.0,1.0
2363,Red,Jake Matthews,Emil Meek,180.34,187.96,170,180.34,185.42,170,25,31,0.0,2.54,-6,U-DEC,,0.0,1.0
2365,Red,Kai Kara France,Tyson Nam,170.18,172.72,125,162.56,175.26,125,26,36,7.62,-2.54,-10,,0.0,1.0,1.0
2367,Red,Priscila Cachoeira,Shana Dobson,167.64,175.26,125,170.18,165.1,125,31,30,-2.54,10.16,1,KO/TKO,1.0,0.0,0.0
2369,Red,Diego Sanchez,Michel Pereira,185.42,185.42,170,177.8,182.88,170,38,26,7.62,2.54,12,DQ,0.0,0.0,0.0
2370,Red,Montana De La Rosa,Mara Romero Borella,167.64,175.26,125,170.18,172.72,125,25,33,-2.54,2.54,-8,U-DEC,1.0,0.0,1.0
2371,Red,Brok Weaver,Kazula Vargas,172.72,180.34,155,182.88,185.42,170,28,34,-10.16,-5.08,-6,DQ,1.0,1.0,1.0
2373,Red,Lando Vannata,Yancy Medeiros,177.8,190.5,155,175.26,180.34,155,27,32,2.54,10.16,-5,U-DEC,0.0,0.0,1.0
2375,Red,John Dodson,Nathaniel Wood,167.64,175.26,135,160.02,167.64,135,35,26,7.62,7.62,9,KO/TKO,0.0,0.0,0.0
2377,Red,Devin Clark,Dequan Townsend,190.5,200.66,205,182.88,190.5,205,29,33,7.62,10.16,-4,U-DEC,0.0,0.0,1.0
2379,Red,Macy Chiasson,Shanna Young,170.18,165.1,135,180.34,182.88,135,28,28,-10.16,-17.78,0,U-DEC,1.0,1.0,
2381,Red,Jon Jones,Dominick Reyes,193.04,195.58,205,193.04,213.36,205,32,30,0.0,-17.78,2,U-DEC,,1.0,0.0
2382,Red,Valentina Shevchenko,Katlyn Chookagian,175.26,172.72,125,165.1,167.64,125,31,31,10.16,5.08,0,KO/TKO,0.0,0.0,
2385,Red,Derrick Lewis,Ilir Latifi,177.8,185.42,205,190.5,200.66,260,35,36,-12.7,-15.24,-1,U-DEC,1.0,1.0,1.0
2386,Red,Trevin Giles,James Krause,187.96,185.42,170,182.88,187.96,185,27,33,5.08,-2.54,-6,S-DEC,0.0,1.0,1.0
2388,Red,Lauren Murphy,Andrea Lee,167.64,175.26,125,165.1,170.18,125,36,30,2.54,5.08,6,S-DEC,0.0,0.0,0.0
2391,Red,Andre Ewell,Jonathan Martinez,172.72,177.8,135,172.72,190.5,135,32,25,0.0,-12.7,7,S-DEC,,1.0,0.0
2393,Red,Curtis Blaydes,Junior Dos Santos,193.04,195.58,238,193.04,203.2,265,28,36,0.0,-7.62,-8,KO/TKO,,1.0,1.0
2397,Red,Jamahal Hill,Darko Stosic,182.88,193.04,205,193.04,200.66,205,28,27,-10.16,-7.62,1,U-DEC,1.0,1.0,0.0
2398,Red,Bevon Lewis,Dequan Townsend,190.5,200.66,185,190.5,200.66,185,28,33,0.0,0.0,-5,U-DEC,,,1.0
2399,Red,Arnold Allen,Nik Lentz,172.72,172.72,155,172.72,177.8,145,26,35,0.0,-5.08,-9,U-DEC,,1.0,1.0
2400,Red,Justine Kish,Luci Pudilova,172.72,170.18,125,165.1,162.56,125,31,25,7.62,7.62,6,,0.0,0.0,0.0
2401,Red,Montel Jackson,Felipe Colares,172.72,175.26,135,177.8,190.5,135,27,25,-5.08,-15.24,2,U-DEC,1.0,1.0,0.0
2402,Red,Sara McMann,Lina Lansberg,170.18,165.1,135,167.64,167.64,135,39,37,2.54,-2.54,2,U-DEC,0.0,1.0,0.0
2403,Red,Brett Johns,Tony Gravely,165.1,178.0,135,170.18,180.34,135,27,28,-5.08,-2.34,-1,SUB,1.0,1.0,1.0
2404,Red,Herbert Burns,Nate Landwehr,175.26,182.88,145,175.26,187.96,145,31,31,0.0,-5.08,0,KO/TKO,,1.0,
2405,Red,Conor McGregor,Donald Cerrone,185.42,185.42,155,175.26,187.96,155,31,36,10.16,-2.54,-5,KO/TKO,0.0,1.0,1.0
2406,Red,Holly Holm,Raquel Pennington,170.18,170.18,135,172.72,175.26,135,38,31,-2.54,-5.08,7,U-DEC,1.0,1.0,0.0
2407,Red,Aleksei Oleinik,Maurice Greene,200.66,203.2,258,187.96,203.2,240,42,33,12.7,0.0,9,SUB,0.0,,0.0
2409,Red,Roxanne Modafferi,Maycee Barber,165.1,165.1,125,170.18,175.26,125,37,21,-5.08,-10.16,16,U-DEC,1.0,1.0,0.0
2411,Red,Drew Dober,Nasrat Haqparast,177.8,182.88,155,172.72,177.8,155,31,24,5.08,5.08,7,KO/TKO,0.0,0.0,0.0
2412,Red,Aleksa Camur,Justin Ledet,182.88,203.2,205,185.42,187.96,205,24,21,-2.54,15.24,3,U-DEC,1.0,0.0,0.0
2414,Red,Brian Kelleher,Ode Obsourne,170.18,185.42,135,167.64,167.64,135,33,38,2.54,17.78,-5,,0.0,0.0,1.0
2415,Red,Sabina Mazo,JJ Aldrich,165.1,170.18,125,170.18,177.8,125,22,27,-5.08,-7.62,-5,S-DEC,1.0,1.0,1.0
2417,Red,Volkan Oezdemir,Aleksandar Rakic,193.04,198.12,205,193.04,190.5,205,30,27,0.0,7.62,3,S-DEC,,0.0,0.0
2419,Red,Da Un Jung,Mike Rodriguez,193.04,208.28,205,193.04,199.39,205,31,31,0.0,8.89,0,,,0.0,
2420,Red, Jun Yong Park,Marc-Andre Barriault,185.42,187.96,185,177.8,185.42,185,28,29,7.62,2.54,-1,,0.0,0.0,1.0
2421,Red,Kyung Ho Kang,Liu Pingyuan,167.64,182.88,135,175.26,185.42,135,32,26,-7.62,-2.54,6,S-DEC,1.0,1.0,0.0
2422,Red,Ciryl Gane,Tanner Boser,187.96,191.77,258,193.04,205.74,241,29,28,-5.08,-13.97,1,U-DEC,1.0,1.0,0.0
2423,Red,Seungwoo Choi,Suman Mokhtarian,177.8,170.18,145,182.88,189.23,145,27,27,-5.08,-19.05,0,,1.0,1.0,
2425,Red,Alexandre Pantoja,Matt Schnell,172.72,177.8,125,165.1,171.45,125,29,29,7.62,6.35,0,KO/TKO,0.0,0.0,
2426,Red,Raoni Barcelos,Said Nurmagomedov,172.72,177.8,135,170.18,170.18,135,32,27,2.54,7.62,5,U-DEC,0.0,0.0,0.0
2428,Red,Heili Alateng,Ryan Benoit,165.1,173.99,135,165.1,168.91,135,28,30,0.0,5.08,-2,S-DEC,,0.0,1.0
2429,Red,Kamaru Usman,Colby Covington,180.34,182.88,170,182.88,182.88,170,32,31,-2.54,0.0,1,KO/TKO,1.0,,0.0
2431,Red,Amanda Nunes,Germaine de Randamie,175.26,180.34,135,172.72,175.26,135,31,35,2.54,5.08,-4,U-DEC,0.0,0.0,1.0
2432,Red,Marlon Moraes,Jose Aldo,170.18,177.8,135,167.64,170.18,135,31,33,2.54,7.62,-2,S-DEC,0.0,0.0,1.0
2433,Red,Peter Yan,Urijah Faber,167.64,170.18,135,170.18,170.18,135,26,40,-2.54,0.0,-14,,1.0,,1.0
2434,Red,Geoff Neal,Mike Perry,177.8,180.34,170,180.34,190.5,170,29,28,-2.54,-10.16,1,KO/TKO,1.0,1.0,0.0
2437,Red,Matt Brown,Ben Saunders,187.96,196.85,170,182.88,190.5,170,38,36,5.08,6.35,2,KO/TKO,0.0,0.0,0.0
2438,Red,Chase Hooper,Daniel Teymur,165.1,175.26,145,185.42,191.77,145,20,31,-20.32,-16.51,-11,KO/TKO,1.0,1.0,1.0
2439,Red,Brandon Moreno,Kai Kara France,162.56,175.26,125,170.18,177.8,125,26,26,-7.62,-2.54,0,,1.0,1.0,
2440,Red,Jessica Eye,Viviane Araujo,162.56,172.72,125,167.64,167.64,125,33,33,-5.08,5.08,0,U-DEC,1.0,0.0,
2441,Red,Punahele Soriano,Oskar Piechota,182.88,193.04,185,180.34,184.15,185,27,29,2.54,8.89,-2,KO/TKO,0.0,0.0,1.0
2444,Red,Aspen Ladd,Yana Kunitskaya,167.64,173.99,135,167.64,167.64,135,24,30,0.0,6.35,-6,KO/TKO,,0.0,1.0
2445,Red,Rob Font,Ricky Simon,167.64,175.26,135,172.72,181.61,135,32,27,-5.08,-6.35,5,U-DEC,1.0,1.0,0.0
2447,Red,Billy Quarantillo,Jacob Kilburn,175.26,182.88,145,177.8,177.8,145,30,24,-2.54,5.08,6,SUB,1.0,0.0,0.0
2448,Red,Bryce Mitchell,Matt Sayles,170.18,173.99,145,177.8,177.8,145,25,25,-7.62,-3.81,0,SUB,1.0,1.0,
2449,Red,Joe Solecki,Matt Wiman,177.8,172.72,155,175.26,179.07,155,26,36,2.54,-6.35,-10,U-DEC,0.0,1.0,1.0
2450,Red,Mallory Martin,Virna Jandiroba,160.02,162.56,115,162.56,160.02,115,25,31,-2.54,2.54,-6,SUB,1.0,0.0,1.0
2451,Red,Makhmud Muradov,Trevor Smith,190.5,190.5,205,187.96,191.77,205,29,38,2.54,-1.27,-9,KO/TKO,0.0,1.0,1.0
2452,Red,Jan Blachowicz,Jacare Souza,185.42,182.88,205,187.96,198.12,205,36,40,-2.54,-15.24,-4,S-DEC,1.0,1.0,1.0
2453,Red,Charles Oliveira,Jared Gordon,175.26,172.72,155,177.8,187.96,155,30,31,-2.54,-15.24,-1,KO/TKO,1.0,1.0,1.0
2457,Red,Ricardo Ramos,Eduardo Garagorri,175.26,177.8,145,175.26,182.88,135,24,30,0.0,-5.08,-6,SUB,,1.0,1.0
2458,Red,Francisco Trinaldo,Bobby Green,177.8,180.34,155,175.26,177.8,155,41,33,2.54,2.54,8,U-DEC,0.0,0.0,0.0
2460,Red,Douglas Silva de Andrade,Renan Barao,167.64,177.8,145,170.18,172.72,145,34,32,-2.54,5.08,2,U-DEC,1.0,0.0,0.0
2461,Red,Ariane Lipski,Isabela De Pauda,160.02,162.56,125,167.64,170.18,125,25,28,-7.62,-7.62,-3,,1.0,1.0,1.0
2463,Red,Zabit Magomedsharipov,Calvin Kattar,180.34,182.88,145,185.42,185.42,145,28,31,-5.08,-2.54,-3,U-DEC,1.0,1.0,1.0
2464,Red,Alekander Volkov,Greg Hardy,195.58,203.2,265,200.66,203.2,250,31,31,-5.08,0.0,0,,1.0,,
2468,Red,Shamil Gamzatov,Klidson Abreu,182.88,187.96,205,187.96,193.04,205,29,27,-5.08,-5.08,2,S-DEC,1.0,1.0,0.0
2469,Red,Magomed Ankalaev,Dalcha Lungiambula,172.72,193.04,205,190.5,190.5,205,27,32,-17.78,2.54,-5,KO/TKO,1.0,0.0,1.0
2470,Red,Rustam Khabilov,Sergey Khandozhko,185.42,187.96,170,172.72,185.42,155,33,27,12.7,2.54,6,U-DEC,0.0,0.0,0.0
2476,Red,Jorge Masvidal,Nate Diaz,182.88,193.04,170,180.34,187.96,170,35,34,2.54,5.08,1,KO/TKO,0.0,0.0,0.0
2478,Red,Stephen Thompson,Vicente Luque,180.34,190.5,170,182.88,190.5,170,36,28,-2.54,0.0,8,U-DEC,1.0,,0.0
2479,Red,Derrick Lewis,Blagoy Ivanov,180.34,185.42,250,190.5,200.66,260,34,33,-10.16,-15.24,1,S-DEC,1.0,1.0,0.0
2480,Red,Kevin Lee,Gregor Gillespie,170.18,180.34,155,175.26,195.58,170,27,23,-5.08,-15.24,4,KO/TKO,1.0,1.0,0.0
2481,Red,Corey Anderson,Johnny Walker,198.12,208.28,205,190.5,200.66,205,30,27,7.62,7.62,3,KO/TKO,0.0,0.0,0.0
2482,Red,Shane Burgos,Makwan Amirkhani,177.8,182.88,145,180.34,190.5,145,28,31,-2.54,-7.62,-3,KO/TKO,1.0,1.0,1.0
2485,Red,Katlyn Chookagian,Jennifer Maia,162.56,162.56,125,175.26,172.72,125,30,31,-12.7,-10.16,-1,U-DEC,1.0,1.0,1.0
2486,Red,Lyman Good,Chance Rencountre,187.96,190.5,170,182.88,187.96,170,34,32,5.08,2.54,2,KO/TKO,0.0,0.0,0.0
2488,Red,Demian Maia,Ben Askren,180.34,185.42,170,185.42,182.88,170,41,35,-5.08,2.54,6,SUB,1.0,0.0,0.0
2491,Red,Ciryl Gane,Don'tale Mayes,198.12,205.74,260,193.04,205.74,245,29,27,5.08,0.0,2,,0.0,,0.0
2492,Red,Muslim Salikhov,Laureano Staropoli,185.42,180.34,170,180.34,177.8,170,35,26,5.08,2.54,9,U-DEC,0.0,0.0,0.0
2493,Red,Randa Markos,Ashley Yoder,170.18,175.26,115,162.56,160.02,115,34,32,7.62,15.24,2,S-DEC,0.0,0.0,0.0
2497,Red,Loma Lookboonmee,Alexandra Albu,157.48,160.02,115,154.94,154.94,115,23,29,2.54,5.08,-6,,0.0,0.0,1.0
2498,Red,Raphael Pessoa Nunes,Jeff Hughes,187.96,195.58,250,190.5,198.12,262,30,31,-2.54,-2.54,-1,,1.0,1.0,1.0
2499,Red,Yair Rodriguez,Jeremy Stephens,175.26,180.34,145,180.34,180.34,145,27,33,-5.08,0.0,-6,U-DEC,1.0,,1.0
2500,Red,Dominick Reyes,Chris Weidman,187.96,198.12,205,193.04,195.58,205,29,35,-5.08,2.54,-6,KO/TKO,1.0,0.0,1.0
2501,Red,Joe Lauzon,Jonathan Pearce,182.88,180.34,155,177.8,180.34,155,35,27,5.08,0.0,8,KO/TKO,0.0,,0.0
2502,Red,Maycee Barber,Gillian Robertson,165.1,160.02,125,165.1,165.1,125,21,24,0.0,-5.08,-3,KO/TKO,,1.0,1.0
2504,Red,Charles Rosa,Manny Bermudez,177.8,180.34,145,175.26,175.26,145,33,25,2.54,5.08,8,SUB,0.0,0.0,0.0
2505,Red,Molly McCann,Diana Belbita,170.18,172.72,125,162.56,157.48,125,29,23,7.62,15.24,6,U-DEC,0.0,0.0,0.0
2507,Red,Randy Costa,Boston Salmon,175.26,175.26,135,175.26,185.42,135,25,28,0.0,-10.16,-3,KO/TKO,,1.0,1.0
2509,Red,Brendan Allen,Kevin Holland,190.5,205.74,185,187.96,190.5,185,23,26,2.54,15.24,-3,SUB,0.0,0.0,1.0
2511,Red,Joanna Jedrzejczyk,Michelle Waterson,160.02,157.48,115,167.64,165.1,125,32,33,-7.62,-7.62,-1,U-DEC,1.0,1.0,1.0
2512,Red,Cub Swanson,Kron Gracie,175.26,177.8,145,172.72,177.8,145,35,31,2.54,0.0,4,U-DEC,0.0,,0.0
2513,Red,Niko Price,James Vick,190.5,193.04,155,182.88,193.04,170,30,32,7.62,0.0,-2,KO/TKO,0.0,,1.0
2515,Red,Matt Frevola,Luis Pena,190.5,185.42,155,175.26,180.34,155,29,26,15.24,5.08,3,S-DEC,0.0,0.0,0.0
2516,Red,Eryk Anders,Gerald Meerschaert,185.42,195.58,185,185.42,190.5,205,32,31,0.0,5.08,1,S-DEC,,0.0,0.0
2517,Red,Ryan Spann,Devin Clark,182.88,190.5,205,195.58,200.66,205,28,29,-12.7,-10.16,-1,SUB,1.0,1.0,1.0
2518,Red,Mike Davis,Thomas Gifford,185.42,190.5,155,182.88,182.88,155,27,27,2.54,7.62,0,KO/TKO,0.0,0.0,
2520,Red,Deiveson Figueiredo,Tim Elliott,170.18,167.64,135,165.1,172.72,125,31,32,5.08,-5.08,-1,SUB,0.0,1.0,1.0
2521,Red,Marlon Vera,Andre Ewell,172.72,190.5,135,172.72,177.8,135,26,31,0.0,12.7,-5,KO/TKO,,0.0,1.0
2522,Red,Miguel Baeza,Hector Aldana,180.34,182.88,170,187.96,187.96,170,27,31,-7.62,-5.08,-4,KO/TKO,1.0,1.0,1.0
2523,Red,Marvin Vettori,Andrew Sanchez,185.42,187.96,185,182.88,187.96,185,26,31,2.54,0.0,-5,U-DEC,0.0,,1.0
2524,Red,JJ Aldrich,Lauren Mueller,165.1,170.18,125,165.1,170.18,125,27,27,0.0,0.0,0,U-DEC,,,
2530,Red,Jake Matthews,Rostem Akman,177.8,182.88,170,180.34,185.42,170,25,27,-2.54,-2.54,-2,U-DEC,1.0,1.0,1.0
2531,Red,Callan Potter,Maki Pitolo,177.8,190.5,170,182.88,182.88,170,35,28,-5.08,7.62,7,U-DEC,1.0,0.0,0.0
2532,Red,Brad Riddell,Jamie Mullarkey,182.88,187.96,155,170.18,180.34,155,28,25,12.7,7.62,3,U-DEC,0.0,0.0,0.0
2533,Red,Megan Anderson,Zarah Fairn,172.72,182.88,145,182.88,182.88,145,29,32,-10.16,0.0,-3,SUB,1.0,,1.0
2535,Red,Khalid Taha,Bruno Silva,162.56,165.1,135,165.1,175.26,135,27,29,-2.54,-10.16,-2,SUB,1.0,1.0,1.0
2537,Red,Mark Madsen,Danilo Belluardo,182.88,187.96,155,172.72,182.88,155,35,25,10.16,5.08,10,KO/TKO,0.0,0.0,0.0
2539,Red,Ion Cutelaba,Khalil Rountree Jr.,185.42,193.04,205,185.42,190.5,205,25,29,0.0,2.54,-4,KO/TKO,,0.0,1.0
2541,Red,Nicolas Dalby,Alex Oliveira,180.34,193.04,170,180.34,187.96,170,34,31,0.0,5.08,3,U-DEC,,0.0,0.0
2547,Red,Marc Diakiese,Lando Vannata,175.26,180.34,155,177.8,185.42,155,26,27,-2.54,-5.08,-1,U-DEC,1.0,1.0,1.0
2548,Red,Jack Shore,Nohelin Hernandez,177.8,180.34,135,172.72,180.34,135,24,25,5.08,0.0,-1,SUB,0.0,,1.0
2549,Red,Carla Esparza,Alexa Grasso,165.1,167.64,115,154.94,160.02,115,31,26,10.16,7.62,5,M-DEC,0.0,0.0,0.0
2550,Red,Irene Aldana,Vanessa Melo,165.1,165.1,135,175.26,172.72,135,31,31,-10.16,-7.62,0,U-DEC,1.0,1.0,
2552,Red,Jose Quinonez,Carlos Huachin,162.56,170.18,135,172.72,175.26,135,29,23,-10.16,-5.08,6,U-DEC,1.0,1.0,0.0
2555,Red,Sergio Pettis,Tyson Nam,170.18,172.72,125,167.64,175.26,125,26,36,2.54,-2.54,-10,U-DEC,0.0,1.0,1.0
2558,Red,Caludio Puelles,Marcos Mariano,185.42,193.04,155,180.34,182.88,155,23,32,5.08,10.16,-9,,0.0,0.0,1.0
2560,Red,Glover Teixeira,Nikita Krylov,190.5,195.58,205,187.96,193.04,205,39,27,2.54,2.54,12,S-DEC,0.0,0.0,0.0
2562,Red,Uriah Hall,Antonio Carlos Junior,187.96,200.66,185,182.88,200.66,185,35,29,5.08,0.0,6,S-DEC,0.0,,0.0
2563,Red,Misha Cirkunov,Jimmy Crute,187.96,187.96,205,190.5,195.58,205,32,23,-2.54,-7.62,9,SUB,1.0,1.0,0.0
2567,Red,Chas Skelly,Jordan Griffin,177.8,185.42,145,180.34,182.88,145,34,29,-2.54,2.54,5,U-DEC,1.0,0.0,0.0
2568,Red,Louis Smolka,Ryan MacDonald,180.34,180.34,135,175.26,172.72,135,28,26,5.08,7.62,2,KO/TKO,0.0,0.0,0.0
2570,Red,Khabib Nurmagomedov,Dustin Poirier,175.26,182.88,155,177.8,177.8,155,30,30,-2.54,5.08,0,SUB,1.0,0.0,
2572,Red,Islam Makhachev,Davi Ramos,167.64,177.8,155,177.8,177.8,155,27,32,-10.16,0.0,-5,U-DEC,1.0,,1.0
2573,Red,Curtis Blaydes,Shamil Abdurakhimov,190.5,193.04,235,193.04,203.2,265,28,38,-2.54,-10.16,-10,KO/TKO,1.0,1.0,1.0
2575,Red,Joanne Calderwood,Andrea Lee,167.64,175.26,125,167.64,165.1,125,33,30,0.0,10.16,3,S-DEC,,0.0,0.0
2577,Red,Ottman Azaitar,Teemu Packalen,185.42,190.5,155,172.72,180.34,155,29,32,12.7,10.16,-3,KO/TKO,0.0,0.0,1.0
2578,Red,Belal Muhammad,Takashi Sato,177.8,185.42,170,180.34,182.88,170,31,29,-2.54,2.54,2,SUB,1.0,0.0,0.0
2580,Red,Omari Akhmedov,Zak Cummings,182.88,190.5,185,182.88,185.42,185,31,35,0.0,5.08,-4,U-DEC,,0.0,1.0
2581,Red,Don Madge,Fares Ziam,185.42,190.5,155,182.88,182.88,155,28,22,2.54,7.62,6,U-DEC,0.0,0.0,0.0
2583,Red,Li Jingliang,Elizeu Dos Santos,180.34,185.42,170,182.88,180.34,170,31,32,-2.54,5.08,-1,,1.0,0.0,1.0
2584,Red,Kai Kara-France,Mark De La Rosa,167.64,165.1,135,162.56,175.26,125,26,25,5.08,-10.16,1,U-DEC,0.0,1.0,0.0
2585,Red,Song Kenan,Derrick,177.8,182.88,170,182.88,180.34,170,29,31,-5.08,2.54,-2,,1.0,0.0,1.0
2588,Red,Su Mudaerji,Andre Soukhamthath,175.26,177.8,135,172.72,182.88,135,23,30,2.54,-5.08,-7,U-DEC,0.0,1.0,1.0
2589,Red,Da Un Jung,Khadis Ibragimov,190.5,198.12,205,193.04,198.12,205,25,24,-2.54,0.0,1,,1.0,,0.0
2590,Red,Damir Ismagulov,Thiago Moises,175.26,177.8,155,175.26,177.8,155,28,24,0.0,0.0,4,U-DEC,,,0.0
2591,Red,Heili Alateng,Danaa Batgerel,170.18,177.8,135,165.1,167.64,135,27,30,5.08,10.16,-3,U-DEC,0.0,0.0,1.0
2592,Red,Karol Rosa,Lara Procopio,162.56,170.18,135,165.1,170.18,135,24,23,-2.54,0.0,1,S-DEC,1.0,,0.0
2597,Red,Derek Brunson,Ian Heinisch,180.34,182.88,185,185.42,195.58,185,35,31,-5.08,-12.7,4,U-DEC,1.0,1.0,0.0
2602,Red,Hannah Cifers,Jodie Esquibel,154.94,162.56,115,154.94,157.48,115,27,33,0.0,5.08,-6,U-DEC,,0.0,1.0
2603,Red,Kyung Ho Kang,Brandon Davis,177.8,182.88,135,175.26,185.42,135,31,29,2.54,-2.54,2,S-DEC,0.0,1.0,0.0
2604,Red,Sabina Mazo,Shana Dobson,167.64,175.26,125,170.18,177.8,125,22,30,-2.54,-2.54,-8,U-DEC,1.0,1.0,1.0
2605,Red,Valentina Shevchenko,Liz Carmouche,167.64,167.64,125,165.1,167.64,125,31,35,2.54,0.0,-4,U-DEC,0.0,,1.0
2606,Red,Vincente Luque,Mike Perry,177.8,180.34,170,180.34,190.5,170,27,27,-2.54,-10.16,0,,1.0,1.0,
2607,Red,Luiz Garagorri,Humberto Bandenay,180.34,180.34,145,175.26,177.8,145,30,24,5.08,2.54,6,,0.0,0.0,0.0
2608,Red,Volkan Oezdemir,Ilir Latifi,177.8,185.42,205,187.96,190.5,205,29,36,-10.16,-5.08,-7,KO/TKO,1.0,1.0,1.0
2609,Red,Rodolfo Vieira,Oskar Piechota,182.88,193.04,185,182.88,185.42,185,29,29,0.0,7.62,0,SUB,,0.0,
2610,Red,Enrique Barzola,Bobby Moffett,177.8,185.42,145,170.18,177.8,145,30,29,7.62,7.62,1,S-DEC,0.0,0.0,0.0
2611,Red,Gilbert Burns,Aleksei Kunchenko,172.72,177.8,170,177.8,180.34,155,33,35,-5.08,-2.54,-2,U-DEC,1.0,1.0,1.0
2612,Red,Ciryl Gane,Raphael Pessoa Nunes,190.5,198.12,262,193.04,205.74,245,29,30,-2.54,-7.62,-1,,1.0,1.0,1.0
2614,Red,Rogerio Bontorin,Raulian Paiva,172.72,175.26,125,165.1,170.18,125,27,23,7.62,5.08,4,KO/TKO,0.0,0.0,0.0
2617,Red,Veronica Macedo,Polyana Viana,165.1,170.18,115,162.56,162.56,125,23,27,2.54,7.62,-4,SUB,0.0,0.0,1.0
2618,Red,Colby Covington,Robbie Lawler,180.34,187.96,170,180.34,182.88,170,31,37,0.0,5.08,-6,U-DEC,,0.0,1.0
2619,Red,Jim Miller,Clay Guida,170.18,177.8,155,172.72,180.34,155,35,37,-2.54,-2.54,-2,SUB,1.0,1.0,1.0
2622,Red,Scott Holtzman,Dong Hyun Ma,180.34,177.8,155,175.26,175.26,155,35,30,5.08,2.54,5,KO/TKO,0.0,0.0,0.0
2624,Red,Mickey Gall,Salim Touahri,177.8,182.88,170,187.96,187.96,170,27,29,-10.16,-5.08,-2,U-DEC,1.0,1.0,1.0
2625,Red,Antonina Shevchenko,Lucie Pudilova,172.72,170.18,125,172.72,170.18,125,34,25,0.0,0.0,9,SUB,,,0.0
2627,Red,Lauren Murphy,Mara Romero Borella,167.64,175.26,125,165.1,170.18,125,36,33,2.54,5.08,3,KO/TKO,0.0,0.0,0.0
2628,Red,Claudio Silva,Cole Williams,182.88,185.42,170,180.34,180.34,170,36,35,2.54,5.08,1,SUB,0.0,0.0,0.0
2629,Red,Miranda Granger,Hannah Goldy,162.56,154.94,125,170.18,172.72,125,27,27,-7.62,-17.78,0,U-DEC,1.0,1.0,
2630,Red,Max Holloway,Frankie Edgar,167.64,172.72,145,180.34,175.26,145,27,37,-12.7,-2.54,-10,U-DEC,1.0,1.0,1.0
2631,Red,Cris Cyborg,Felicia Spencer,167.64,172.72,145,172.72,172.72,145,34,28,-5.08,0.0,6,,1.0,,0.0
2632,Red,Geoff Neal,Niko Price,182.88,193.04,170,180.34,190.5,170,28,29,2.54,2.54,-1,KO/TKO,0.0,0.0,1.0
2636,Red,Hakeem Dawodu,Yoshinori Horie,172.72,177.8,145,172.72,185.42,145,28,24,0.0,-7.62,4,KO/TKO,,1.0,0.0
2637,Red,Gavin Tucker,Seungwoo Choi,182.88,187.96,145,167.64,167.64,145,33,26,15.24,20.32,7,,0.0,0.0,0.0
2639,Red,Gillian Robertson,Sarah Frota,167.64,175.26,125,165.1,160.02,125,24,32,2.54,15.24,-8,KO/TKO,0.0,0.0,1.0
2640,Red,Erik Koch,Kyle Stewart,182.88,193.04,170,177.8,180.34,170,30,30,5.08,12.7,0,U-DEC,0.0,0.0,
2643,Red,Greg Hardy,Juan Adams,195.58,203.2,265,195.58,203.2,265,30,27,0.0,0.0,3,KO/TKO,,,0.0
2645,Red,Alexander Hernandez,Francisco Trinaldo,175.26,177.8,155,175.26,182.88,155,26,30,0.0,-5.08,-4,U-DEC,,1.0,1.0
2646,Red,Andrei Arlovski,Ben Rothwell,193.04,198.12,265,190.5,195.58,240,40,37,2.54,2.54,3,U-DEC,0.0,0.0,0.0
2647,Red,Alex Caceres,Steven Peterson,177.8,177.8,145,177.8,185.42,145,31,29,0.0,-7.62,2,U-DEC,,1.0,0.0
2648,Red,Raquel Pennington,Irene Aldana,175.26,172.72,135,170.18,170.18,135,30,31,5.08,2.54,-1,S-DEC,0.0,0.0,1.0
2651,Red,Ray Borg,Gabriel Silva,167.64,180.34,135,162.56,160.02,135,25,24,5.08,20.32,1,U-DEC,0.0,0.0,0.0
2652,Red,Mario Bautista,Jin Soo Son,167.64,175.26,135,175.26,175.26,135,26,26,-7.62,0.0,0,U-DEC,1.0,,
2654,Red,Germaine De Randamie,Aspen Ladd,167.64,167.64,135,175.26,180.34,135,35,24,-7.62,-12.7,11,,1.0,1.0,0.0
2655,Red,Urijah Faber,Ricky Simon,167.64,175.26,135,167.64,170.18,135,40,26,0.0,5.08,14,KO/TKO,,0.0,0.0
2656,Red,Josh Emmett,Mirsad Bektic,172.72,177.8,145,167.64,177.8,145,34,28,5.08,0.0,6,KO/TKO,0.0,,0.0
2657,Red,Karl Roberson,Wellington Turman,182.88,182.88,185,185.42,187.96,185,28,22,-2.54,-5.08,6,S-DEC,1.0,1.0,0.0
2658,Red,Marvin Vettori,Cezar Ferreira,185.42,198.12,185,182.88,187.96,185,25,34,2.54,10.16,-9,U-DEC,0.0,0.0,1.0
2659,Red,Andre Fili,Sheymon Moraes,172.72,182.88,145,180.34,187.96,145,29,28,-7.62,-5.08,1,KO/TKO,1.0,1.0,0.0
2660,Red,Julianna Pena,Nicco Montano,165.1,165.1,135,167.64,175.26,135,29,30,-2.54,-10.16,-1,U-DEC,1.0,1.0,1.0
2664,Red,Benito Lopez,Vince Morales,170.18,177.8,135,177.8,185.42,135,25,28,-7.62,-7.62,-3,U-DEC,1.0,1.0,1.0
2665,Red,Jon Jones,Thiago Santos,187.96,193.04,205,193.04,213.36,205,31,35,-5.08,-20.32,-4,S-DEC,1.0,1.0,1.0
2666,Red,Amanda Nunes,Holly Holm,172.72,175.26,135,172.72,175.26,135,31,37,0.0,0.0,-6,KO/TKO,,,1.0
2667,Red,Jorge Masvidal,Ben Askren,180.34,185.42,170,180.34,187.96,170,34,34,0.0,-2.54,0,KO/TKO,,1.0,
2668,Red,Jan Blachowicz,Luke Rockhold,190.5,195.58,205,187.96,198.12,205,36,34,2.54,-2.54,2,KO/TKO,0.0,1.0,0.0
2671,Red,Marlon Vera,Nohelin Hernandez,177.8,180.34,135,172.72,177.8,135,26,25,5.08,2.54,1,SUB,0.0,0.0,0.0
2672,Red,Caludia Gadelha,Randa Markos,162.56,160.02,115,162.56,160.02,115,30,33,0.0,0.0,-3,,,,1.0
2674,Red,Edmen Shahbazyan,Jack Marshman,182.88,185.42,185,187.96,187.96,185,21,29,-5.08,-2.54,-8,SUB,1.0,1.0,1.0
2676,Red,Julia Avila,Pannie Kianzad,170.18,167.64,135,170.18,172.72,135,31,27,0.0,-5.08,4,U-DEC,,1.0,0.0
2677,Red,Francis Ngannou,Junior Dos Santos,193.04,195.58,238,193.04,210.82,250,32,35,0.0,-15.24,-3,KO/TKO,,1.0,1.0
2679,Red,Demian Maia,Rocco Martin,182.88,185.42,170,185.42,182.88,170,41,29,-2.54,2.54,12,,1.0,0.0,0.0
2681,Red,Drew Dober,Marco Polo Reyes,180.34,180.34,155,172.72,177.8,155,30,34,7.62,2.54,-4,KO/TKO,0.0,0.0,1.0
2682,Red,Alonzo Menifield,Paul Craig,190.5,193.04,205,182.88,193.04,205,31,31,7.62,0.0,0,KO/TKO,0.0,,
2683,Red,Ricardo Ramos,Journey Newson,165.1,170.18,135,175.26,182.88,135,23,30,-10.16,-12.7,-7,U-DEC,1.0,1.0,1.0
2684,Red,Eryk Anders,Vinicius Moreira,193.04,193.04,205,185.42,190.5,205,32,30,7.62,2.54,2,KO/TKO,0.0,0.0,0.0
2685,Red,Jared Gordon,Dan Moret,182.88,185.42,155,175.26,172.72,155,30,32,7.62,12.7,-2,U-DEC,0.0,0.0,1.0
2686,Red,Dalcha Lungiambula,Dequan Townsend,190.5,200.66,205,172.72,193.04,205,31,33,17.78,7.62,-2,KO/TKO,0.0,0.0,1.0
2688,Red,Maurice Greene,Junior Albini,190.5,187.96,264,200.66,203.2,258,32,28,-10.16,-15.24,4,KO/TKO,1.0,1.0,0.0
2691,Red,Andre Ewell,Anderson Dos Santos,165.1,177.8,135,172.72,190.5,135,31,33,-7.62,-12.7,-2,U-DEC,1.0,1.0,1.0
2692,Red,Andrea Lee,Montana De La Rosa,170.18,172.72,125,167.64,175.26,125,30,24,2.54,-2.54,6,U-DEC,0.0,1.0,0.0
2693,Red,Kevin Holland,Alessio Di Chirico,182.88,187.96,185,190.5,205.74,185,26,29,-7.62,-17.78,-3,U-DEC,1.0,1.0,1.0
2694,Red,Dan Ige,Kevin Aguilar,170.18,185.42,145,170.18,180.34,145,27,30,0.0,5.08,-3,U-DEC,,0.0,1.0
2695,Red,Ashley Yoder,Syuri Kondo,162.56,167.64,115,170.18,175.26,115,31,30,-7.62,-7.62,1,U-DEC,1.0,1.0,0.0
2699,Red,Deron Winn,Eric Spicely,185.42,185.42,185,167.64,177.8,185,30,32,17.78,7.62,-2,U-DEC,0.0,0.0,1.0
2700,Red,Henry Cejudo,Marlon Moraes,167.64,170.18,135,162.56,162.56,135,32,31,5.08,7.62,1,KO/TKO,0.0,0.0,0.0
2701,Red,Valentina Shevchenko,Jessica Eye,167.64,167.64,125,165.1,167.64,125,31,32,2.54,0.0,-1,KO/TKO,0.0,,1.0
2702,Red,Tony Ferguson,Donald Cerrone,185.42,185.42,155,180.34,193.04,155,35,36,5.08,-7.62,-1,KO/TKO,0.0,1.0,1.0
2705,Red,Tatiana Suarez,Nina Ansaroff,165.1,162.56,115,165.1,167.64,115,28,33,0.0,-5.08,-5,U-DEC,,1.0,1.0
2706,Red,Aljamain Sterling,Pedro Munhoz,167.64,165.1,135,170.18,180.34,135,29,32,-2.54,-15.24,-3,U-DEC,1.0,1.0,1.0
2709,Red,Yan Xiaonan,Angela Hill,160.02,162.56,115,165.1,160.02,115,29,34,-5.08,2.54,-5,,1.0,0.0,1.0
2711,Red,Eddie Wineland,Grigorii Popov,170.18,172.72,135,170.18,175.26,135,34,35,0.0,-2.54,-1,,,1.0,1.0
2712,Red,Katlyn Chookagian,Joanne Calderwood,167.64,165.1,125,175.26,172.72,125,30,33,-7.62,-7.62,-3,U-DEC,1.0,1.0,1.0
2715,Red,Makwan Amirkhani,Chris Fishgold,172.72,172.72,145,177.8,182.88,145,30,26,-5.08,-10.16,4,SUB,1.0,1.0,0.0
2717,Red,Daniel Teymur,Sung Bin Jo,182.88,182.88,145,165.1,175.26,145,31,26,17.78,7.62,5,U-DEC,0.0,0.0,0.0
2722,Red,Bea Malecki,Duda Santana,170.18,185.42,145,175.26,187.96,135,27,23,-5.08,-2.54,4,SUB,1.0,1.0,0.0
2724,Red,Joel Alvarez,Danilo Belluardo,182.88,187.96,155,190.5,195.58,155,25,24,-7.62,-7.62,1,KO/TKO,1.0,1.0,0.0
2725,Red,Rafael Dos Anjos,Kevin Lee,175.26,195.58,170,172.72,177.8,170,34,26,2.54,17.78,8,SUB,0.0,0.0,0.0
2728,Red,Vicente Luque,Derrick Krantz,177.8,182.88,170,180.34,190.5,170,27,31,-2.54,-7.62,-4,KO/TKO,1.0,1.0,1.0
2729,Red,Charles Oliveira,Nik Lentz,172.72,172.72,155,177.8,187.96,155,29,34,-5.08,-15.24,-5,KO/TKO,1.0,1.0,1.0
2730,Red,Davi Ramos,Austin Hubbard,177.8,180.34,155,167.64,177.8,155,32,27,10.16,2.54,5,U-DEC,0.0,0.0,0.0
2731,Red,Aspen Ladd,Sijara Eubanks,162.56,170.18,135,167.64,167.64,135,24,34,-5.08,2.54,-10,U-DEC,1.0,0.0,1.0
2732,Red,Desmond Green,Charles Jourdain,175.26,175.26,155,177.8,185.42,155,29,23,-2.54,-10.16,6,U-DEC,1.0,1.0,0.0
2736,Red,Zak Cummings,Trevin Giles,182.88,187.96,185,182.88,190.5,185,34,26,0.0,-2.54,8,SUB,,1.0,0.0
2737,Red,Julio Arce,Julian Erosa,185.42,187.96,145,170.18,177.8,145,29,29,15.24,10.16,0,KO/TKO,0.0,0.0,
2739,Red,Jared Cannonier,Anderson Silva,187.96,195.58,185,180.34,195.58,185,35,44,7.62,0.0,-9,KO/TKO,0.0,,1.0
2742,Red,Irene Aldana,Bethe Correia,165.1,162.56,135,175.26,172.72,135,31,35,-10.16,-10.16,-4,SUB,1.0,1.0,1.0
2744,Red,Thiago Moises,Kurt Holobaugh,180.34,177.8,155,175.26,177.8,155,24,32,5.08,0.0,-8,U-DEC,0.0,,1.0
2745,Red,Warlley Alves,Sergio Moraes,182.88,182.88,170,180.34,182.88,170,28,36,2.54,0.0,-8,KO/TKO,0.0,,1.0
2747,Red,Luana Carolina,Priscila Cachoeira,170.18,165.1,125,167.64,175.26,125,25,30,2.54,-10.16,-5,U-DEC,0.0,1.0,1.0
2748,Red,Raoni Barcelos,Carlos Huachin,162.56,170.18,135,170.18,170.18,135,32,22,-7.62,0.0,10,KO/TKO,1.0,,0.0
2751,Red,Derek Brunson,Elias Theodorou,185.42,190.5,185,185.42,195.58,185,35,30,0.0,-5.08,5,U-DEC,,1.0,0.0
2754,Red,Walt Harris,Serghei Spivac,190.5,198.12,260,195.58,195.58,250,35,24,-5.08,2.54,11,KO/TKO,1.0,0.0,0.0
2756,Red,Macy Chiasson,Sarah Moras,170.18,170.18,135,180.34,182.88,135,27,31,-10.16,-12.7,-4,KO/TKO,1.0,1.0,1.0
2758,Red,Nordine Taleb,Kyle Prepolec,177.8,177.8,170,185.42,187.96,170,37,29,-7.62,-10.16,8,U-DEC,1.0,1.0,0.0
2760,Red,Arjan Bhullar,Juan Adams,195.58,203.2,265,185.42,190.5,245,32,27,10.16,12.7,5,U-DEC,0.0,0.0,0.0
2763,Red,Greg Hardy,Dmitrii Smoliakov,187.96,187.96,253,195.58,203.2,265,30,36,-7.62,-15.24,-6,KO/TKO,1.0,1.0,1.0
2765,Red,Glover Teixeira,Ion Cutelaba,185.42,190.5,205,187.96,193.04,205,39,25,-2.54,-2.54,14,SUB,1.0,1.0,0.0
2767,Red,Roosevelt Roberts,Thomas Gifford,185.42,190.5,155,187.96,185.42,155,25,26,-2.54,5.08,-1,U-DEC,1.0,0.0,1.0
2770,Red,Carla Esparza,Virna Jandiroba,160.02,162.56,115,154.94,160.02,115,31,30,5.08,2.54,1,U-DEC,0.0,0.0,0.0
2771,Red,Gilbert Burns,Mike Davis,182.88,182.88,155,177.8,180.34,155,32,26,5.08,2.54,6,SUB,0.0,0.0,0.0
2772,Red,Jim Miller,Jason Gonzalez,187.96,187.96,155,172.72,180.34,155,35,29,15.24,7.62,6,SUB,0.0,0.0,0.0
2773,Red,Angela Hill,Jodie Esquibel,154.94,162.56,115,160.02,162.56,115,34,32,-5.08,0.0,2,U-DEC,1.0,,0.0
2775,Red,Alistair Overeem,Aleksei Oleinik,187.96,203.2,240,193.04,203.2,265,38,41,-5.08,0.0,-3,KO/TKO,1.0,,1.0
2776,Red,Islam Makhachev,Arman Tsarukyan,170.18,182.88,155,177.8,177.8,155,27,22,-7.62,5.08,5,U-DEC,1.0,0.0,0.0
2777,Red,Sergei Pavlovich,Marcelo Golm,190.5,190.5,249,190.5,213.36,257,26,26,0.0,-22.86,0,KO/TKO,,1.0,
2778,Red,Roxanne Modafferi,Antonina Shevchenko,172.72,170.18,125,170.18,175.26,125,36,34,2.54,-5.08,2,S-DEC,0.0,1.0,0.0
2779,Red,Krzysztof Jotko,Alen Amedovski,177.8,187.96,185,185.42,195.58,185,29,31,-7.62,-7.62,-2,U-DEC,1.0,1.0,1.0
2780,Red,Movsar Evloev,Seungwoo Choi,182.88,187.96,145,170.18,182.88,145,25,26,12.7,5.08,-1,,0.0,0.0,1.0
2781,Red,Sultan Aliev,Keita Nakamura,180.34,185.42,170,180.34,187.96,170,34,34,0.0,-2.54,0,U-DEC,,1.0,
2782,Red,Alexander Yakovlev,Alex Da Silva,172.72,185.42,155,190.5,187.96,155,34,23,-17.78,-2.54,11,SUB,1.0,1.0,0.0
2785,Red,Magomed Mustafaev,Rafael Fiziev,172.72,180.34,155,172.72,180.34,155,30,26,0.0,0.0,4,KO/TKO,,,0.0
2793,Red,Max Griffin,Zelim Imadaev,182.88,193.04,170,180.34,193.04,170,33,24,2.54,0.0,9,M-DEC,0.0,,0.0
2796,Red,Montel Jackson,Andre Soukhamthath,175.26,177.8,135,177.8,190.5,135,26,30,-2.54,-12.7,-4,U-DEC,1.0,1.0,1.0
2798,Red,Brandon Davis,Randy Costa,175.26,185.42,135,177.8,182.88,135,28,24,-2.54,2.54,4,SUB,1.0,0.0,0.0
2801,Red,Josh Emmett,Michael Johnson,177.8,185.42,145,167.64,177.8,145,34,32,10.16,7.62,2,KO/TKO,0.0,0.0,0.0
2804,Red,Sodiq Yusuff,Sheymon Moraes,172.72,182.88,145,175.26,180.34,145,25,28,-2.54,2.54,-3,U-DEC,1.0,0.0,1.0
2805,Red,Marina Rodriguez,Jessica Aguilar,160.02,160.02,115,167.64,165.1,115,31,36,-7.62,-5.08,-5,U-DEC,1.0,1.0,1.0
2808,Red,Kevin Holland,Gerald Meerschaert,185.42,195.58,185,190.5,205.74,185,26,31,-5.08,-10.16,-5,S-DEC,1.0,1.0,1.0
2811,Red,Alex Perez,Mark De La Rosa,167.64,165.1,135,167.64,165.1,135,27,24,0.0,0.0,3,U-DEC,,,0.0
2813,Red,Curtis Blaydes,Justin Willis,185.42,198.12,264,193.04,203.2,265,28,31,-7.62,-5.08,-3,U-DEC,1.0,1.0,1.0
2814,Red,John Makdessi,Jesus Pinedo,177.8,187.96,155,172.72,172.72,155,33,22,5.08,15.24,11,U-DEC,0.0,0.0,0.0
2815,Red,Jussier Formiga,Deiveson Figueiredo,165.1,172.72,125,165.1,170.18,125,33,31,0.0,2.54,2,U-DEC,,0.0,0.0
2816,Red,Luis Pena,Steven Peterson,177.8,177.8,145,190.5,190.5,155,25,28,-12.7,-12.7,-3,U-DEC,1.0,1.0,1.0
2817,Red,Maycee Barber,JJ Aldrich,165.1,170.18,125,165.1,165.1,125,20,26,0.0,5.08,-6,KO/TKO,,0.0,1.0
2818,Red,Bryce Mitchell,Bobby Moffett,177.8,187.96,145,177.8,177.8,145,24,28,0.0,10.16,-4,U-DEC,,0.0,1.0
2819,Red,Marlon Vera,Frankie Saenz,167.64,167.64,135,172.72,177.8,135,26,38,-5.08,-10.16,-12,KO/TKO,1.0,1.0,1.0
2821,Red,Randa Markos,Angela Hill,160.02,162.56,115,162.56,160.02,115,33,34,-2.54,2.54,-1,SUB,1.0,0.0,1.0
2825,Red,Leon Edwards,Gunnar Nelson,180.34,182.88,170,182.88,187.96,170,27,30,-2.54,-5.08,-3,S-DEC,1.0,1.0,1.0
2827,Red,Nathaniel Wood,Jose Quinonez,172.72,175.26,135,167.64,175.26,135,25,28,5.08,0.0,-3,SUB,0.0,,1.0
2829,Red,Jack Marshman,John Phillips,180.34,190.5,185,182.88,185.42,185,29,33,-2.54,5.08,-4,S-DEC,1.0,0.0,1.0
2830,Red,Arnold Allen,Jordan Rinaldi,177.8,182.88,145,172.72,177.8,145,25,31,5.08,5.08,-6,U-DEC,0.0,0.0,1.0
2831,Red,Marc Diakiese,Joe Duffy,177.8,185.42,155,177.8,185.42,155,25,31,0.0,0.0,-6,U-DEC,,,1.0
2834,Red,Molly McCann,Priscila Cachoeira,170.18,165.1,125,162.56,157.48,125,28,30,7.62,7.62,-2,U-DEC,0.0,0.0,1.0
2835,Red,Mike Grundy,Nad Narimani,172.72,177.8,145,170.18,182.88,145,32,31,2.54,-5.08,1,KO/TKO,0.0,1.0,0.0
2837,Red,Elizeu Zaleski dos Santos,Curtis Millender,187.96,193.04,170,180.34,185.42,170,32,31,7.62,7.62,1,SUB,0.0,0.0,0.0
2839,Red,Blagoy Ivanov,Ben Rothwell,193.04,198.12,265,180.34,185.42,250,32,37,12.7,12.7,-5,U-DEC,0.0,0.0,1.0
2840,Red,Beneil Dariush,Drew Dober,172.72,177.8,155,177.8,182.88,155,29,30,-5.08,-5.08,-1,SUB,1.0,1.0,1.0
2842,Red,Anthony Rocco Martin,Sergio Moraes,182.88,182.88,170,182.88,185.42,170,29,36,0.0,-2.54,-7,U-DEC,,1.0,1.0
2844,Red,Grant Dawson,Julian Erosa,185.42,187.96,145,177.8,182.88,145,25,29,7.62,5.08,-4,U-DEC,0.0,0.0,1.0
2845,Red,Maurice Greene,Jeff Hughes,187.96,198.12,250,200.66,208.28,258,32,30,-12.7,-10.16,2,S-DEC,1.0,1.0,0.0
2847,Red,Alex Morono,Zak Ottow,180.34,182.88,170,180.34,182.88,170,28,32,0.0,0.0,-4,KO/TKO,,,1.0
2848,Red,Alex White,Dan Moret,182.88,185.42,155,182.88,180.34,155,30,32,0.0,5.08,-2,U-DEC,,0.0,1.0
2849,Red,Jon Jones,Anthony Smith,193.04,193.04,205,193.04,213.36,205,31,30,0.0,-20.32,1,U-DEC,,1.0,0.0
2856,Red,Cody Stamann,Alejandro Perez,167.64,170.18,135,167.64,162.56,135,29,29,0.0,7.62,0,U-DEC,,0.0,
2857,Red,Diego Sanchez,Mickey Gall,187.96,187.96,170,177.8,182.88,170,37,27,10.16,5.08,10,KO/TKO,0.0,0.0,0.0
2858,Red,Edmen Shahbazyan,Charles Byrd,177.8,185.42,185,187.96,187.96,185,21,35,-10.16,-2.54,-14,KO/TKO,1.0,1.0,1.0
2862,Red,Stefan Struve,Marcos Rogerio de Lima,185.42,190.5,253,210.82,213.36,265,31,33,-25.4,-22.86,-2,SUB,1.0,1.0,1.0
2864,Red,Liz Carmouche,Lucie Pudilova,172.72,170.18,125,167.64,167.64,125,35,24,5.08,2.54,11,U-DEC,0.0,0.0,0.0
2866,Red,Magomed Ankalaev,Klidson Abreu,182.88,187.96,235,190.5,190.5,205,26,26,-7.62,-2.54,0,U-DEC,1.0,1.0,
2867,Red,Dwight Grant,Carlo Pedersoli,180.34,190.5,170,185.42,193.04,170,34,25,-5.08,-2.54,9,,1.0,1.0,0.0
2870,Red,Damir Hadzovic,Polo Reyes,180.34,180.34,155,175.26,177.8,155,32,34,5.08,2.54,-2,,0.0,0.0,1.0
2873,Red,Damir Ismagulov,Joel Alvarez,190.5,195.58,155,177.8,177.8,155,28,24,12.7,17.78,4,U-DEC,0.0,0.0,0.0
2874,Red,Francis Ngannou,Cain Velasquez,185.42,195.58,240,193.04,210.82,250,32,36,-7.62,-15.24,-4,KO/TKO,1.0,1.0,1.0
2878,Red,Vicente Luque,Bryan Barberena,182.88,182.88,170,180.34,190.5,170,27,29,2.54,-7.62,-2,KO/TKO,0.0,1.0,1.0
2879,Red,Andre Fili,Myles Jury,177.8,185.42,145,180.34,187.96,145,28,30,-2.54,-2.54,-2,U-DEC,1.0,1.0,1.0
2886,Red,Israel Adesanya,Anderson Silva,187.96,195.58,185,193.04,203.2,185,29,43,-5.08,-7.62,-14,U-DEC,1.0,1.0,1.0
2887,Red,Lando Vannata,Marcos Mariano,185.42,193.04,155,175.26,180.34,155,26,32,10.16,12.7,-6,SUB,0.0,0.0,1.0
2889,Red,Montana De La Rosa,Nadia Kassem,165.1,167.64,125,170.18,172.72,125,23,23,-5.08,-5.08,0,SUB,1.0,1.0,
2890,Red,Jimmy Crute,Sam Alvey,187.96,190.5,205,187.96,187.96,205,22,32,0.0,2.54,-10,KO/TKO,,0.0,1.0
2891,Red,Devonte Smith,Dong Hyun Ma,180.34,177.8,155,175.26,193.04,155,25,30,5.08,-15.24,-5,KO/TKO,0.0,1.0,1.0
2892,Red,Shane Young,Austin Arnett,182.88,182.88,145,172.72,182.88,145,25,27,10.16,0.0,-2,U-DEC,0.0,,1.0
2893,Red,Kai Kara-France,Raulian Paiva,172.72,175.26,125,165.1,175.26,125,25,23,7.62,0.0,2,S-DEC,0.0,,0.0
2898,Red,Jose Aldo,Renato Moicano,180.34,182.88,145,170.18,177.8,145,32,29,10.16,5.08,3,KO/TKO,0.0,0.0,0.0
2899,Red,Demian Maia,Lyman Good,182.88,187.96,170,185.42,182.88,170,41,33,-2.54,5.08,8,SUB,1.0,0.0,0.0
2900,Red,Charles Oliveira,David Teymur,175.26,185.42,155,177.8,187.96,155,29,29,-2.54,-2.54,0,SUB,1.0,1.0,
2901,Red,Johnny Walker,Justin Ledet,193.04,203.2,205,195.58,208.28,205,26,30,-2.54,-5.08,-4,KO/TKO,1.0,1.0,1.0
2902,Red,Livinha Souza,Sarah Frota,167.64,175.26,115,165.1,160.02,115,27,31,2.54,15.24,-4,S-DEC,0.0,0.0,1.0
2903,Red,Markus Perez,Anthony Hernandez,182.88,190.5,185,185.42,185.42,185,30,25,-2.54,5.08,5,SUB,1.0,0.0,0.0
2904,Red,Mara Romero Borella,Taila Santos,165.1,172.72,125,167.64,175.26,125,32,25,-2.54,-2.54,7,S-DEC,1.0,1.0,0.0
2905,Red,Thiago Alves,Max Griffin,180.34,193.04,170,175.26,177.8,170,35,33,5.08,15.24,2,S-DEC,0.0,0.0,0.0
2907,Red,Geraldo de Freitas,Felipe Colares,175.26,175.26,135,175.26,182.88,135,27,24,0.0,-7.62,3,U-DEC,,1.0,0.0
2910,Red,Henry Cejudo,TJ Dillashaw,167.64,170.18,125,162.56,162.56,135,31,32,5.08,7.62,-1,KO/TKO,0.0,0.0,1.0
2912,Red,Gregor Gillespie,Yancy Medeiros,177.8,190.5,155,170.18,180.34,155,32,31,7.62,10.16,1,KO/TKO,0.0,0.0,0.0
2913,Red,Joseph Benavidez,Dustin Ortiz,165.1,165.1,125,162.56,165.1,125,34,30,2.54,0.0,4,U-DEC,0.0,,0.0
2914,Red,Paige VanZant,Rachael Ostovich,160.02,157.48,125,162.56,165.1,115,24,27,-2.54,-7.62,-3,SUB,1.0,1.0,1.0
2915,Red,Glover Teixeira,Karl Roberson,185.42,187.96,205,187.96,193.04,205,39,28,-2.54,-5.08,11,SUB,1.0,1.0,0.0
2917,Red,Joanne Calderwood,Ariane Lipski,160.02,170.18,125,167.64,165.1,125,33,24,-7.62,5.08,9,U-DEC,1.0,0.0,0.0
2918,Red,Alonzo Menifield,Vinicius Moreira,193.04,191.77,185,182.88,193.04,205,31,29,10.16,-1.27,2,KO/TKO,0.0,1.0,0.0
2919,Red,Cory Sandhagen,Mario Bautista,175.26,182.88,135,180.34,177.8,135,26,25,-5.08,5.08,1,SUB,1.0,0.0,0.0
2920,Red,Dennis Bermudez,Te Edwards,172.72,182.88,155,167.64,167.64,155,32,28,5.08,15.24,4,U-DEC,0.0,0.0,0.0
2923,Red,Jon Jones,Alexander Gustafsson,195.58,200.66,205,193.04,213.36,205,31,31,2.54,-12.7,0,KO/TKO,0.0,1.0,
2931,Red,Nathaniel Wood,Andre Ewell,172.72,190.5,135,167.64,175.26,135,25,30,5.08,15.24,-5,SUB,0.0,0.0,1.0
2932,Red,Uriah Hall,Bevon Lewis,190.5,200.66,185,182.88,200.66,185,34,27,7.62,0.0,7,KO/TKO,0.0,,0.0
2933,Red,Curtis Millender,Siyar Bahadurzada,180.34,185.42,170,187.96,193.04,170,31,34,-7.62,-7.62,-3,U-DEC,1.0,1.0,1.0
2936,Red,Edson Barboza,Dan Hooker,182.88,190.5,155,180.34,190.5,155,32,28,2.54,0.0,4,KO/TKO,0.0,,0.0
2937,Red,Rob Font,Sergio Pettis,167.64,175.26,135,172.72,180.34,135,31,25,-5.08,-5.08,6,U-DEC,1.0,1.0,0.0
2939,Red,Zak Ottow,Dwight Grant,185.42,193.04,170,180.34,182.88,170,31,34,5.08,10.16,-3,S-DEC,0.0,0.0,1.0
2944,Red,Dan Ige,Jordan Griffin,177.8,182.88,145,170.18,180.34,145,27,28,7.62,2.54,-1,U-DEC,0.0,0.0,1.0
2947,Red,Max Holloway,Brian Ortega,172.72,175.26,145,180.34,175.26,155,27,27,-7.62,0.0,0,KO/TKO,1.0,,
2948,Red,Valentina Shevchenko,Joanna Jedrzejczyk,167.64,165.1,125,165.1,167.64,125,30,31,2.54,-2.54,-1,U-DEC,0.0,1.0,1.0
2950,Red,Hakeem Dawodu,Kyle Bochniak,170.18,177.8,145,172.72,185.42,145,27,31,-2.54,-7.62,-4,S-DEC,1.0,1.0,1.0
2955,Red,Elias Theodorou,Eryk Anders,185.42,190.5,185,185.42,190.5,185,30,31,0.0,0.0,-1,S-DEC,,,1.0
2956,Red,Brad Katona,Matthew Lopez,170.18,175.26,135,167.64,162.56,135,26,31,2.54,12.7,-5,U-DEC,0.0,0.0,1.0
2958,Red,Diego Ferreira,Kyle Nelson,180.34,180.34,155,175.26,187.96,155,33,27,5.08,-7.62,6,KO/TKO,0.0,1.0,0.0
2960,Red,Junior Dos Santos,Tai Tuivasa,187.96,190.5,264,193.04,195.58,238,34,25,-5.08,-5.08,9,KO/TKO,1.0,1.0,0.0
2961,Red,Mauricio Rua,Tyson Pedro,190.5,200.66,205,185.42,193.04,205,37,27,5.08,7.62,10,KO/TKO,0.0,0.0,0.0
2965,Red,Jimmy Crute,Paul Craig,190.5,193.04,205,187.96,187.96,205,22,31,2.54,5.08,-9,SUB,0.0,0.0,1.0
2967,Red,Wilson Reis,Ben Nguyen,165.1,165.1,125,162.56,165.1,125,33,30,2.54,0.0,3,U-DEC,0.0,,0.0
2968,Red,Keita Nakamura,Salim Touahri,177.8,182.88,170,180.34,185.42,170,34,29,-2.54,-2.54,5,S-DEC,1.0,1.0,0.0
2973,Red,Juan Espino,Justin Frazier,182.88,190.5,265,193.04,208.28,250,38,29,-10.16,-17.78,9,SUB,1.0,1.0,0.0
2975,Red,Pedro Munhoz,Bryan Caraway,172.72,172.72,135,167.64,165.1,135,32,34,5.08,7.62,-2,KO/TKO,0.0,0.0,1.0
2979,Red,Joseph Benavidez,Alex Perez,167.64,165.1,135,162.56,165.1,125,34,26,5.08,0.0,8,KO/TKO,0.0,,0.0
2980,Red,Maurice Greene,Michel Batista,190.5,204.0,260,200.66,208.28,258,32,34,-10.16,-4.28,-2,SUB,1.0,1.0,1.0
2982,Red,Roosevelt Roberts,Darrell Horcher,177.8,177.8,155,187.96,185.42,155,24,31,-10.16,-7.62,-7,SUB,1.0,1.0,1.0
2983,Red,Tim Means,Ricky Rainey,185.42,195.58,170,187.96,190.5,170,34,35,-2.54,5.08,-1,KO/TKO,1.0,0.0,1.0
2984,Red,Raoni Barcelos,Chris Gutierrez,175.26,175.26,135,170.18,170.18,135,31,27,5.08,5.08,4,SUB,0.0,0.0,0.0
2986,Red,Alistair Overeem,Sergei Pavlovich,190.5,213.36,257,193.04,203.2,265,38,26,-2.54,10.16,12,KO/TKO,1.0,0.0,0.0
2987,Red,Song Yadong,Vince Morales,170.18,177.8,135,172.72,170.18,135,20,28,-2.54,7.62,-8,U-DEC,1.0,0.0,1.0
2988,Red,Li Jingliang,David Zawada,182.88,190.5,170,182.88,180.34,170,30,28,0.0,10.16,2,,,0.0,0.0
2990,Red,Wu Yanan,Lauren Mueller,165.1,170.18,125,172.72,167.64,125,22,27,-7.62,2.54,-5,,1.0,0.0,1.0
2992,Red,Weili Zhang,Jessica Aguilar,160.02,160.02,115,162.56,160.02,115,29,36,-2.54,0.0,-7,SUB,1.0,,1.0
2993,Red,Liu Pingyuan,Martin Day,177.8,185.42,135,167.64,182.88,135,25,30,10.16,2.54,-5,S-DEC,0.0,0.0,1.0
2994,Red,Yan Xiaonan,Syuri Kondo,162.56,167.64,115,165.1,160.02,115,29,29,-2.54,7.62,0,,1.0,0.0,
2995,Red,Kevin Holland,John Phillips,180.34,190.5,185,190.5,205.74,185,26,33,-10.16,-15.24,-7,SUB,1.0,1.0,1.0
2998,Red,Ricardo Lamas,Darren Elkins,177.8,180.34,145,172.72,180.34,145,36,34,5.08,0.0,2,KO/TKO,0.0,,0.0
3002,Red,Cynthia Calvillo,Poliana Botelho,172.72,170.18,115,162.56,162.56,115,31,29,10.16,7.62,2,SUB,0.0,0.0,0.0
3003,Red,Michel Prazeres,Bartosz Fabinski,182.88,190.5,170,167.64,170.18,170,37,32,15.24,20.32,5,SUB,0.0,0.0,0.0
3004,Red,Alexandre Pantoja,Ulka Sasaki,177.8,180.34,125,165.1,170.18,125,28,29,12.7,10.16,-1,,0.0,0.0,1.0
3006,Red,Laureano Staropoli,Hector Aldana,180.34,182.88,170,185.42,180.34,170,25,30,-5.08,2.54,-5,U-DEC,1.0,0.0,1.0
3008,Red,Nad Narimani,Anderson Dos Santos,165.1,177.8,135,172.72,177.8,145,31,33,-7.62,0.0,-2,U-DEC,1.0,,1.0
3010,Red,Donald Cerrone,Mike Perry,177.8,180.34,170,185.42,185.42,155,35,27,-7.62,-5.08,8,SUB,1.0,1.0,0.0
3012,Red,Beneil Dariush,Thiago Moises,175.26,177.8,155,177.8,182.88,155,29,23,-2.54,-5.08,6,U-DEC,1.0,1.0,0.0
3013,Red,Maycee Barber,Hannah Cifers,154.94,160.02,115,165.1,165.1,125,20,26,-10.16,-5.08,-6,KO/TKO,1.0,1.0,1.0
3014,Red,Michael Trizano,Luis Pena,190.5,190.5,155,180.34,180.34,155,26,25,10.16,10.16,1,S-DEC,0.0,0.0,0.0
3015,Red,Ashley Yoder,Amanda Cooper,160.02,162.56,115,170.18,175.26,115,31,27,-10.16,-12.7,4,S-DEC,1.0,1.0,0.0
3017,Red,Davi Ramos,John Gunther,175.26,182.88,155,167.64,177.8,155,32,32,7.62,5.08,0,SUB,0.0,0.0,
3018,Red,Devonte Smith,Julian Erosa,185.42,187.96,145,175.26,193.04,155,25,29,10.16,-5.08,-4,KO/TKO,0.0,1.0,1.0
3020,Red,Mark De La Rosa,Joby Sanchez,167.64,172.72,135,167.64,165.1,135,24,27,0.0,7.62,-3,S-DEC,,0.0,1.0
3021,Red,Daniel Cormier,Derrick Lewis,190.5,200.66,260,180.34,182.88,235,39,33,10.16,17.78,6,SUB,0.0,0.0,0.0
3024,Red,Karl Roberson,Jack Marshman,182.88,185.42,185,185.42,187.96,205,28,28,-2.54,-2.54,0,U-DEC,1.0,1.0,
3027,Red,Sijara Eubanks,Roxanne Modafferi,170.18,175.26,125,162.56,170.18,135,33,36,7.62,5.08,-3,U-DEC,0.0,0.0,1.0
3029,Red,Lyman Good,Ben Saunders,187.96,195.58,170,182.88,187.96,170,33,35,5.08,7.62,-2,KO/TKO,0.0,0.0,1.0
3030,Red,Shane Burgos,Kurt Holobaugh,180.34,177.8,155,180.34,190.5,145,27,32,0.0,-12.7,-5,SUB,,1.0,1.0
3033,Red,Michael Johnson,Artem Lobov,175.26,165.1,145,177.8,185.42,145,32,32,-2.54,-20.32,0,U-DEC,1.0,1.0,
3034,Red,Misha Cirkunov,Patrick Cummins,187.96,193.04,205,190.5,195.58,205,31,37,-2.54,-2.54,-6,SUB,1.0,1.0,1.0
3035,Red,Andre Soukhamthath,Jonathan Martinez,172.72,177.8,135,175.26,177.8,135,30,32,-2.54,0.0,-2,U-DEC,1.0,,1.0
3036,Red,Gian Villante,Ed Herman,185.42,195.58,205,190.5,193.04,205,33,38,-5.08,2.54,-5,S-DEC,1.0,0.0,1.0
3040,Red,Calvin Kattar,Chris Fishgold,172.72,172.72,145,180.34,182.88,145,30,26,-7.62,-10.16,4,KO/TKO,1.0,1.0,0.0
3043,Red,Arjan Bhullar,Marcelo Golm,190.5,190.5,249,185.42,190.5,245,32,26,5.08,0.0,6,U-DEC,0.0,,0.0
3044,Red,Stevie Ray,Jessin Ayari,182.88,185.42,155,177.8,177.8,155,28,26,5.08,7.62,2,U-DEC,0.0,0.0,0.0
3045,Red,Khabib Nurmagomedov,Conor McGregor,175.26,187.96,155,177.8,177.8,155,30,30,-2.54,10.16,0,SUB,1.0,0.0,
3046,Red,Tony Ferguson,Anthony Pettis,177.8,182.88,170,180.34,193.04,155,34,31,-2.54,-10.16,3,KO/TKO,1.0,1.0,0.0
3048,Red,Derrick Lewis,Alexander Volkov,200.66,203.2,250,190.5,200.66,260,33,29,10.16,2.54,4,KO/TKO,0.0,0.0,0.0
3049,Red,Michelle Waterson,Felice Herrig,162.56,165.1,115,160.02,157.48,115,32,34,2.54,7.62,-2,U-DEC,0.0,0.0,1.0
3051,Red,Vicente Luque,Jalin Turner,190.5,195.58,155,180.34,190.5,170,26,23,10.16,5.08,3,KO/TKO,0.0,0.0,0.0
3052,Red,Aspen Ladd,Tonya Evinger,170.18,177.8,135,167.64,167.64,135,23,37,2.54,10.16,-14,KO/TKO,0.0,0.0,1.0
3053,Red,Scott Holtzman,Alan Patrick,180.34,187.96,155,175.26,175.26,155,35,35,5.08,12.7,0,KO/TKO,0.0,0.0,
3057,Red,Thiago Santos,Eryk Anders,185.42,190.5,185,187.96,193.04,205,34,31,-2.54,-2.54,3,KO/TKO,1.0,1.0,0.0
3058,Red,Alex Oliveira,Carlo Pedersoli,180.34,190.5,170,180.34,193.04,170,30,25,0.0,-2.54,5,,,1.0,0.0
3061,Red,Charles Oliveira,Christos Giagos,177.8,180.34,155,177.8,187.96,155,28,28,0.0,-7.62,0,SUB,,1.0,
3062,Red,Francisco Trinaldo,Evan Dunham,177.8,177.8,155,175.26,177.8,155,40,36,2.54,0.0,4,KO/TKO,0.0,,0.0
3064,Red,Augusto Sakai,Chase Sherman,193.04,198.12,250,190.5,195.58,265,27,28,2.54,2.54,-1,KO/TKO,0.0,0.0,1.0
3065,Red,Sergio Moraes,Ben Saunders,187.96,195.58,170,182.88,182.88,170,36,35,5.08,12.7,1,SUB,0.0,0.0,0.0
3066,Red,Mayra Bueno Silva,Gillian Robertson,165.1,160.02,125,167.64,169.0,135,27,23,-2.54,-8.98,4,SUB,1.0,1.0,0.0
3067,Red,Thales Leites,Hector Lombard,175.26,180.34,185,185.42,198.12,185,37,40,-10.16,-17.78,-3,U-DEC,1.0,1.0,1.0
3068,Red,Elizeu Zaleski dos Santos,Luigi Vendramini,172.72,185.0,170,180.34,185.42,170,31,22,-7.62,-0.42,9,KO/TKO,1.0,1.0,0.0
3069,Red,Livinha Souza,Alex Chambers,160.02,160.02,115,165.1,160.02,115,27,39,-5.08,0.0,-12,SUB,1.0,,1.0
3071,Red,Jan Blachowicz,Nikita Krylov,190.5,195.58,205,187.96,198.12,205,35,26,2.54,-2.54,9,SUB,0.0,1.0,0.0
3073,Red,Aleksei Kunchenko,Thiago Alves,175.26,177.8,170,172.72,177.8,170,34,34,2.54,0.0,0,U-DEC,0.0,,
3074,Red,Khalid Murtazaliev,CB Dollaway,187.96,193.04,185,182.88,193.04,185,25,35,5.08,0.0,-10,KO/TKO,0.0,,1.0
3075,Red,Petr Yan,Jin Soo Son,167.64,175.26,135,170.18,170.18,135,25,25,-2.54,5.08,0,U-DEC,1.0,0.0,
3076,Red,Rustam Khabilov,Kajan Johnson,180.34,190.5,155,172.72,185.42,155,31,34,7.62,5.08,-3,S-DEC,0.0,0.0,1.0
3077,Red,Mairbek Taisumov,Desmond Green,177.8,185.42,155,175.26,185.42,155,30,28,2.54,0.0,2,U-DEC,0.0,,0.0
3078,Red,Magomed Ankalaev,Marcin Prachnio,190.5,187.96,205,190.5,190.5,205,26,30,0.0,-2.54,-4,KO/TKO,,1.0,1.0
3080,Red,Ramazan Emeev,Stefan Sekulic,182.88,190.5,170,177.8,193.04,170,31,26,5.08,-2.54,5,U-DEC,0.0,1.0,0.0
3081,Red,Merab Dvalishvili,Terrion Ware,172.72,180.34,135,167.64,172.72,135,27,32,5.08,7.62,-5,U-DEC,0.0,0.0,1.0
3082,Red,Tyron Woodley,Darren Till,182.88,187.96,170,175.26,187.96,170,36,25,7.62,0.0,11,SUB,0.0,,0.0
3083,Red,Jessica Andrade,Karolina Kowalkiewicz,160.02,162.56,115,154.94,157.48,115,26,32,5.08,5.08,-6,KO/TKO,0.0,0.0,1.0
3084,Red,Zabit Magomedsharipov,Brandon Davis,177.8,182.88,135,185.42,185.42,145,27,28,-7.62,-2.54,-1,SUB,1.0,1.0,1.0
3085,Red,Jimmie Rivera,John Dodson,160.02,167.64,135,162.56,172.72,135,29,33,-2.54,-5.08,-4,U-DEC,1.0,1.0,1.0
3086,Red,Abdul Razak Alhassan,Niko Price,182.88,193.04,170,177.8,185.42,170,33,28,5.08,7.62,5,KO/TKO,0.0,0.0,0.0
3088,Red,Aljamain Sterling,Cody Stamann,167.64,162.56,135,170.18,180.34,135,29,28,-2.54,-17.78,1,SUB,1.0,1.0,0.0
3089,Red,Geoff Neal,Frank Camacho,177.8,185.42,170,180.34,190.5,170,28,29,-2.54,-5.08,-1,KO/TKO,1.0,1.0,1.0
3091,Red,Diego Sanchez,Craig White,187.96,193.04,170,177.8,182.88,170,36,28,10.16,10.16,8,U-DEC,0.0,0.0,0.0
3092,Red,Jim Miller,Alex White,182.88,180.34,155,172.72,180.34,155,35,29,10.16,0.0,6,SUB,0.0,,0.0
3093,Red,Irene Aldana,Lucie Pudilova,172.72,170.18,125,175.26,172.72,135,30,24,-2.54,-2.54,6,S-DEC,1.0,1.0,0.0
3095,Red,Justin Gaethje,James Vick,190.5,193.04,155,180.34,177.8,155,29,31,10.16,15.24,-2,KO/TKO,0.0,0.0,1.0
3096,Red,Michael Johnson,Andre Fili,180.34,187.96,145,177.8,185.42,145,32,28,2.54,2.54,4,S-DEC,0.0,0.0,0.0
3097,Red,Cortney Casey,Angela Hill,160.02,162.56,115,170.18,170.18,115,31,33,-10.16,-7.62,-2,S-DEC,1.0,1.0,1.0
3100,Red,Eryk Anders,Tim Williams,187.96,193.04,185,185.42,190.5,185,31,32,2.54,2.54,-1,KO/TKO,0.0,0.0,1.0
3101,Red,James Krause,Warlley Alves,180.34,182.88,170,187.96,185.42,170,32,27,-7.62,-2.54,5,KO/TKO,1.0,1.0,0.0
3102,Red,Cory Sandhagen,Iuri Alcantara,175.26,180.34,135,180.34,177.8,135,26,38,-5.08,2.54,-12,KO/TKO,1.0,0.0,1.0
3103,Red,Andrew Sanchez,Markus Perez,185.42,185.42,185,185.42,187.96,185,30,30,0.0,-2.54,0,U-DEC,,1.0,
3104,Red,Mickey Gall,George Sullivan,182.88,185.42,170,187.96,187.96,170,26,37,-5.08,-2.54,-11,SUB,1.0,1.0,1.0
3105,Red,Joanne Calderwood,Kalindra Faria,170.18,157.0,125,167.64,165.1,125,32,32,2.54,-8.1,0,SUB,0.0,1.0,
3106,Red,Drew Dober,Jon Tuck,180.34,185.42,155,172.72,177.8,155,29,33,7.62,7.62,-4,U-DEC,0.0,0.0,1.0
3107,Red,Rani Yahya,Luke Sanders,167.64,170.18,135,167.64,170.18,135,33,32,0.0,0.0,1,SUB,,,0.0
3108,Red,TJ Dillashaw,Cody Garbrandt,172.72,165.1,135,167.64,170.18,125,32,27,5.08,-5.08,5,KO/TKO,0.0,1.0,0.0
3112,Red,Thiago Santos,Kevin Holland,190.5,205.74,185,187.96,193.04,205,34,25,2.54,12.7,9,U-DEC,0.0,0.0,0.0
3113,Red,Pedro Munhoz,Brett Johns,170.18,180.34,135,167.64,165.1,135,31,26,2.54,15.24,5,U-DEC,0.0,0.0,0.0
3114,Red,Ricky Simon,Montel Jackson,177.8,190.5,135,167.64,175.26,135,25,26,10.16,15.24,-1,U-DEC,0.0,0.0,1.0
3115,Red,Ricardo Ramos,Kyung Ho Kang,175.26,185.42,135,175.26,182.88,135,23,30,0.0,2.54,-7,S-DEC,,0.0,1.0
3117,Red,Alex Perez,Jose Torres,162.56,165.1,125,167.64,165.1,135,26,26,-5.08,0.0,0,KO/TKO,1.0,,
3119,Red,Marlon Vera,Wuliji Buren,175.26,175.26,135,172.72,177.8,135,25,29,2.54,-2.54,-4,KO/TKO,0.0,1.0,1.0
3121,Red,Jose Aldo,Jeremy Stephens,172.72,180.34,145,170.18,177.8,145,31,32,2.54,2.54,-1,KO/TKO,0.0,0.0,1.0
3122,Red,Joanna Jedrzejczyk,Tecia Torres,154.94,152.4,115,167.64,165.1,125,30,28,-12.7,-12.7,2,U-DEC,1.0,1.0,0.0
3123,Red,Alexander Hernandez,Olivier Aubin-Mercier,175.26,177.8,155,175.26,182.88,155,25,29,0.0,-5.08,-4,U-DEC,,1.0,1.0
3124,Red,Jordan Mein,Alex Morono,180.34,182.88,170,182.88,185.42,170,28,27,-2.54,-2.54,1,U-DEC,1.0,1.0,0.0
3125,Red,Hakeem Dawodu,Austin Arnett,182.88,182.88,145,172.72,185.42,145,27,26,10.16,-2.54,1,U-DEC,0.0,1.0,0.0
3128,Red,John Makdessi,Ross Pearson,172.72,175.26,155,172.72,172.72,155,33,33,0.0,2.54,0,U-DEC,,0.0,
3130,Red,Dustin Ortiz,Matheus Nicolau,167.64,167.64,125,165.1,165.1,125,29,25,2.54,2.54,4,,0.0,0.0,0.0
3132,Red,Devin Powell,Alvaro Herrera,182.88,187.96,155,182.88,185.42,155,30,28,0.0,2.54,2,,,0.0,0.0
3136,Red,Marcin Tybura,Stefan Struve,210.82,213.36,265,190.5,198.12,249,32,30,20.32,15.24,2,U-DEC,0.0,0.0,0.0
3137,Red,Danny Roberts,David Zawada,182.88,190.5,170,185.42,187.96,170,31,27,-2.54,2.54,4,S-DEC,1.0,0.0,0.0
3138,Red,Nasrat Haqparast,Marc Diakiese,177.8,185.42,155,177.8,182.88,155,22,25,0.0,2.54,-3,U-DEC,,0.0,1.0
3146,Red,Junior Dos Santos,Blagoy Ivanov,180.34,185.42,250,193.04,195.58,238,34,31,-12.7,-10.16,3,U-DEC,1.0,1.0,0.0
3147,Red,Sage Northcutt,Zak Ottow,180.34,182.88,170,182.88,180.34,170,22,31,-2.54,2.54,-9,KO/TKO,1.0,0.0,1.0
3151,Red,Cat Zingano,Marion Reneau,167.64,172.72,135,167.64,172.72,145,36,41,0.0,0.0,-5,U-DEC,,,1.0
3156,Red,Liz Carmouche,Jennifer Maia,162.56,162.56,125,167.64,167.64,125,34,29,-5.08,-5.08,5,U-DEC,1.0,1.0,0.0
3157,Red,Mark De La Rosa,Elias Garcia,165.1,170.18,125,167.64,165.1,135,23,25,-2.54,5.08,-2,SUB,1.0,0.0,1.0
3158,Red,Jessica Aguilar,Jodie Esquibel,154.94,162.56,115,160.02,160.02,115,36,32,-5.08,2.54,4,U-DEC,1.0,0.0,0.0
3165,Red,Raphael Assuncao,Rob Font,172.72,180.34,135,165.1,167.64,135,35,31,7.62,12.7,4,U-DEC,0.0,0.0,0.0
3167,Red,Curtis Millender,Max Griffin,180.34,193.04,170,187.96,193.04,170,30,32,-7.62,0.0,-2,U-DEC,1.0,,1.0
3168,Red,Dan Hooker,Gilbert Burns,177.8,180.34,155,182.88,190.5,155,28,31,-5.08,-10.16,-3,KO/TKO,1.0,1.0,1.0
3171,Red,Michael Trizano,Joe Giannetti,182.88,187.96,155,180.34,180.34,155,26,23,2.54,7.62,3,S-DEC,0.0,0.0,0.0
3173,Red,Alex Caceres,Martin Bravo,172.72,180.34,145,177.8,185.42,145,30,24,-5.08,-5.08,6,S-DEC,1.0,1.0,0.0
3174,Red,Roxanne Modafferi,Barb Honchak,162.56,165.1,125,170.18,175.26,125,35,38,-7.62,-10.16,-3,KO/TKO,1.0,1.0,1.0
3175,Red,Alessio Di Chirico,Julian Marquez,187.96,190.5,185,182.88,187.96,185,28,28,5.08,2.54,0,S-DEC,0.0,0.0,
3176,Red,Montana De La Rosa,Rachael Ostovich,160.02,157.48,125,170.18,172.72,125,23,27,-10.16,-15.24,-4,SUB,1.0,1.0,1.0
3177,Red,Luis Pena,Richie Smullen,175.26,172.72,155,190.5,190.5,155,25,26,-15.24,-17.78,-1,SUB,1.0,1.0,1.0
3178,Red,John Gunther,Allan Zuniga,170.18,177.8,155,175.26,182.88,155,32,26,-5.08,-5.08,6,M-DEC,1.0,1.0,0.0
3181,Red,Gerald Meerschaert,Oskar Piechota,182.88,193.04,185,185.42,195.58,185,30,28,-2.54,-2.54,2,SUB,1.0,1.0,0.0
3183,Red,Ovince Saint Preux,Tyson Pedro,190.5,200.66,205,190.5,203.2,205,35,26,0.0,-2.54,9,SUB,,1.0,0.0
3185,Red,Li Jingliang,Daichi Abe,180.34,180.34,170,182.88,180.34,170,30,26,-2.54,0.0,4,,1.0,,0.0
3189,Red,Song Kenan,Hector Aldana,180.34,182.88,170,182.88,180.34,170,28,29,-2.54,2.54,-1,,1.0,0.0,1.0
3192,Red,Matt Schnell,Naoki Inoue,175.26,180.34,125,172.72,177.8,135,28,21,2.54,2.54,7,S-DEC,0.0,0.0,0.0
3194,Red,Ji Yeon Kim,Melinda Fabian,167.64,167.64,125,170.18,182.88,125,28,30,-2.54,-15.24,-2,S-DEC,1.0,1.0,1.0
3195,Red,Robert Whittaker,Yoel Romero,182.88,185.42,185,182.88,185.42,185,27,41,0.0,0.0,-14,S-DEC,,,1.0
3197,Red,Holly Holm,Megan Anderson,182.88,182.88,145,172.72,175.26,145,36,28,10.16,7.62,8,U-DEC,0.0,0.0,0.0
3201,Red,Claudia Gadelha,Carla Esparza,154.94,160.02,115,162.56,160.02,115,29,30,-7.62,0.0,-1,S-DEC,1.0,,1.0
3209,Red,Gregor Gillespie,Vinc Pichel,177.8,182.88,155,170.18,180.34,155,31,35,7.62,2.54,-4,SUB,0.0,0.0,1.0
3210,Red,Walt Harris,Daniel Spitz,200.66,208.28,245,195.58,195.58,250,34,27,5.08,12.7,7,KO/TKO,0.0,0.0,0.0
3212,Red,Julio Arce,Daniel Teymur,165.1,175.26,145,170.18,177.8,145,28,30,-5.08,-2.54,-2,SUB,1.0,1.0,1.0
3214,Red,Sijara Eubanks,Lauren Murphy,170.18,170.18,125,162.56,170.18,135,33,34,7.62,0.0,-1,U-DEC,0.0,,1.0
3216,Red,Belal Muhammad,Chance Rencountre,187.96,190.5,170,180.34,182.88,170,29,31,7.62,7.62,-2,U-DEC,0.0,0.0,1.0
3217,Red,Desmond Green,Gleison Tibau,177.8,180.34,155,177.8,185.42,155,28,34,0.0,-5.08,-6,U-DEC,,1.0,1.0
3221,Red,Neil Magny,Craig White,187.96,193.04,170,190.5,203.2,170,30,27,-2.54,-10.16,3,KO/TKO,1.0,1.0,0.0
3222,Red,Arnold Allen,Mads Burnell,172.72,175.26,145,172.72,177.8,145,24,24,0.0,-2.54,0,SUB,,1.0,
3224,Red,Claudio Silva,Nordine Taleb,185.42,187.96,170,180.34,180.34,170,35,36,5.08,7.62,-1,SUB,0.0,0.0,1.0
3227,Red,Lina Lansberg,Gina Mazany,167.64,172.72,135,170.18,165.1,135,36,29,-2.54,7.62,7,U-DEC,1.0,0.0,0.0
3229,Red,Gillian Robertson,Molly McCann,162.56,157.48,125,165.1,160.02,125,23,28,-2.54,-2.54,-5,SUB,1.0,1.0,1.0
3230,Red,Elias Theodorou,Trevor Smith,190.5,190.5,185,185.42,190.5,185,29,37,5.08,0.0,-8,U-DEC,0.0,,1.0
3236,Red,Vicente Luque,Chad Laprise,177.8,180.34,170,180.34,190.5,170,26,31,-2.54,-10.16,-5,KO/TKO,1.0,1.0,1.0
3239,Red,Poliana Botelho,Syuri Kondo,162.56,167.64,115,172.72,170.18,115,29,29,-10.16,-2.54,0,KO/TKO,1.0,1.0,
3240,Red,Gabriel Benitez,Humberto Bandenay,180.34,182.0,145,172.72,180.34,145,29,23,7.62,1.66,6,KO/TKO,0.0,0.0,0.0
3241,Red,Enrique Barzola,Brandon Davis,177.8,182.88,135,170.18,177.8,145,29,28,7.62,5.08,1,U-DEC,0.0,0.0,0.0
3243,Red,Claudio Puelles,Felipe Silva,182.88,195.58,155,180.34,182.88,155,22,34,2.54,12.7,-12,SUB,0.0,0.0,1.0
3244,Red,Amanda Nunes,Raquel Pennington,170.18,170.18,135,172.72,175.26,145,29,29,-2.54,-5.08,0,KO/TKO,1.0,1.0,
3246,Red,Mackenzie Dern,Amanda Cooper,160.02,162.56,115,162.56,160.02,115,25,26,-2.54,2.54,-1,SUB,1.0,0.0,1.0
3247,Red,John Lineker,Brian Kelleher,167.64,167.64,135,160.02,170.18,135,27,31,7.62,-2.54,-4,KO/TKO,0.0,1.0,1.0
3249,Red,Cezar Ferreira,Karl Roberson,185.42,187.96,205,185.42,198.12,185,33,27,0.0,-10.16,6,SUB,,1.0,0.0
3250,Red,Aleksei Oleinik,Junior Albini,190.5,187.96,264,187.96,203.2,240,40,27,2.54,-15.24,13,SUB,0.0,1.0,0.0
3251,Red,Davi Ramos,Nick Hein,167.64,167.64,155,167.64,177.8,155,31,34,0.0,-10.16,-3,SUB,,1.0,1.0
3252,Red,Elizeu Zaleski dos Santos,Sean Strickland,185.42,193.04,170,180.34,185.42,170,31,27,5.08,7.62,4,KO/TKO,0.0,0.0,0.0
3253,Red,Warlley Alves,Sultan Aliev,180.34,187.96,170,180.34,182.88,170,27,33,0.0,5.08,-6,KO/TKO,,0.0,1.0
3256,Red,Markus Perez,James Bochnovic,193.04,205.74,205,185.42,185.42,185,29,29,7.62,20.32,0,SUB,0.0,0.0,
3258,Red,Frankie Edgar,Cub Swanson,172.72,177.8,145,167.64,172.72,145,36,34,5.08,5.08,2,U-DEC,0.0,0.0,0.0
3259,Red,Justin Willis,Chase Sherman,193.04,198.12,250,185.42,198.12,264,30,28,7.62,0.0,2,U-DEC,0.0,,0.0
3260,Red,David Branch,Thiago Santos,187.96,193.04,205,185.42,198.12,185,36,34,2.54,-5.08,2,KO/TKO,0.0,1.0,0.0
3261,Red,Aljamain Sterling,Brett Johns,170.18,180.34,135,170.18,180.34,135,28,26,0.0,0.0,2,U-DEC,,,0.0
3263,Red,Ryan LaFlare,Alex Garcia,175.26,182.88,170,185.42,187.96,170,34,30,-10.16,-5.08,4,U-DEC,1.0,1.0,0.0
3265,Red,Siyar Bahadurzada,Luan Chagas,182.88,190.5,170,180.34,185.42,170,34,24,2.54,5.08,10,KO/TKO,0.0,0.0,0.0
3266,Red,Corey Anderson,Patrick Cummins,187.96,193.04,205,190.5,200.66,205,28,37,-2.54,-7.62,-9,U-DEC,1.0,1.0,1.0
3267,Red,Anthony Rocco Martin,Keita Nakamura,180.34,185.42,170,182.88,185.42,170,28,33,-2.54,0.0,-5,U-DEC,1.0,,1.0
3268,Red,Dustin Poirier,Justin Gaethje,180.34,177.8,155,175.26,182.88,155,29,29,5.08,-5.08,0,KO/TKO,0.0,1.0,
3270,Red,Israel Adesanya,Marvin Vettori,182.88,187.96,185,193.04,203.2,185,28,24,-10.16,-15.24,4,S-DEC,1.0,1.0,0.0
3271,Red,Michelle Waterson,Cortney Casey,170.18,170.18,115,160.02,157.48,115,32,30,10.16,12.7,2,S-DEC,0.0,0.0,0.0
3273,Red,Muslim Salikhov,Ricky Rainey,185.42,195.58,170,180.34,177.8,170,33,34,5.08,17.78,-1,KO/TKO,0.0,0.0,1.0
3276,Red,Gilbert Burns,Dan Moret,182.88,185.42,155,177.8,180.34,155,31,31,5.08,5.08,0,KO/TKO,0.0,0.0,
3281,Red,Luke Sanders,Patrick Williams,172.72,185.42,135,167.64,170.18,135,32,36,5.08,15.24,-4,U-DEC,0.0,0.0,1.0
3282,Red,Khabib Nurmagomedov,Al Iaquinta,177.8,177.8,155,177.8,177.8,155,29,30,0.0,0.0,-1,U-DEC,,,1.0
3283,Red,Rose Namajunas,Joanna Jedrzejczyk,167.64,165.1,125,165.1,165.1,115,25,30,2.54,0.0,-5,U-DEC,0.0,,1.0
3284,Red,Renato Moicano,Calvin Kattar,180.34,182.88,145,180.34,182.88,145,28,30,0.0,0.0,-2,U-DEC,,,1.0
3285,Red,Zabit Magomedsharipov,Kyle Bochniak,170.18,177.8,145,185.42,185.42,145,27,31,-15.24,-7.62,-4,U-DEC,1.0,1.0,1.0
3287,Red,Karolina Kowalkiewicz,Felice Herrig,162.56,165.1,115,160.02,162.56,115,32,33,2.54,2.54,-1,S-DEC,0.0,0.0,1.0
3290,Red,Devin Clark,Mike Rodriguez,193.04,208.28,205,182.88,190.5,205,27,29,10.16,17.78,-2,U-DEC,0.0,0.0,1.0
3293,Red,Tom Duquesnoy,Terrion Ware,172.72,180.34,135,170.18,172.72,135,24,31,2.54,7.62,-7,U-DEC,0.0,0.0,1.0
3294,Red,Leon Edwards,Peter Sobotta,182.88,190.5,170,182.88,187.96,170,26,31,0.0,2.54,-5,KO/TKO,,0.0,1.0
3296,Red,Danny Roberts,Oliver Enkamp,182.88,195.58,170,185.42,187.96,170,30,26,-2.54,7.62,4,KO/TKO,1.0,0.0,0.0
3297,Red,Danny Henry,Hakeem Dawodu,172.72,185.42,145,182.88,185.42,145,29,26,-10.16,0.0,3,SUB,1.0,,0.0
3298,Red,Paul Craig,Magomed Ankalaev,190.5,190.5,205,190.5,193.04,205,30,25,0.0,-2.54,5,SUB,,1.0,0.0
3301,Red,Cris Cyborg,Yana Kunitskaya,167.64,172.72,135,172.72,172.72,145,32,28,-5.08,0.0,4,,1.0,,0.0
3303,Red,Sean O'Malley,Andre Soukhamthath,175.26,177.8,135,180.34,182.88,135,23,29,-5.08,-5.08,-6,U-DEC,1.0,1.0,1.0
3308,Red,John Dodson,Pedro Munhoz,167.64,165.1,135,160.02,167.64,135,33,31,7.62,-2.54,2,S-DEC,0.0,1.0,0.0
3309,Red,CB Dollaway,Hector Lombard,175.26,180.34,185,187.96,193.04,185,34,40,-12.7,-12.7,-6,DQ,1.0,1.0,1.0
3312,Red,Jordan Johnson,Adam Milstead,190.5,193.04,205,187.96,200.66,205,29,30,2.54,-7.62,-1,S-DEC,0.0,1.0,1.0
3314,Red,Jessica Andrade,Tecia Torres,154.94,152.4,115,154.94,157.48,115,26,28,0.0,-5.08,-2,U-DEC,,1.0,1.0
3321,Red,Sam Alvey,Marcin Prachnio,190.5,187.96,205,187.96,190.5,205,31,29,2.54,-2.54,2,KO/TKO,0.0,1.0,0.0
3322,Red,Rani Yahya,Russell Doane,170.18,177.8,135,167.64,170.18,135,33,31,2.54,7.62,2,SUB,0.0,0.0,0.0
3325,Red,Donald Cerrone,Yancy Medeiros,177.8,190.5,155,185.42,185.42,155,34,30,-7.62,5.08,4,KO/TKO,1.0,0.0,0.0
3326,Red,Derrick Lewis,Marcin Tybura,190.5,198.12,249,190.5,200.66,260,33,32,0.0,-2.54,1,KO/TKO,,1.0,0.0
3327,Red,James Vick,Francisco Trinaldo,175.26,177.8,155,190.5,193.04,155,30,39,-15.24,-15.24,-9,U-DEC,1.0,1.0,1.0
3330,Red,Sage Northcutt,Thibault Gouti,177.8,182.88,155,182.88,180.34,170,21,30,-5.08,2.54,-9,U-DEC,1.0,0.0,1.0
3332,Red,Geoff Neal,Brian Camozzi,187.96,198.12,170,180.34,190.5,170,27,26,7.62,7.62,1,SUB,0.0,0.0,0.0
3333,Red,Roberto Sanchez,Joby Sanchez,167.64,172.72,135,167.64,167.64,125,31,26,0.0,5.08,5,,,0.0,0.0
3336,Red,Oskar Piechota,Tim Williams,187.96,193.04,185,182.88,193.04,185,28,31,5.08,0.0,-3,KO/TKO,0.0,,1.0
3337,Red,Yoel Romero,Luke Rockhold,190.5,195.58,185,182.88,185.42,185,40,33,7.62,10.16,7,KO/TKO,0.0,0.0,0.0
3339,Red,Tai Tuivasa,Cyril Asker,182.88,187.96,247,187.96,190.5,264,24,32,-5.08,-2.54,-8,KO/TKO,1.0,1.0,1.0
3340,Red,Jake Matthews,Li Jingliang,182.88,180.34,170,180.34,185.42,170,23,29,2.54,-5.08,-6,,0.0,1.0,1.0
3341,Red,Tyson Pedro,Saparbeg Safarov,185.42,198.12,205,190.5,200.66,205,26,31,-5.08,-2.54,-5,SUB,1.0,1.0,1.0
3344,Red,Alexander Volkanovski,Jeremy Kennedy,180.34,180.34,145,167.64,180.34,145,29,25,12.7,0.0,4,KO/TKO,0.0,,0.0
3345,Red,Jussier Formiga,Ben Nguyen,165.1,165.1,125,165.1,170.18,125,32,29,0.0,-5.08,3,SUB,,1.0,0.0
3346,Red,Ross Pearson,Mizuto Hirota,170.18,170.18,155,172.72,175.26,155,33,36,-2.54,-5.08,-3,U-DEC,1.0,1.0,1.0
3348,Red,Luke Jumeau,Daichi Abe,180.34,180.34,170,180.34,182.88,170,29,26,0.0,-2.54,3,U-DEC,,1.0,0.0
3349,Red,Lyoto Machida,Eryk Anders,185.42,190.5,185,185.42,187.96,185,39,30,0.0,2.54,9,S-DEC,,0.0,0.0
3350,Red,Valentina Shevchenko,Priscila Cachoeira,170.18,165.1,125,165.1,167.64,125,29,29,5.08,-2.54,0,SUB,0.0,1.0,
3351,Red,Michel Prazeres,Desmond Green,177.8,185.42,155,167.64,170.18,170,36,28,10.16,15.24,8,U-DEC,0.0,0.0,0.0
3352,Red,Tim Johnson,Marcelo Golm,190.5,190.5,249,190.5,195.58,265,32,25,0.0,-5.08,7,,,1.0,0.0
3353,Red,Douglas Silva de Andrade,Marlon Vera,172.72,177.8,135,170.18,172.72,135,32,25,2.54,5.08,7,U-DEC,0.0,0.0,0.0
3354,Red,Thiago Santos,Anthony Smith,193.04,193.04,205,187.96,193.04,205,34,29,5.08,0.0,5,KO/TKO,0.0,,0.0
3355,Red,Sergio Moraes,Tim Means,187.96,190.5,170,182.88,182.88,170,35,33,5.08,7.62,2,S-DEC,0.0,0.0,0.0
3356,Red,Alan Patrick,Damir Hadzovic,175.26,177.8,155,180.34,187.96,155,34,31,-5.08,-10.16,3,U-DEC,1.0,1.0,0.0
3358,Red,Iuri Alcantara,Joe Soto,167.64,165.1,135,175.26,180.34,135,37,30,-7.62,-15.24,7,KO/TKO,1.0,1.0,0.0
3359,Red,Deiveson Figueiredo,Joseph Morales,167.64,175.26,125,165.1,172.72,125,30,23,2.54,2.54,7,KO/TKO,0.0,0.0,0.0
3360,Red,Jacare Souza,Derek Brunson,185.42,195.58,185,185.42,182.88,185,38,34,0.0,12.7,4,KO/TKO,,0.0,0.0
3363,Red,Drew Dober,Frank Camacho,177.8,185.42,170,172.72,177.8,155,29,28,5.08,7.62,1,U-DEC,0.0,0.0,0.0
3365,Red,Mirsad Bektic,Godofredo Pepey,170.18,185.42,145,172.72,177.8,145,26,30,-2.54,7.62,-4,KO/TKO,1.0,0.0,1.0
3366,Red,Katlyn Chookagian,Mara Romero Borella,167.64,175.26,125,175.26,172.72,125,29,31,-7.62,2.54,-2,U-DEC,1.0,0.0,1.0
3367,Red,Randa Markos,Juliana Lima,165.1,165.1,115,162.56,160.02,115,32,35,2.54,5.08,-3,U-DEC,0.0,0.0,1.0
3369,Red,Vinc Pichel,Joaquim Silva,172.72,175.26,155,177.8,182.88,155,35,28,-5.08,-7.62,7,U-DEC,1.0,1.0,0.0
3370,Red,Niko Price,George Sullivan,182.88,185.42,170,182.88,193.04,170,28,36,0.0,-7.62,-8,SUB,,1.0,1.0
3372,Red,Stipe Miocic,Francis Ngannou,193.04,210.82,250,193.04,203.2,240,35,31,0.0,7.62,4,U-DEC,,0.0,0.0
3373,Red,Daniel Cormier,Volkan Oezdemir,187.96,190.5,205,180.34,182.88,235,38,28,7.62,7.62,10,KO/TKO,0.0,0.0,0.0
3374,Red,Calvin Kattar,Shane Burgos,180.34,190.5,145,180.34,182.88,145,29,26,0.0,7.62,3,KO/TKO,,0.0,0.0
3375,Red,Gian Villante,Francimar Barroso,185.42,190.5,205,190.5,193.04,205,32,37,-5.08,-2.54,-5,S-DEC,1.0,1.0,1.0
3377,Red,Kyle Bochniak,Brandon Davis,177.8,182.88,135,170.18,177.8,145,30,27,7.62,5.08,3,U-DEC,0.0,0.0,0.0
3379,Red,Dustin Ortiz,Alexandre Pantoja,165.1,170.18,125,165.1,165.1,125,29,27,0.0,5.08,2,U-DEC,,0.0,0.0
3382,Red,Islam Makhachev,Gleison Tibau,177.8,180.34,155,177.8,177.8,155,26,34,0.0,2.54,-8,KO/TKO,,0.0,1.0
3383,Red,Jeremy Stephens,Dooho Choi,177.8,177.8,145,172.72,180.34,145,31,26,5.08,-2.54,5,KO/TKO,0.0,1.0,0.0
3385,Red,Kamaru Usman,Emil Meek,180.34,187.96,170,182.88,193.04,170,30,29,-2.54,-5.08,1,U-DEC,1.0,1.0,0.0
3386,Red,Darren Elkins,Michael Johnson,177.8,185.42,145,177.8,180.34,145,33,31,0.0,5.08,2,SUB,,0.0,0.0
3387,Red,James Krause,Alex White,182.88,180.34,155,187.96,185.42,170,31,29,-5.08,-5.08,2,U-DEC,1.0,1.0,0.0
3390,Red,Kyung Ho Kang,Guido Cannetti,167.64,172.72,135,175.26,185.42,135,30,38,-7.62,-12.7,-8,SUB,1.0,1.0,1.0
3393,Red,Mads Burnell,Mike Santiago,177.8,175.26,145,172.72,175.26,145,23,28,5.08,0.0,-5,U-DEC,0.0,,1.0
3394,Red,Cris Cyborg,Holly Holm,172.72,175.26,145,172.72,172.72,145,32,36,0.0,2.54,-4,,,0.0,1.0
3395,Red,Khabib Nurmagomedov,Edson Barboza,180.34,190.5,155,177.8,177.8,155,29,31,2.54,12.7,-2,U-DEC,0.0,0.0,1.0
3396,Red,Dan Hooker,Marc Diakiese,177.8,185.42,155,182.88,190.5,155,27,24,-5.08,-5.08,3,SUB,1.0,1.0,0.0
3399,Red,Myles Jury,Rick Glenn,182.88,177.8,145,177.8,185.42,145,29,28,5.08,-7.62,1,U-DEC,0.0,1.0,0.0
3401,Red,Tim Elliott,Mark De La Rosa,167.64,165.1,135,170.18,167.64,135,31,23,-2.54,-2.54,8,SUB,1.0,1.0,0.0
3404,Red,Santiago Ponzinibbio,Mike Perry,177.8,180.34,170,182.88,185.42,170,31,26,-5.08,-5.08,5,U-DEC,1.0,1.0,0.0
3405,Red,Glover Teixeira,Misha Cirkunov,190.5,195.58,205,187.96,193.04,205,38,30,2.54,2.54,8,KO/TKO,0.0,0.0,0.0
3407,Red,Julian Marquez,Darren Stewart,182.88,187.96,185,187.96,190.5,185,27,26,-5.08,-2.54,1,SUB,1.0,1.0,0.0
3408,Red,Chad Laprise,Galore Bofando,180.34,182.88,170,177.8,180.34,170,31,35,2.54,2.54,-4,KO/TKO,0.0,0.0,1.0
3409,Red,Nordine Taleb,Danny Roberts,185.42,187.96,170,185.42,187.96,170,36,30,0.0,0.0,6,KO/TKO,,,0.0
3410,Red,John Makdessi,Abel Trujillo,172.72,177.8,155,172.72,172.72,155,32,34,0.0,5.08,-2,U-DEC,,0.0,1.0
3411,Red,Alessio Di Chirico,Oluwale Bamgbose,180.34,198.12,185,182.88,187.96,185,28,30,-2.54,10.16,-2,KO/TKO,1.0,0.0,1.0
3412,Red,Jordan Mein,Erick Silva,182.88,187.96,170,182.88,185.42,170,28,33,0.0,2.54,-5,U-DEC,,0.0,1.0
3415,Red,Marlon Moraes,Aljamain Sterling,170.18,180.34,135,167.64,170.18,135,29,28,2.54,10.16,1,KO/TKO,0.0,0.0,0.0
3416,Red,Scott Holtzman,Darrell Horcher,177.8,177.8,155,175.26,175.26,155,34,30,2.54,2.54,4,U-DEC,0.0,0.0,0.0
3417,Red,Eryk Anders,Markus Perez,185.42,185.42,185,185.42,190.5,185,30,29,0.0,-5.08,1,U-DEC,,1.0,0.0
3419,Red,Alexis Davis,Liz Carmouche,167.64,167.64,125,167.64,172.72,125,33,33,0.0,-5.08,0,S-DEC,,1.0,
3422,Red,Frankie Saenz,Merab Dvalishvili,167.64,172.72,135,167.64,167.64,135,37,26,0.0,5.08,11,S-DEC,,0.0,0.0
3423,Red,Alejandro Perez,Iuri Alcantara,175.26,180.34,135,167.64,170.18,135,28,37,7.62,10.16,-9,U-DEC,0.0,0.0,1.0
3426,Red,Max Holloway,Jose Aldo,170.18,177.8,145,180.34,175.26,155,25,31,-10.16,2.54,-6,KO/TKO,1.0,0.0,1.0
3428,Red,Henry Cejudo,Sergio Pettis,167.64,175.26,135,162.56,162.56,135,30,24,5.08,12.7,6,U-DEC,0.0,0.0,0.0
3429,Red,Eddie Alvarez,Justin Gaethje,180.34,177.8,155,175.26,175.26,155,33,29,5.08,2.54,4,KO/TKO,0.0,0.0,0.0
3430,Red,Tecia Torres,Michelle Waterson,160.02,157.48,115,154.94,152.4,115,28,31,5.08,5.08,-3,U-DEC,0.0,0.0,1.0
3433,Red,David Teymur,Drakkar Klose,175.26,177.8,155,175.26,185.42,155,28,29,0.0,-7.62,-1,U-DEC,,1.0,1.0
3434,Red,Felice Herrig,Cortney Casey,170.18,170.18,115,162.56,165.1,115,33,30,7.62,5.08,3,S-DEC,0.0,0.0,0.0
3435,Red,Amanda Cooper,Angela Magana,154.94,165.1,115,160.02,162.56,115,26,34,-5.08,2.54,-8,KO/TKO,1.0,0.0,1.0
3438,Red,Justin Willis,Allen Crowder,190.5,193.04,245,185.42,198.12,264,30,28,5.08,-5.08,2,KO/TKO,0.0,1.0,0.0
3439,Red,Nicco Montano,Roxanne Modafferi,170.18,175.26,125,165.1,165.1,125,28,35,5.08,10.16,-7,U-DEC,0.0,0.0,1.0
3440,Red,Sean O'Malley,Terrion Ware,172.72,180.34,135,180.34,182.88,135,23,31,-7.62,-2.54,-8,U-DEC,1.0,1.0,1.0
3448,Red,Gillian Robertson,Emily Whitmire,165.1,160.02,115,165.1,160.02,125,22,26,0.0,0.0,-4,SUB,,,1.0
3450,Red,Li Jingliang,Zak Ottow,180.34,182.88,170,182.88,180.34,170,29,30,-2.54,2.54,-1,,1.0,0.0,1.0
3451,Red,Wang Guan,Alex Caceres,177.8,185.42,145,175.26,180.34,145,31,29,2.54,5.08,2,S-DEC,0.0,0.0,0.0
3453,Red,Zabit Magomedsharipov,Sheymon Moraes,172.72,182.88,145,185.42,185.42,145,26,27,-12.7,-2.54,-1,SUB,1.0,1.0,1.0
3454,Red,Song Kenan,Bobby Nash,182.88,187.96,170,182.88,180.34,170,27,27,0.0,7.62,0,,,0.0,
3456,Red,Song Yadong,Bharat Kandare,170.18,182.88,135,172.72,170.18,135,19,30,-2.54,12.7,-11,SUB,1.0,0.0,1.0
3460,Red,Cyril Asker,Hu Yaozong,190.5,182.88,205,182.88,187.96,247,31,22,7.62,-5.08,9,SUB,0.0,1.0,0.0
3461,Red,Fabricio Werdum,Marcin Tybura,190.5,198.12,249,193.04,195.58,231,40,32,-2.54,2.54,8,U-DEC,1.0,0.0,0.0
3464,Red,Jake Matthews,Bojan Velickovic,182.88,193.04,170,180.34,185.42,170,23,28,2.54,7.62,-5,S-DEC,0.0,0.0,1.0
3465,Red,Elias Theodorou,Daniel Kelly,182.88,177.8,185,185.42,190.5,185,29,40,-2.54,-12.7,-11,U-DEC,1.0,1.0,1.0
3466,Red,Alexander Volkanovski,Shane Young,172.72,182.88,145,167.64,180.34,145,29,24,5.08,2.54,5,U-DEC,0.0,0.0,0.0
3467,Red,Ryan Benoit,Ashkan Mokhtarian,167.64,170.18,125,165.1,172.72,125,28,32,2.54,-2.54,-4,KO/TKO,0.0,1.0,1.0
3468,Red,Nik Lentz,Will Brooks,177.8,182.88,155,172.72,172.72,155,33,31,5.08,10.16,2,SUB,0.0,0.0,0.0
3474,Red,Dustin Poirier,Anthony Pettis,177.8,182.88,170,175.26,182.88,155,28,30,2.54,0.0,-2,KO/TKO,0.0,,1.0
3475,Red,Matt Brown,Diego Sanchez,177.8,182.88,170,182.88,190.5,170,36,35,-5.08,-7.62,1,KO/TKO,1.0,1.0,0.0
3478,Red,Raphael Assuncao,Matthew Lopez,170.18,175.26,135,165.1,167.64,135,35,30,5.08,7.62,5,KO/TKO,0.0,0.0,0.0
3481,Red,Tatiana Suarez,Viviane Pereira,154.94,160.02,115,165.1,167.64,115,26,24,-10.16,-7.62,2,U-DEC,1.0,1.0,0.0
3482,Red,Sage Northcutt,Michel Quinones,177.8,185.42,155,182.88,180.34,170,21,32,-5.08,5.08,-11,U-DEC,1.0,0.0,1.0
3485,Red,Jake Collier,Marcel Fortuna,185.42,187.96,205,190.5,198.12,205,29,32,-5.08,-10.16,-3,U-DEC,1.0,1.0,1.0
3490,Red,Stephen Thompson,Jorge Masvidal,180.34,187.96,170,182.88,190.5,170,34,32,-2.54,-2.54,2,U-DEC,1.0,1.0,0.0
3492,Red,James Vick,Joe Duffy,177.8,185.42,155,190.5,193.04,155,30,29,-12.7,-7.62,1,KO/TKO,1.0,1.0,0.0
3494,Red,Ovince Saint Preux,Corey Anderson,190.5,200.66,205,190.5,203.2,205,34,28,0.0,-2.54,6,KO/TKO,,1.0,0.0
3495,Red,Randy Brown,Mickey Gall,187.96,187.96,170,190.5,198.12,170,27,25,-2.54,-10.16,2,U-DEC,1.0,1.0,0.0
3498,Red,Derek Brunson,Lyoto Machida,185.42,187.96,185,185.42,195.58,185,33,39,0.0,-7.62,-6,KO/TKO,,1.0,1.0
3500,Red,Pedro Munhoz,Rob Font,172.72,180.34,135,167.64,165.1,135,31,30,5.08,15.24,1,SUB,0.0,0.0,0.0
3501,Red,Francisco Trinaldo,Jim Miller,172.72,180.34,155,175.26,177.8,155,39,34,-2.54,2.54,5,U-DEC,1.0,0.0,0.0
3502,Red,Thiago Santos,Jack Hermansson,185.42,195.58,185,187.96,193.04,205,33,29,-2.54,2.54,4,KO/TKO,1.0,0.0,0.0
3503,Red,John Lineker,Marlon Vera,172.72,177.8,135,160.02,170.18,135,27,24,12.7,7.62,3,U-DEC,0.0,0.0,0.0
3504,Red,Vicente Luque,Niko Price,182.88,193.04,170,180.34,190.5,170,25,28,2.54,2.54,-3,SUB,0.0,0.0,1.0
3505,Red,Antonio Carlos Junior,Jack Marshman,182.88,185.42,185,187.96,200.66,185,27,27,-5.08,-15.24,0,SUB,1.0,1.0,
3507,Red,Elizeu Zaleski dos Santos,Max Griffin,180.34,193.04,170,180.34,185.42,170,30,31,0.0,7.62,-1,U-DEC,,0.0,1.0
3508,Red,Deiveson Figueiredo,Jarred Brooks,160.02,157.48,125,165.1,172.72,125,29,24,-5.08,-15.24,5,S-DEC,1.0,1.0,0.0
3509,Red,Marcelo Golm,Christian Colombo,195.58,203.2,265,190.5,190.5,249,25,37,5.08,12.7,-12,SUB,0.0,0.0,1.0
3511,Red,Karolina Kowalkiewicz,Jodie Esquibel,154.94,162.56,115,160.02,162.56,115,32,31,-5.08,0.0,1,U-DEC,1.0,,0.0
3512,Red,Jan Blachowicz,Devin Clark,182.88,190.5,205,187.96,198.12,205,34,27,-5.08,-7.62,7,SUB,1.0,1.0,0.0
3513,Red,Oskar Piechota,Jonathan Wilson,187.96,190.5,205,182.88,193.04,185,27,30,5.08,-2.54,-3,U-DEC,0.0,1.0,1.0
3514,Red,Marcin Held,Nasrat Haqparast,177.8,182.88,155,175.26,180.34,155,25,22,2.54,2.54,3,U-DEC,0.0,0.0,0.0
3521,Red,Tony Ferguson,Kevin Lee,175.26,195.58,170,180.34,193.04,155,33,25,-5.08,2.54,8,SUB,1.0,0.0,0.0
3522,Red,Demetrious Johnson,Ray Borg,162.56,160.02,135,160.02,167.64,125,31,24,2.54,-7.62,7,SUB,0.0,1.0,0.0
3523,Red,Fabricio Werdum,Walt Harris,195.58,195.58,250,193.04,195.58,231,40,34,2.54,0.0,6,SUB,0.0,,0.0
3524,Red,Mara Romero Borella,Kalindra Faria,170.18,157.0,125,167.64,175.26,125,31,31,2.54,-18.26,0,SUB,0.0,1.0,
3527,Red,Matt Schnell,Marco Beltran,172.72,175.26,125,172.72,177.8,135,27,31,0.0,-2.54,-4,U-DEC,,1.0,1.0
3528,Red,John Moraga,Magomed Bibulatov,165.1,165.1,125,167.64,167.64,125,33,29,-2.54,-2.54,4,KO/TKO,1.0,1.0,0.0
3530,Red,Ovince Saint Preux,Yushin Okami,187.96,190.5,170,190.5,203.2,205,34,36,-2.54,-12.7,-2,SUB,1.0,1.0,1.0
3533,Red,Gokhan Saki,Henrique da Silva,190.5,193.04,205,182.88,185.42,205,33,28,7.62,7.62,5,KO/TKO,0.0,0.0,0.0
3534,Red,Teruto Ishihara,Rolando Dy,172.72,175.26,145,170.18,175.26,135,26,27,2.54,0.0,-1,U-DEC,0.0,,1.0
3535,Red,Jussier Formiga,Ulka Sasaki,177.8,180.34,125,165.1,170.18,125,32,27,12.7,10.16,5,,0.0,0.0,0.0
3536,Red,Keita Nakamura,Alex Morono,180.34,182.88,170,180.34,185.42,170,33,27,0.0,-2.54,6,S-DEC,,1.0,0.0
3537,Red,Syuri Kondo,Chanmi Jeon,165.1,170.18,115,162.56,167.64,115,28,20,2.54,2.54,8,,0.0,0.0,0.0
3538,Red,Shinsho Anzai,Luke Jumeau,180.34,182.88,170,170.18,177.8,170,31,29,10.16,5.08,2,U-DEC,0.0,0.0,0.0
3539,Red,Daichi Abe,Hyun Gyu Lim,190.5,195.58,170,180.34,180.34,170,25,32,10.16,15.24,-7,U-DEC,0.0,0.0,1.0
3540,Red,Luke Rockhold,David Branch,185.42,198.12,185,190.5,195.58,185,32,35,-5.08,2.54,-3,KO/TKO,1.0,0.0,1.0
3541,Red,Mike Perry,Alex Reyes,180.34,185.42,170,177.8,180.34,170,26,30,2.54,5.08,-4,KO/TKO,0.0,0.0,1.0
3543,Red,Gregor Gillespie,Jason Gonzalez,187.96,187.96,155,170.18,180.34,155,30,27,17.78,7.62,3,SUB,0.0,0.0,0.0
3544,Red,Kamaru Usman,Sergio Moraes,182.88,182.88,170,182.88,193.04,170,30,35,0.0,-10.16,-5,KO/TKO,,1.0,1.0
3545,Red,Justin Ledet,Zu Anyanwu,185.42,195.58,251,193.04,203.2,205,28,36,-7.62,-7.62,-8,,1.0,1.0,1.0
3550,Red,Amanda Nunes,Valentina Shevchenko,165.1,167.64,125,172.72,175.26,145,29,29,-7.62,-7.62,0,S-DEC,1.0,1.0,
3552,Red,Henry Cejudo,Wilson Reis,162.56,165.1,125,162.56,162.56,135,30,32,0.0,2.54,-2,KO/TKO,,0.0,1.0
3553,Red,Ilir Latifi,Tyson Pedro,190.5,200.66,205,177.8,185.42,205,34,25,12.7,15.24,9,U-DEC,0.0,0.0,0.0
3554,Red,Jeremy Stephens,Gilbert Melendez,175.26,185.42,145,172.72,180.34,145,31,35,2.54,5.08,-4,U-DEC,0.0,0.0,1.0
3556,Red,Sarah Moras,Ashlee Evans-Smith,172.72,170.18,125,170.18,170.18,135,29,30,2.54,0.0,-1,SUB,0.0,,1.0
3560,Red,Kajan Johnson,Adriano Martins,177.8,182.88,155,180.34,190.5,155,33,34,-2.54,-7.62,-1,KO/TKO,1.0,1.0,1.0
3561,Red,Alexander Volkov,Stefan Struve,210.82,213.36,265,200.66,203.2,250,28,29,10.16,10.16,-1,KO/TKO,0.0,0.0,1.0
3562,Red,Siyar Bahadurzada,Rob Wilkinson,190.5,203.2,185,180.34,185.42,170,33,25,10.16,17.78,8,KO/TKO,0.0,0.0,0.0
3563,Red,Marion Reneau,Talita Bernardo,162.56,172.72,135,167.64,172.72,135,40,30,-5.08,0.0,10,KO/TKO,1.0,,0.0
3564,Red,Leon Edwards,Bryan Barberena,182.88,182.88,170,182.88,187.96,170,26,28,0.0,-5.08,-2,U-DEC,,1.0,1.0
3565,Red,Darren Till,Bojan Velickovic,182.88,193.04,170,182.88,187.96,170,24,28,0.0,5.08,-4,U-DEC,,0.0,1.0
3566,Red,Mairbek Taisumov,Felipe Silva,182.88,195.58,155,175.26,185.42,155,29,33,7.62,10.16,-4,KO/TKO,0.0,0.0,1.0
3567,Red,Michel Prazeres,Mads Burnell,172.72,175.26,145,167.64,170.18,170,36,23,5.08,5.08,13,SUB,0.0,0.0,0.0
3568,Red,Rustam Khabilov,Desmond Green,177.8,185.42,155,172.72,185.42,155,30,27,5.08,0.0,3,U-DEC,0.0,,0.0
3572,Red,Thibault Gouti,Andrew Holbrook,180.34,177.8,155,177.8,182.88,155,30,31,2.54,-5.08,-1,KO/TKO,0.0,1.0,1.0
3573,Red,Sergio Pettis,Brandon Moreno,170.18,177.8,125,167.64,175.26,135,23,23,2.54,2.54,0,U-DEC,0.0,0.0,
3577,Red,Sam Alvey,Rashad Evans,182.88,190.5,205,187.96,190.5,205,31,37,-5.08,0.0,-6,S-DEC,1.0,,1.0
3578,Red,Alejandro Perez,Andre Soukhamthath,175.26,177.8,135,167.64,170.18,135,27,28,7.62,7.62,-1,S-DEC,0.0,0.0,1.0
3580,Red,Dustin Ortiz,Hector Sandoval,157.48,162.56,125,165.1,165.1,125,28,31,-7.62,-2.54,-3,KO/TKO,1.0,1.0,1.0
3582,Red,Jose Quinonez,Diego Rivas,172.72,175.26,145,172.72,175.26,135,27,25,0.0,0.0,2,U-DEC,,,0.0
3583,Red,Joseph Morales,Roberto Sanchez,167.64,167.64,125,167.64,175.26,125,22,31,0.0,-7.62,-9,,,1.0,1.0
3585,Red,Tyron Woodley,Demian Maia,185.42,182.88,170,175.26,187.96,170,35,39,10.16,-5.08,-4,U-DEC,0.0,1.0,1.0
3586,Red,Cris Cyborg,Tonya Evinger,170.18,177.8,135,172.72,172.72,145,32,36,-2.54,5.08,-4,,1.0,0.0,1.0
3587,Red,Robbie Lawler,Donald Cerrone,185.42,185.42,155,180.34,187.96,170,35,34,5.08,-2.54,1,U-DEC,0.0,1.0,0.0
3589,Red,Ricardo Lamas,Jason Knight,177.8,180.34,145,172.72,180.34,145,35,25,5.08,0.0,10,KO/TKO,0.0,,0.0
3590,Red,Aljamain Sterling,Renan Barao,167.64,177.8,135,170.18,180.34,135,27,30,-2.54,-2.54,-3,U-DEC,1.0,1.0,1.0
3591,Red,Brian Ortega,Renato Moicano,180.34,182.88,145,172.72,175.26,145,26,28,7.62,7.62,-2,SUB,0.0,0.0,1.0
3596,Red,Chris Weidman,Kelvin Gastelum,175.26,180.34,185,187.96,198.12,185,33,25,-12.7,-17.78,8,SUB,1.0,1.0,0.0
3598,Red,Patrick Cummins,Gian Villante,190.5,193.04,205,187.96,193.04,205,36,31,2.54,0.0,5,S-DEC,0.0,,0.0
3599,Red,Jimmie Rivera,Thomas Almeida,170.18,177.8,135,162.56,172.72,135,28,25,7.62,5.08,3,U-DEC,0.0,0.0,0.0
3607,Red,Shane Burgos,Godofredo Pepey,170.18,185.42,145,180.34,190.5,145,26,30,-10.16,-5.08,-4,U-DEC,1.0,1.0,1.0
3612,Red,Jack Marshman,Ryan Janes,190.5,193.04,185,182.88,185.42,185,27,35,7.62,7.62,-8,U-DEC,0.0,0.0,1.0
3613,Red,Khalil Rountree Jr.,Paul Craig,190.5,193.04,205,185.42,193.04,205,27,29,5.08,0.0,-2,KO/TKO,0.0,,1.0
3615,Red,Danny Roberts,Bobby Nash,182.88,187.96,170,185.42,187.96,170,30,27,-2.54,0.0,3,KO/TKO,1.0,,0.0
3616,Red,Alexandre Pantoja,Neil Seery,162.56,162.56,125,165.1,170.18,125,27,37,-2.54,-7.62,-10,SUB,1.0,1.0,1.0
3618,Red,Danny Henry,Daniel Teymur,165.1,175.26,145,182.88,185.42,145,28,29,-17.78,-10.16,-1,U-DEC,1.0,1.0,1.0
3619,Red,Brett Johns,Albert Morales,175.26,182.88,135,170.18,180.34,135,25,26,5.08,2.54,-1,U-DEC,0.0,0.0,1.0
3620,Red,Leslie Smith,Amanda Lemos,162.56,165.1,135,175.26,167.64,135,34,30,-12.7,-2.54,4,KO/TKO,1.0,1.0,0.0
3624,Red,Anthony Pettis,Jim Miller,172.72,180.34,155,177.8,182.88,170,30,33,-5.08,-2.54,-3,U-DEC,1.0,1.0,1.0
3625,Red,Rob Font,Douglas Silva de Andrade,170.18,172.72,135,172.72,180.34,135,30,32,-2.54,-7.62,-2,SUB,1.0,1.0,1.0
3627,Red,Chad Laprise,Brian Camozzi,187.96,198.12,170,177.8,180.34,170,30,26,10.16,17.78,4,KO/TKO,0.0,0.0,0.0
3628,Red,Thiago Santos,Gerald Meerschaert,185.42,195.58,185,187.96,193.04,205,33,29,-2.54,2.54,4,KO/TKO,1.0,0.0,0.0
3630,Red,Cody Stamann,Terrion Ware,172.72,180.34,135,167.64,162.56,135,27,31,5.08,17.78,-4,U-DEC,0.0,0.0,1.0
3631,Red,Trevin Giles,James Bochnovic,193.04,205.74,205,182.88,187.96,185,24,28,10.16,17.78,-4,KO/TKO,0.0,0.0,1.0
3634,Red,Jared Cannonier,Nick Roehrick,187.96,190.5,205,180.34,195.58,185,33,30,7.62,-5.08,3,KO/TKO,0.0,1.0,0.0
3635,Red,Brad Tavares,Elias Theodorou,185.42,190.5,185,185.42,187.96,185,29,29,0.0,2.54,0,U-DEC,,0.0,
3636,Red,Jordan Johnson,Marcel Fortuna,185.42,187.96,205,187.96,200.66,205,28,31,-2.54,-12.7,-3,U-DEC,1.0,1.0,1.0
3637,Red,Angela Hill,Ashley Yoder,170.18,175.26,115,160.02,162.56,115,32,29,10.16,12.7,3,U-DEC,0.0,0.0,0.0
3638,Red,James Krause,Tom Gallicchio,177.8,185.42,170,187.96,185.42,170,31,30,-10.16,0.0,1,U-DEC,1.0,,0.0
3640,Red,Tecia Torres,Juliana Lima,165.1,165.1,115,154.94,152.4,115,27,35,10.16,12.7,-8,SUB,0.0,0.0,1.0
3641,Red,Gray Maynard,Teruto Ishihara,170.18,175.26,135,175.26,177.8,155,38,25,-5.08,-2.54,13,U-DEC,1.0,1.0,0.0
3643,Red,Tim Boetsch,Johny Hendricks,175.26,175.26,185,182.88,187.96,185,36,33,-7.62,-12.7,3,KO/TKO,1.0,1.0,0.0
3644,Red,Felice Herrig,Justine Kish,165.1,162.56,125,162.56,165.1,115,32,29,2.54,-2.54,3,U-DEC,0.0,1.0,0.0
3645,Red,Tim Means,Alex Garcia,175.26,182.88,170,187.96,190.5,170,33,29,-12.7,-7.62,4,U-DEC,1.0,1.0,0.0
3647,Red,Clay Guida,Erik Koch,177.8,180.34,155,170.18,177.8,155,35,28,7.62,2.54,7,U-DEC,0.0,0.0,0.0
3650,Red,Jared Gordon,Michel Quinones,177.8,185.42,155,175.26,172.72,155,28,32,2.54,12.7,-4,KO/TKO,0.0,0.0,1.0
3651,Red,Anthony Rocco Martin,Johnny Case,177.8,182.88,155,182.88,185.42,170,27,27,-5.08,-2.54,0,U-DEC,1.0,1.0,
3653,Red,Holly Holm,Bethe Correia,165.1,162.56,135,172.72,175.26,145,35,33,-7.62,-12.7,2,KO/TKO,1.0,1.0,0.0
3659,Red,Alex Caceres,Rolando Dy,172.72,175.26,145,177.8,185.42,145,28,26,-5.08,-10.16,2,KO/TKO,1.0,1.0,0.0
3662,Red,Naoki Inoue,Carls John De Tomas,165.1,180.34,125,175.26,180.34,125,20,20,-10.16,0.0,0,U-DEC,1.0,,
3665,Red,Derek Brunson,Daniel Kelly,182.88,177.8,185,185.42,195.58,185,33,39,-2.54,-17.78,-6,KO/TKO,1.0,1.0,1.0
3666,Red,Dan Hooker,Ross Pearson,172.72,175.26,155,182.88,190.5,155,27,32,-10.16,-15.24,-5,KO/TKO,1.0,1.0,1.0
3667,Red,Ion Cutelaba,Henrique da Silva,190.5,193.04,205,185.42,190.5,205,23,27,5.08,2.54,-4,KO/TKO,0.0,0.0,1.0
3669,Red,Alexander Volkanovski,Mizuto Hirota,170.18,170.18,155,167.64,180.34,145,28,36,2.54,-10.16,-8,U-DEC,0.0,1.0,1.0
3671,Red,Luke Jumeau,Dominique Steele,177.8,187.96,170,180.34,182.88,170,29,29,-2.54,5.08,0,U-DEC,1.0,0.0,
3672,Red,John Moraga,Ashkan Mokhtarian,167.64,170.18,125,167.64,167.64,125,33,31,0.0,2.54,2,U-DEC,,0.0,0.0
3674,Red,JJ Aldrich,Chanmi Jeon,165.1,170.18,115,165.1,170.18,125,24,19,0.0,0.0,5,,,,0.0
3676,Red,Claudia Gadelha,Karolina Kowalkiewicz,160.02,162.56,115,162.56,160.02,115,28,31,-2.54,2.54,-3,SUB,1.0,0.0,1.0
3677,Red,Vitor Belfort,Nate Marquardt,182.88,187.96,185,182.88,187.96,185,40,38,0.0,0.0,2,U-DEC,,,0.0
3678,Red,Paulo Costa,Oluwale Bamgbose,180.34,198.12,185,185.42,182.88,185,26,29,-5.08,15.24,-3,KO/TKO,1.0,0.0,1.0
3680,Red,Raphael Assuncao,Marlon Moraes,167.64,170.18,135,165.1,167.64,135,34,29,2.54,2.54,5,S-DEC,0.0,0.0,0.0
3683,Red,Viviane Pereira,Jamie Moyle,154.94,165.1,115,154.94,160.02,115,23,28,0.0,5.08,-5,U-DEC,,0.0,1.0
3684,Red,Luan Chagas,Jimmy Wallhead,177.8,185.42,170,182.88,190.5,170,23,33,-5.08,-5.08,-10,,1.0,1.0,1.0
3685,Red,Alexander Gustafsson,Glover Teixeira,187.96,193.04,205,195.58,200.66,205,30,37,-7.62,-7.62,-7,KO/TKO,1.0,1.0,1.0
3686,Red,Volkan Oezdemir,Misha Cirkunov,190.5,195.58,205,187.96,190.5,205,27,30,2.54,5.08,-3,KO/TKO,0.0,0.0,1.0
3687,Red,Peter Sobotta,Ben Saunders,187.96,195.58,170,182.88,190.5,170,30,34,5.08,5.08,-4,KO/TKO,0.0,0.0,1.0
3690,Red,Jack Hermansson,Alex Nicholson,193.04,205.74,185,185.42,195.58,185,28,27,7.62,10.16,1,KO/TKO,0.0,0.0,0.0
3691,Red,Pedro Munhoz,Damian Stasiak,165.1,177.8,135,167.64,165.1,135,30,27,-2.54,12.7,3,U-DEC,1.0,0.0,0.0
3692,Red,Trevor Smith,Chris Camozzi,187.96,193.04,185,190.5,190.5,185,36,30,-2.54,2.54,6,U-DEC,1.0,0.0,0.0
3695,Red,Darren Till,Jessin Ayari,182.88,185.42,155,182.88,187.96,170,24,24,0.0,-2.54,0,U-DEC,,1.0,
3697,Red,Stipe Miocic,Junior Dos Santos,193.04,195.58,238,193.04,203.2,240,34,33,0.0,-7.62,1,KO/TKO,,1.0,0.0
3698,Red,Joanna Jedrzejczyk,Jessica Andrade,154.94,157.48,115,167.64,165.1,125,29,25,-12.7,-7.62,4,U-DEC,1.0,1.0,0.0
3699,Red,Demian Maia,Jorge Masvidal,180.34,187.96,170,185.42,182.88,170,39,32,-5.08,5.08,7,S-DEC,1.0,0.0,0.0
3700,Red,Frankie Edgar,Yair Rodriguez,180.34,180.34,145,167.64,172.72,145,35,24,12.7,7.62,11,KO/TKO,0.0,0.0,0.0
3703,Red,Chase Sherman,Rashad Coulter,180.34,193.04,205,193.04,198.12,250,27,35,-12.7,-5.08,-8,KO/TKO,1.0,1.0,1.0
3704,Red,James Vick,Polo Reyes,180.34,180.34,155,190.5,193.04,155,30,32,-10.16,-12.7,-2,,1.0,1.0,1.0
3708,Red,Cub Swanson,Artem Lobov,175.26,165.1,145,172.72,177.8,145,33,30,2.54,-12.7,3,U-DEC,0.0,1.0,0.0
3709,Red,Al Iaquinta,Diego Sanchez,177.8,182.88,170,177.8,177.8,155,29,35,0.0,5.08,-6,KO/TKO,,0.0,1.0
3710,Red,Ovince Saint Preux,Marcos Rogerio de Lima,185.42,190.5,253,190.5,203.2,205,34,31,-5.08,-12.7,3,SUB,1.0,1.0,0.0
3711,Red,John Dodson,Eddie Wineland,170.18,175.26,135,160.02,167.64,135,32,32,10.16,7.62,0,U-DEC,0.0,0.0,
3714,Red,Thales Leites,Sam Alvey,187.96,190.5,205,185.42,198.12,185,35,30,2.54,-7.62,5,U-DEC,0.0,1.0,0.0
3716,Red,Scott Holtzman,Michael McBride,185.42,190.5,155,175.26,175.26,155,33,31,10.16,15.24,2,U-DEC,0.0,0.0,0.0
3718,Red,Alexis Davis,Cindy Dandois,170.18,172.72,135,167.64,172.72,125,32,32,2.54,0.0,0,U-DEC,0.0,,
3719,Red,Bryan Barberena,Joe Proctor,177.8,182.88,155,182.88,182.88,170,27,31,-5.08,0.0,-4,KO/TKO,1.0,,1.0
3720,Red,Hector Sandoval,Matt Schnell,172.72,177.8,135,157.48,162.56,125,30,27,15.24,15.24,3,KO/TKO,0.0,0.0,0.0
3721,Red,Demetrious Johnson,Wilson Reis,162.56,165.1,125,160.02,167.64,125,30,32,2.54,-2.54,-2,SUB,0.0,1.0,1.0
3722,Red,Rose Namajunas,Michelle Waterson,160.02,157.48,115,165.1,165.1,115,24,31,-5.08,-7.62,-7,SUB,1.0,1.0,1.0
3725,Red,Alexander Volkov,Roy Nelson,182.88,182.88,263,200.66,203.2,250,28,40,-17.78,-20.32,-12,U-DEC,1.0,1.0,1.0
3729,Red,Aljamain Sterling,Augusto Mendes,167.64,165.1,135,170.18,180.34,135,27,34,-2.54,-15.24,-7,U-DEC,1.0,1.0,1.0
3730,Red,Devin Clark,Jake Collier,190.5,198.12,205,182.88,190.5,205,27,28,7.62,7.62,-1,U-DEC,0.0,0.0,1.0
3731,Red,Anthony Smith,Andrew Sanchez,185.42,187.96,185,193.04,193.04,205,28,29,-7.62,-5.08,-1,KO/TKO,1.0,1.0,1.0
3732,Red,Zak Cummings,Nathan Coy,177.8,175.26,170,182.88,190.5,185,32,38,-5.08,-15.24,-6,SUB,1.0,1.0,1.0
3734,Red,Daniel Cormier,Anthony Johnson,187.96,198.12,205,180.34,182.88,235,38,33,7.62,15.24,5,SUB,0.0,0.0,0.0
3736,Red,Cynthia Calvillo,Pearl Gonzalez,162.56,172.72,115,162.56,162.56,115,29,30,0.0,10.16,-1,SUB,,0.0,1.0
3737,Red,Thiago Alves,Patrick Cote,180.34,180.34,170,175.26,177.8,170,33,37,5.08,2.54,-4,U-DEC,0.0,0.0,1.0
3739,Red,Myles Jury,Mike de la Torre,180.34,180.34,145,177.8,185.42,145,28,30,2.54,-5.08,-2,KO/TKO,0.0,1.0,1.0
3740,Red,Kamaru Usman,Sean Strickland,185.42,193.04,170,182.88,193.04,170,29,26,2.54,0.0,3,U-DEC,0.0,,0.0
3741,Red,Shane Burgos,Charles Rosa,175.26,175.26,145,180.34,190.5,145,26,30,-5.08,-15.24,-4,KO/TKO,1.0,1.0,1.0
3742,Red,Patrick Cummins,Jan Blachowicz,187.96,198.12,205,187.96,193.04,205,36,34,0.0,5.08,2,U-DEC,,0.0,0.0
3743,Red,Gregor Gillespie,Andrew Holbrook,180.34,177.8,155,170.18,180.34,155,30,31,10.16,-2.54,-1,KO/TKO,0.0,1.0,1.0
3745,Red,Katlyn Chookagian,Irene Aldana,175.26,172.72,135,175.26,172.72,125,28,29,0.0,0.0,-1,S-DEC,,,1.0
3747,Red,Jimi Manuwa,Corey Anderson,190.5,200.66,205,185.42,200.66,205,37,27,5.08,0.0,10,KO/TKO,0.0,,0.0
3748,Red,Gunnar Nelson,Alan Jouban,182.88,185.42,170,180.34,182.88,170,28,35,2.54,2.54,-7,SUB,0.0,0.0,1.0
3750,Red,Arnold Allen,Makwan Amirkhani,177.8,182.88,145,172.72,177.8,145,23,28,5.08,5.08,-5,S-DEC,0.0,0.0,1.0
3751,Red,Joe Duffy,Reza Madadi,180.34,182.88,155,177.8,185.42,155,29,38,2.54,-2.54,-9,U-DEC,0.0,1.0,1.0
3754,Red,Leon Edwards,Vicente Luque,180.34,190.5,170,182.88,187.96,170,25,25,-2.54,2.54,0,U-DEC,1.0,0.0,
3755,Red,Marc Diakiese,Teemu Packalen,185.42,182.88,155,177.8,185.42,155,24,29,7.62,-2.54,-5,KO/TKO,0.0,1.0,1.0
3756,Red,Bradley Scott,Scott Askham,190.5,190.5,185,185.42,193.04,170,27,28,5.08,-2.54,-1,,0.0,1.0,1.0
3757,Red,Lina Lansberg,Lucie Pudilova,172.72,170.18,125,170.18,165.1,135,35,22,2.54,5.08,13,U-DEC,0.0,0.0,0.0
3758,Red,Mauricio Rua,Gian Villante,190.5,193.04,205,185.42,193.04,205,35,31,5.08,0.0,4,KO/TKO,0.0,,0.0
3759,Red,Edson Barboza,Beneil Dariush,177.8,182.88,155,180.34,190.5,155,31,27,-2.54,-7.62,4,KO/TKO,1.0,1.0,0.0
3761,Red,Alex Oliveira,Tim Means,187.96,190.5,170,180.34,193.04,170,29,33,7.62,-2.54,-4,SUB,0.0,1.0,1.0
3763,Red,Sergio Moraes,Davi Ramos,167.64,177.8,155,182.88,182.88,170,34,30,-15.24,-5.08,4,U-DEC,1.0,1.0,0.0
3765,Red,Michel Prazeres,Joshua Burkman,177.8,182.88,170,167.64,170.18,170,35,36,10.16,12.7,-1,SUB,0.0,0.0,1.0
3768,Red,Tyron Woodley,Stephen Thompson,182.88,190.5,170,175.26,187.96,170,34,34,7.62,2.54,0,M-DEC,0.0,0.0,
3772,Red,Alistair Overeem,Mark Hunt,177.8,182.88,265,193.04,203.2,265,36,42,-15.24,-20.32,-6,KO/TKO,1.0,1.0,1.0
3773,Red,Marcin Tybura,Luis Henrique,187.96,187.96,243,190.5,198.12,249,31,23,-2.54,-10.16,8,KO/TKO,1.0,1.0,0.0
3775,Red,Iuri Alcantara,Luke Sanders,167.64,170.18,135,175.26,180.34,135,36,31,-7.62,-10.16,5,SUB,1.0,1.0,0.0
3776,Red,Mark Godbeer,Daniel Spitz,200.66,208.28,245,193.04,195.58,240,33,26,7.62,12.7,7,U-DEC,0.0,0.0,0.0
3777,Red,Tyson Pedro,Paul Craig,190.5,193.04,205,190.5,200.66,205,25,29,0.0,-7.62,-4,KO/TKO,,1.0,1.0
3778,Red,Albert Morales,Andre Soukhamthath,175.26,177.8,135,175.26,182.88,135,25,28,0.0,-5.08,-3,S-DEC,,1.0,1.0
3779,Red,Derrick Lewis,Travis Browne,198.12,200.66,255,190.5,200.66,260,32,34,7.62,0.0,-2,KO/TKO,0.0,,1.0
3780,Red,Johny Hendricks,Hector Lombard,175.26,180.34,185,175.26,175.26,185,33,39,0.0,5.08,-6,U-DEC,,0.0,1.0
3782,Red,Elias Theodorou,Cezar Ferreira,185.42,198.12,185,185.42,190.5,185,28,32,0.0,7.62,-4,U-DEC,,0.0,1.0
3783,Red,Sara McMann,Gina Mazany,167.64,172.72,135,167.64,167.64,135,36,28,0.0,5.08,8,SUB,,0.0,0.0
3784,Red,Paul Felder,Alessandro Ricci,180.34,175.26,155,180.34,177.8,155,32,34,0.0,-2.54,-2,,,1.0,1.0
3787,Red,Aiemann Zahabi,Reginaldo Vieira,170.18,165.1,135,172.72,172.72,135,29,34,-2.54,-7.62,-5,U-DEC,1.0,1.0,1.0
3789,Red,Gerald Meerschaert,Ryan Janes,190.5,193.04,185,185.42,195.58,185,29,35,5.08,-2.54,-6,SUB,0.0,1.0,1.0
3791,Red,Anderson Silva,Derek Brunson,185.42,195.58,185,187.96,195.58,185,41,33,-2.54,0.0,8,U-DEC,1.0,,0.0
3792,Red,Jacare Souza,Tim Boetsch,182.88,187.96,185,185.42,182.88,185,37,36,-2.54,5.08,1,SUB,1.0,0.0,0.0
3793,Red,Glover Teixeira,Jared Cannonier,180.34,195.58,185,187.96,193.04,205,37,32,-7.62,2.54,5,U-DEC,1.0,0.0,0.0
3794,Red,Dustin Poirier,Jim Miller,172.72,180.34,155,175.26,182.88,155,28,33,-2.54,-2.54,-5,M-DEC,1.0,1.0,1.0
3796,Red,Wilson Reis,Ulka Sasaki,177.8,180.34,125,162.56,165.1,125,32,27,15.24,15.24,5,,0.0,0.0,0.0
3798,Red,Rick Glenn,Phillipe Nover,175.26,182.88,145,182.88,177.8,145,27,33,-7.62,5.08,-6,S-DEC,1.0,0.0,1.0
3799,Red,Ryan LaFlare,Roan Carneiro,180.34,187.96,170,185.42,187.96,170,33,38,-5.08,0.0,-5,U-DEC,1.0,,1.0
3805,Red,Jessica Andrade,Angela Hill,160.02,162.56,115,154.94,157.48,115,25,32,5.08,5.08,-7,U-DEC,0.0,0.0,1.0
3806,Red,Chas Skelly,Chris Gruetzemacher,172.72,172.72,155,180.34,182.88,145,31,30,-7.62,-10.16,1,SUB,1.0,1.0,0.0
3807,Red,Ricardo Ramos,Michinori Tanaka,165.1,170.18,135,175.26,182.88,135,21,26,-10.16,-12.7,-5,U-DEC,1.0,1.0,1.0
3808,Red,Tecia Torres,Bec Rawlings,167.64,162.56,125,154.94,152.4,115,27,27,12.7,10.16,0,U-DEC,0.0,0.0,
3810,Red,Valentina Shevchenko,Julianna Pena,167.64,175.26,135,165.1,167.64,125,28,27,2.54,7.62,1,SUB,0.0,0.0,0.0
3815,Red,Raphael Assuncao,Aljamain Sterling,170.18,180.34,135,165.1,167.64,135,34,27,5.08,12.7,7,S-DEC,0.0,0.0,0.0
3818,Red,Eric Spicely,Alessio Di Chirico,182.88,187.96,185,185.42,185.42,185,30,27,-2.54,2.54,3,SUB,1.0,0.0,0.0
3819,Red,Marcos Rogerio de Lima,Jeremy Kimball,182.88,182.88,205,185.42,190.5,253,31,26,-2.54,-7.62,5,KO/TKO,1.0,1.0,0.0
3820,Red,Alexandre Pantoja,Eric Shelton,167.64,172.72,125,165.1,170.18,125,26,25,2.54,2.54,1,S-DEC,0.0,0.0,0.0
3821,Red,Jason Gonzalez,JC Cottrell,175.26,180.34,155,187.96,187.96,155,26,27,-12.7,-7.62,-1,SUB,1.0,1.0,1.0
3822,Red,Yair Rodriguez,BJ Penn,175.26,177.8,155,180.34,180.34,145,24,38,-5.08,-2.54,-14,KO/TKO,1.0,1.0,1.0
3823,Red,Joe Lauzon,Marcin Held,175.26,180.34,155,177.8,180.34,155,32,24,-2.54,0.0,8,S-DEC,1.0,,0.0
3828,Red,Aleksei Oleinik,Viktor Pesta,190.5,195.58,240,187.96,203.2,240,39,26,2.54,-7.62,13,SUB,0.0,1.0,0.0
3829,Red,Anthony Rocco Martin,Alex White,182.88,180.34,155,182.88,185.42,170,27,28,0.0,-5.08,-1,U-DEC,,1.0,1.0
3831,Red,Walt Harris,Chase Sherman,193.04,198.12,250,195.58,195.58,250,33,27,-2.54,2.54,6,KO/TKO,1.0,0.0,0.0
3834,Red,Amanda Nunes,Ronda Rousey,170.18,172.72,135,172.72,175.26,145,28,29,-2.54,-2.54,-1,KO/TKO,1.0,1.0,1.0
3836,Red,TJ Dillashaw,John Lineker,160.02,170.18,135,167.64,170.18,125,30,26,-7.62,0.0,4,U-DEC,1.0,,0.0
3837,Red,Dong Hyun Kim,Tarec Saffiedine,177.8,177.8,170,187.96,193.04,170,35,30,-10.16,-15.24,5,S-DEC,1.0,1.0,0.0
3840,Red,Antonio Carlos Junior,Marvin Vettori,182.88,187.96,185,187.96,200.66,185,26,23,-5.08,-12.7,3,U-DEC,1.0,1.0,0.0
3845,Red,Urijah Faber,Brad Pickett,167.64,172.72,135,167.64,170.18,135,37,38,0.0,2.54,-1,U-DEC,,0.0,1.0
3846,Red,Alan Jouban,Mike Perry,177.8,180.34,170,182.88,185.42,170,35,25,-5.08,-5.08,10,U-DEC,1.0,1.0,0.0
3851,Red,Josh Emmett,Scott Holtzman,175.26,175.26,155,167.64,177.8,145,31,33,7.62,-2.54,-2,U-DEC,0.0,1.0,1.0
3852,Red,Leslie Smith,Irene Aldana,175.26,172.72,135,175.26,167.64,135,34,28,0.0,5.08,6,U-DEC,,0.0,0.0
3853,Red,Eddie Wineland,Takeya Mizugaki,170.18,172.72,135,170.18,175.26,135,32,33,0.0,-2.54,-1,KO/TKO,,1.0,1.0
3854,Red,Hector Sandoval,Fredy Serrano,160.02,165.1,125,157.48,162.56,125,30,37,2.54,2.54,-7,U-DEC,0.0,0.0,1.0
3856,Red,Max Holloway,Anthony Pettis,177.8,182.88,170,180.34,175.26,155,25,29,-2.54,7.62,-4,KO/TKO,1.0,0.0,1.0
3857,Red,Donald Cerrone,Matt Brown,182.88,190.5,170,185.42,185.42,155,33,35,-2.54,5.08,-2,KO/TKO,1.0,0.0,1.0
3858,Red,Cub Swanson,Dooho Choi,177.8,177.8,145,172.72,177.8,145,33,25,5.08,0.0,8,U-DEC,0.0,,0.0
3862,Red,Olivier Aubin-Mercier,Drew Dober,172.72,177.8,155,175.26,177.8,155,27,28,-2.54,0.0,-1,SUB,1.0,,1.0
3868,Red,Derrick Lewis,Shamil Abdurakhimov,190.5,193.04,235,190.5,200.66,260,31,35,0.0,-7.62,-4,KO/TKO,,1.0,1.0
3869,Red,Francis Ngannou,Anthony Hamilton,195.58,193.04,260,193.04,210.82,250,30,36,2.54,-17.78,-6,SUB,0.0,1.0,1.0
3870,Red,Corey Anderson,Sean O'Connell,185.42,187.96,205,190.5,200.66,205,27,33,-5.08,-12.7,-6,KO/TKO,1.0,1.0,1.0
3871,Red,Gian Villante,Saparbeg Safarov,185.42,198.12,205,190.5,193.04,205,31,30,-5.08,5.08,1,KO/TKO,1.0,0.0,0.0
3872,Red,Justine Kish,Ashley Yoder,170.18,175.26,115,165.1,162.56,125,28,29,5.08,12.7,-1,U-DEC,0.0,0.0,1.0
3873,Red,Randy Brown,Brian Camozzi,187.96,198.12,170,190.5,198.12,170,26,25,-2.54,0.0,1,KO/TKO,1.0,,0.0
3875,Red,Andrew Sanchez,Trevor Smith,190.5,190.5,185,185.42,187.96,185,28,35,5.08,2.54,-7,U-DEC,0.0,0.0,1.0
3879,Red,Juliana Lima,JJ Aldrich,165.1,170.18,125,165.1,165.1,115,34,24,0.0,5.08,10,U-DEC,,0.0,0.0
3880,Red,Demetrious Johnson,Tim Elliott,170.18,167.64,135,160.02,167.64,125,30,29,10.16,0.0,1,U-DEC,0.0,,0.0
3881,Red,Joseph Benavidez,Henry Cejudo,162.56,162.56,135,162.56,165.1,125,32,29,0.0,-2.54,3,S-DEC,,1.0,0.0
3884,Red,Sara McMann,Alexis Davis,167.64,172.72,125,167.64,167.64,135,36,32,0.0,5.08,4,SUB,,0.0,0.0
3885,Red,Brandon Moreno,Ryan Benoit,165.1,172.72,125,170.18,177.8,125,22,27,-5.08,-5.08,-5,S-DEC,1.0,1.0,1.0
3887,Red,Rob Font,Matt Schnell,172.72,177.8,135,172.72,180.34,135,29,26,0.0,-2.54,3,KO/TKO,,1.0,0.0
3888,Red,Dong Hyun Ma,Brendan O'Reilly,170.18,175.26,170,180.34,177.8,155,28,29,-10.16,-2.54,-1,U-DEC,1.0,1.0,1.0
3892,Red,Robert Whittaker,Derek Brunson,185.42,195.58,185,182.88,185.42,185,25,32,2.54,10.16,-7,KO/TKO,0.0,0.0,1.0
3898,Red,Daniel Kelly,Chris Camozzi,187.96,193.04,185,182.88,177.8,185,39,30,5.08,15.24,9,U-DEC,0.0,0.0,0.0
3899,Red,Damien Brown,Jon Tuck,180.34,185.42,155,177.8,172.72,155,31,32,2.54,12.7,-1,S-DEC,0.0,0.0,1.0
3901,Red,Ben Nguyen,Geane Herrera,165.1,167.64,125,165.1,165.1,125,28,26,0.0,2.54,2,U-DEC,,0.0,0.0
3903,Red,Marlon Vera,Ning Guangyou,162.56,162.56,145,172.72,177.8,135,23,34,-10.16,-15.24,-11,,1.0,1.0,1.0
3905,Red,Ryan Bader,Rogerio Nogueira,187.96,190.5,205,187.96,187.96,205,33,40,0.0,2.54,-7,KO/TKO,,0.0,1.0
3906,Red,Thomas Almeida,Albert Morales,175.26,182.88,135,170.18,177.8,135,25,25,5.08,5.08,0,KO/TKO,0.0,0.0,
3907,Red,Claudia Gadelha,Cortney Casey,170.18,170.18,115,162.56,160.02,115,27,29,7.62,10.16,-2,U-DEC,0.0,0.0,1.0
3910,Red,Sergio Moraes,Zak Ottow,180.34,182.88,170,182.88,182.88,170,34,29,-2.54,0.0,5,S-DEC,1.0,,0.0
3911,Red,Cezar Ferreira,Jack Hermansson,185.42,195.58,185,185.42,198.12,185,31,28,0.0,-2.54,3,SUB,,1.0,0.0
3913,Red,Johnny Eduardo,Manvel Gamburyan,165.1,170.18,135,170.18,180.34,135,38,35,-5.08,-10.16,3,KO/TKO,1.0,1.0,0.0
3914,Red,Luis Henrique,Christian Colombo,195.58,203.2,265,187.96,187.96,243,23,36,7.62,15.24,-13,SUB,0.0,0.0,1.0
3915,Red,Pedro Munhoz,Justin Scoggins,170.18,167.64,125,167.64,165.1,135,30,24,2.54,2.54,6,SUB,0.0,0.0,0.0
3916,Red,Gegard Mousasi,Uriah Hall,182.88,200.66,185,187.96,193.04,185,31,32,-5.08,7.62,-1,KO/TKO,1.0,0.0,1.0
3919,Red,Artem Lobov,Teruto Ishihara,170.18,175.26,135,175.26,165.1,145,30,25,-5.08,10.16,5,U-DEC,1.0,0.0,0.0
3921,Red,Kyoji Horiguchi,Ali Bagautinov,162.56,165.1,125,165.1,167.64,125,26,31,-2.54,-2.54,-5,U-DEC,1.0,1.0,1.0
3922,Red,Kevin Lee,Magomed Mustafaev,172.72,180.34,155,175.26,195.58,170,24,28,-2.54,-15.24,-4,SUB,1.0,1.0,1.0
3924,Red,Justin Ledet,Mark Godbeer,193.04,195.58,240,193.04,203.2,205,28,32,0.0,-7.62,-4,SUB,,1.0,1.0
3925,Red,Zak Cummings,Alexander Yakovlev,190.5,187.96,155,182.88,190.5,185,32,32,7.62,-2.54,0,SUB,0.0,1.0,
3926,Red,Marion Reneau,Milana Dudieva,160.02,154.94,135,167.64,172.72,135,39,27,-7.62,-17.78,12,KO/TKO,1.0,1.0,0.0
3927,Red,Brett Johns,Kwan Ho Kwak,165.1,177.8,135,170.18,180.34,135,24,27,-5.08,-2.54,-3,U-DEC,1.0,1.0,1.0
3930,Red,Joanna Jedrzejczyk,Karolina Kowalkiewicz,160.02,162.56,115,167.64,165.1,125,29,31,-7.62,-2.54,-2,U-DEC,1.0,1.0,1.0
3933,Red,Frankie Edgar,Jeremy Stephens,172.72,180.34,145,167.64,172.72,145,35,30,5.08,7.62,5,U-DEC,0.0,0.0,0.0
3934,Red,Khabib Nurmagomedov,Michael Johnson,177.8,185.42,145,177.8,177.8,155,28,30,0.0,7.62,-2,SUB,,0.0,1.0
3936,Red,Vicente Luque,Belal Muhammad,180.34,182.88,170,180.34,190.5,170,24,28,0.0,-7.62,-4,KO/TKO,,1.0,1.0
3937,Red,Jim Miller,Thiago Alves,175.26,177.8,170,172.72,180.34,155,33,33,2.54,-2.54,0,U-DEC,0.0,1.0,
3938,Red,Liz Carmouche,Katlyn Chookagian,175.26,172.72,125,167.64,167.64,125,32,27,7.62,5.08,5,S-DEC,0.0,0.0,0.0
3940,Red,Diego Sanchez,Marcin Held,175.26,180.34,155,177.8,182.88,170,34,24,-2.54,-2.54,10,U-DEC,1.0,1.0,0.0
3941,Red,Ricardo Lamas,Charles Oliveira,177.8,187.96,155,172.72,180.34,145,34,27,5.08,7.62,7,SUB,0.0,0.0,0.0
3942,Red,Martin Bravo,Claudio Puelles,180.34,182.88,155,172.72,180.34,145,23,20,7.62,2.54,3,KO/TKO,0.0,0.0,0.0
3943,Red,Beneil Dariush,Rashid Magomedov,175.26,177.8,155,177.8,182.88,155,27,31,-2.54,-5.08,-4,U-DEC,1.0,1.0,1.0
3944,Red,Alexa Grasso,Heather Jo Clark,167.64,162.56,115,165.1,167.64,115,23,36,2.54,-5.08,-13,,0.0,1.0,1.0
3945,Red,Erik Perez,Felipe Arantes,172.72,185.42,135,172.72,172.72,135,26,28,0.0,12.7,-2,S-DEC,,0.0,1.0
3949,Red,Sam Alvey,Alex Nicholson,193.04,205.74,185,187.96,190.5,205,30,26,5.08,15.24,4,U-DEC,0.0,0.0,0.0
3950,Red,Polo Reyes,Jason Novelli,182.88,190.5,155,180.34,180.34,155,31,37,2.54,10.16,-6,,0.0,0.0,1.0
3951,Red,Enrique Barzola,Chris Avila,177.8,182.88,145,170.18,177.8,145,27,23,7.62,5.08,4,U-DEC,0.0,0.0,0.0
3952,Red,Michael Bisping,Dan Henderson,180.34,187.96,185,185.42,190.5,185,37,46,-5.08,-2.54,-9,U-DEC,1.0,1.0,1.0
3955,Red,Stefan Struve,Daniel Omielanczuk,182.88,187.96,247,210.82,213.36,265,28,34,-27.94,-25.4,-6,SUB,1.0,1.0,1.0
3956,Red,Mirsad Bektic,Russell Doane,170.18,177.8,135,172.72,177.8,145,25,30,-2.54,0.0,-5,SUB,1.0,,1.0
3959,Red,Leon Edwards,Albert Tumenov,180.34,185.42,170,182.88,187.96,170,25,24,-2.54,-2.54,1,SUB,1.0,1.0,0.0
3962,Red,Leonardo Santos,Adriano Martins,177.8,182.88,155,182.88,190.5,155,36,33,-5.08,-7.62,3,S-DEC,1.0,1.0,0.0
3963,Red,John Lineker,John Dodson,160.02,167.64,135,160.02,170.18,135,26,32,0.0,-2.54,-6,S-DEC,,1.0,1.0
3967,Red,Henrique da Silva,Joachim Christensen,190.5,193.04,205,190.5,193.04,205,27,37,0.0,0.0,-10,SUB,,,1.0
3969,Red,Shamil Abdurakhimov,Walt Harris,195.58,195.58,250,190.5,193.04,235,35,33,5.08,2.54,2,S-DEC,0.0,0.0,0.0
3971,Red,Nate Marquardt,Tamdan McCrory,193.04,198.12,185,182.88,187.96,185,37,29,10.16,10.16,8,KO/TKO,0.0,0.0,0.0
3975,Red,Cris Cyborg,Lina Lansberg,170.18,165.1,135,172.72,172.72,145,31,34,-2.54,-7.62,-3,,1.0,1.0,1.0
3976,Red,Renan Barao,Phillipe Nover,175.26,182.88,145,167.64,177.8,135,29,32,7.62,5.08,-3,U-DEC,0.0,0.0,1.0
3977,Red,Roy Nelson,Antonio Silva,193.04,203.2,264,182.88,182.88,263,40,37,10.16,20.32,3,KO/TKO,0.0,0.0,0.0
3978,Red,Francisco Trinaldo,Paul Felder,180.34,177.8,155,175.26,177.8,155,38,32,5.08,0.0,6,KO/TKO,0.0,,0.0
3980,Red,Godofredo Pepey,Mike de la Torre,180.34,180.34,145,170.18,185.42,145,29,30,10.16,-5.08,-1,SUB,0.0,1.0,1.0
3982,Red,Rani Yahya,Michinori Tanaka,165.1,170.18,135,167.64,170.18,135,32,25,-2.54,0.0,7,U-DEC,1.0,,0.0
3983,Red,Jussier Formiga,Dustin Ortiz,165.1,165.1,125,165.1,170.18,125,31,27,0.0,-5.08,4,U-DEC,,1.0,0.0
3984,Red,Erick Silva,Luan Chagas,182.88,190.5,170,182.88,187.96,170,32,23,0.0,2.54,9,SUB,,0.0,0.0
3985,Red,Alan Patrick,Stevie Ray,177.8,177.8,155,180.34,187.96,155,33,26,-2.54,-10.16,7,U-DEC,1.0,1.0,0.0
3986,Red,Vicente Luque,Hector Urbina,180.34,185.42,170,180.34,190.5,170,24,29,0.0,-5.08,-5,KO/TKO,,1.0,1.0
3990,Red,Evan Dunham,Rick Glenn,182.88,177.8,145,177.8,177.8,155,34,27,5.08,0.0,7,U-DEC,0.0,,0.0
3991,Red,Roan Carneiro,Kenny Robertson,177.8,187.96,170,180.34,187.96,170,38,32,-2.54,0.0,6,S-DEC,1.0,,0.0
3993,Red,Chas Skelly,Maximo Blanco,172.72,180.34,145,180.34,182.88,145,31,32,-7.62,-2.54,-1,SUB,1.0,1.0,1.0
3994,Red,Gabriel Benitez,Sam Sicilia,172.72,170.18,145,172.72,180.34,145,28,30,0.0,-10.16,-2,SUB,,1.0,1.0
3996,Red,Antonio Carlos Junior,Leonardo Augusto Leleco,182.88,185.42,185,187.96,200.66,185,26,34,-5.08,-15.24,-8,,1.0,1.0,1.0
3997,Red,Jose Quinonez,Joey Gomez,177.8,180.34,155,172.72,175.26,135,26,27,5.08,5.08,-1,U-DEC,0.0,0.0,1.0
3999,Red,Stipe Miocic,Alistair Overeem,193.04,203.2,265,193.04,203.2,240,34,36,0.0,0.0,-2,KO/TKO,,,1.0
4000,Red,Fabricio Werdum,Travis Browne,198.12,200.66,255,193.04,195.58,231,39,34,5.08,5.08,5,U-DEC,0.0,0.0,0.0
4003,Red,Jessica Andrade,Joanne Calderwood,167.64,165.1,125,154.94,157.48,115,24,30,12.7,7.62,-6,SUB,0.0,0.0,1.0
4005,Red,Brad Tavares,Caio Magalhaes,185.42,185.42,185,185.42,187.96,185,28,28,0.0,-2.54,0,S-DEC,,1.0,
4006,Red,Nik Lentz,Michael McBride,185.42,190.5,155,172.72,172.72,155,32,30,12.7,17.78,2,KO/TKO,0.0,0.0,0.0
4007,Red,Drew Dober,Jason Gonzalez,187.96,187.96,155,172.72,177.8,155,27,26,15.24,10.16,1,KO/TKO,0.0,0.0,0.0
4008,Red,Yancy Medeiros,Sean Spencer,177.8,190.5,170,177.8,190.5,155,29,29,0.0,0.0,0,SUB,,,
4010,Red,Alexander Gustafsson,Jan Blachowicz,187.96,198.12,205,195.58,200.66,205,29,33,-7.62,-2.54,-4,U-DEC,1.0,1.0,1.0
4011,Red,Ryan Bader,Ilir Latifi,177.8,185.42,205,187.96,187.96,205,33,33,-10.16,-2.54,0,KO/TKO,1.0,1.0,
4012,Red,Nick Hein,Tae Hyun Bang,175.26,180.34,155,167.64,167.64,155,32,33,7.62,12.7,-1,U-DEC,0.0,0.0,1.0
4013,Red,Jessin Ayari,Jimmy Wallhead,177.8,185.42,170,182.88,185.42,155,24,32,-5.08,0.0,-8,,1.0,,1.0
4014,Red,Peter Sobotta,Nicolas Dalby,180.34,187.96,170,182.88,190.5,170,29,31,-2.54,-2.54,-2,U-DEC,1.0,1.0,1.0
4015,Red,Ashlee Evans-Smith,Veronica Macedo,162.56,162.56,125,172.72,170.18,125,29,20,-10.16,-7.62,9,KO/TKO,1.0,1.0,0.0
4016,Red,Taylor Lapilus,Leandro Issa,170.18,175.26,135,167.64,185.42,135,24,32,2.54,-10.16,-8,U-DEC,0.0,1.0,1.0
4018,Red,Rustam Khabilov,Leandro Silva,175.26,182.88,155,172.72,185.42,155,29,30,2.54,-2.54,-1,U-DEC,0.0,1.0,1.0
4019,Red,Demian Maia,Carlos Condit,187.96,190.5,170,185.42,182.88,170,38,32,2.54,7.62,6,SUB,0.0,0.0,0.0
4020,Red,Anthony Pettis,Charles Oliveira,177.8,187.96,155,177.8,182.88,170,29,26,0.0,5.08,3,SUB,,0.0,0.0
4021,Red,Paige VanZant,Bec Rawlings,167.64,162.56,125,162.56,165.1,115,22,27,5.08,-2.54,-5,KO/TKO,0.0,1.0,1.0
4023,Red,Sam Alvey,Kevin Casey,180.34,195.58,185,187.96,190.5,205,30,35,-7.62,5.08,-5,KO/TKO,1.0,0.0,1.0
4027,Red,Chad Laprise,Thibault Gouti,177.8,182.88,155,177.8,180.34,170,30,29,0.0,2.54,1,KO/TKO,,0.0,0.0
4028,Red,Jeremy Kennedy,Alessandro Ricci,180.34,175.26,155,180.34,180.34,145,23,34,0.0,-5.08,-11,,,1.0,1.0
4030,Red,Anthony Johnson,Glover Teixeira,187.96,193.04,205,187.96,198.12,205,32,36,0.0,-5.08,-4,KO/TKO,,1.0,1.0
4033,Red,Tim Means,Sabah Homasi,182.88,182.88,170,187.96,190.5,170,32,27,-5.08,-7.62,5,KO/TKO,1.0,1.0,0.0
4034,Red,Cody Garbrandt,Takeya Mizugaki,170.18,172.72,135,172.72,165.1,135,25,32,-2.54,7.62,-7,KO/TKO,1.0,0.0,1.0
4035,Red,Raquel Pennington,Elizabeth Phillips,167.64,165.1,135,170.18,170.18,135,27,30,-2.54,-5.08,-3,U-DEC,1.0,1.0,1.0
4036,Red,Artem Lobov,Chris Avila,177.8,182.88,145,175.26,165.1,145,30,23,2.54,17.78,7,U-DEC,0.0,0.0,0.0
4039,Red,Colby Covington,Max Griffin,180.34,193.04,170,180.34,182.88,170,28,30,0.0,10.16,-2,KO/TKO,,0.0,1.0
4041,Red,Yair Rodriguez,Alex Caceres,177.8,185.42,145,180.34,180.34,145,23,28,-2.54,5.08,-5,S-DEC,1.0,0.0,1.0
4042,Red,Dennis Bermudez,Rony Jason,170.18,177.8,145,167.64,167.64,155,29,32,2.54,10.16,-3,U-DEC,0.0,0.0,1.0
4043,Red,Thales Leites,Chris Camozzi,187.96,193.04,185,185.42,198.12,185,34,29,2.54,-5.08,5,SUB,0.0,1.0,0.0
4044,Red,Santiago Ponzinibbio,Zak Cummings,182.88,190.5,185,182.88,185.42,170,29,32,0.0,5.08,-3,U-DEC,,0.0,1.0
4045,Red,Trevor Smith,Joe Gigliotti,180.34,175.26,185,190.5,190.5,185,35,22,-10.16,-15.24,13,,1.0,1.0,0.0
4046,Red,Maryna Moroz,Danielle Taylor,152.4,152.4,115,170.18,170.18,125,24,26,-17.78,-17.78,-2,S-DEC,1.0,1.0,1.0
4047,Red,Court McGee,Dominique Steele,177.8,187.96,170,180.34,190.5,170,31,28,-2.54,-2.54,3,U-DEC,1.0,1.0,0.0
4049,Red,David Teymur,Jason Novelli,182.88,190.5,155,175.26,185.42,155,27,37,7.62,5.08,-10,KO/TKO,0.0,0.0,1.0
4050,Red,Teruto Ishihara,Horacio Gutierrez,177.8,175.26,145,170.18,175.26,135,25,25,7.62,0.0,0,KO/TKO,0.0,,
4051,Red,Cub Swanson,Tatsuya Kawajiri,170.18,175.26,145,172.72,177.8,145,32,38,-2.54,-2.54,-6,U-DEC,1.0,1.0,1.0
4057,Red,Ryan Benoit,Fredy Serrano,160.02,165.1,125,165.1,172.72,125,26,36,-5.08,-7.62,-10,S-DEC,1.0,1.0,1.0
4058,Red,Nikita Krylov,Ed Herman,185.42,195.58,205,190.5,195.58,205,24,35,-5.08,0.0,-11,KO/TKO,1.0,,1.0
4060,Red,Anthony Hamilton,Damian Grabowski,185.42,190.5,241,195.58,193.04,260,36,36,-10.16,-2.54,0,KO/TKO,1.0,1.0,
4061,Red,Wilson Reis,Hector Sandoval,157.48,162.56,125,162.56,165.1,125,31,30,-5.08,-2.54,1,SUB,1.0,1.0,0.0
4064,Red,Edson Barboza,Gilbert Melendez,175.26,185.42,145,180.34,190.5,155,30,34,-5.08,-5.08,-4,U-DEC,1.0,1.0,1.0
4065,Red,Francis Ngannou,Bojan Mihajlovic,180.34,185.42,205,193.04,210.82,250,29,36,-12.7,-25.4,-7,KO/TKO,1.0,1.0,1.0
4066,Red,Felice Herrig,Kailin Curran,162.56,165.1,115,162.56,165.1,115,31,25,0.0,0.0,6,SUB,,,0.0
4068,Red,Darren Elkins,Godofredo Pepey,170.18,185.42,145,177.8,180.34,145,32,29,-7.62,5.08,3,U-DEC,1.0,0.0,0.0
4069,Red,Kamaru Usman,Alexander Yakovlev,190.5,187.96,155,182.88,193.04,170,29,32,7.62,-5.08,-3,U-DEC,0.0,1.0,1.0
4070,Red,Michel Prazeres,JC Cottrell,175.26,180.34,155,167.64,170.18,170,34,26,7.62,10.16,8,U-DEC,0.0,0.0,0.0
4071,Red,Alex Oliveira,James Moontasri,177.8,180.34,170,180.34,193.04,170,28,28,-2.54,-12.7,0,U-DEC,1.0,1.0,
4073,Red,Luis Henrique,Dmitrii Smoliakov,187.96,187.96,253,187.96,187.96,243,22,33,0.0,0.0,-11,SUB,,,1.0
4075,Red,Tony Ferguson,Lando Vannata,175.26,180.34,155,180.34,193.04,155,32,24,-5.08,-12.7,8,SUB,1.0,1.0,0.0
4076,Red,Tim Boetsch,Josh Samman,190.5,200.66,185,182.88,187.96,185,35,28,7.62,12.7,7,KO/TKO,0.0,0.0,0.0
4079,Red,Louis Smolka,Ben Nguyen,165.1,165.1,125,175.26,172.72,135,24,27,-10.16,-7.62,-3,KO/TKO,1.0,1.0,1.0
4082,Red,Cortney Casey,Cristina Stanciu,160.02,162.56,115,170.18,170.18,115,29,22,-10.16,-7.62,7,KO/TKO,1.0,1.0,0.0
4083,Red,Scott Holtzman,Cody Pfister,177.8,185.42,155,175.26,175.26,155,32,26,2.54,10.16,6,U-DEC,0.0,0.0,0.0
4084,Red,Rani Yahya,Matthew Lopez,170.18,175.26,135,167.64,170.18,135,31,29,2.54,5.08,2,SUB,0.0,0.0,0.0
4087,Red,Daniel Cormier,Anderson Silva,187.96,195.58,185,180.34,182.88,235,37,41,7.62,12.7,-4,U-DEC,0.0,0.0,1.0
4088,Red,Jose Aldo,Frankie Edgar,167.64,172.72,145,170.18,177.8,145,29,34,-2.54,-5.08,-5,U-DEC,1.0,1.0,1.0
4089,Red,Cain Velasquez,Travis Browne,198.12,200.66,255,185.42,195.58,240,33,33,12.7,5.08,0,KO/TKO,0.0,0.0,
4092,Red,TJ Dillashaw,Raphael Assuncao,165.1,167.64,135,167.64,170.18,125,30,33,-2.54,-2.54,-3,U-DEC,1.0,1.0,1.0
4093,Red,Sage Northcutt,Enrique Marin,177.8,187.96,170,182.88,180.34,170,20,29,-5.08,7.62,-9,U-DEC,1.0,0.0,1.0
4095,Red,Gegard Mousasi,Thiago Santos,187.96,193.04,205,187.96,193.04,185,30,32,0.0,0.0,-2,KO/TKO,,,1.0
4096,Red,Jim Miller,Takanori Gomi,170.18,177.8,155,172.72,180.34,155,32,37,-2.54,-2.54,-5,KO/TKO,1.0,1.0,1.0
4097,Red,Joanna Jedrzejczyk,Claudia Gadelha,162.56,160.02,115,167.64,165.1,125,28,27,-5.08,-5.08,1,U-DEC,1.0,1.0,0.0
4098,Red,Andrew Sanchez,Khalil Rountree Jr.,185.42,193.04,205,185.42,187.96,185,28,26,0.0,5.08,2,U-DEC,,0.0,0.0
4099,Red,Tatiana Suarez,Amanda Cooper,160.02,162.56,115,165.1,167.64,115,25,24,-5.08,-5.08,1,SUB,1.0,1.0,0.0
4101,Red,Dooho Choi,Thiago Tavares,170.18,172.72,145,177.8,177.8,145,25,31,-7.62,-5.08,-6,KO/TKO,1.0,1.0,1.0
4102,Red,Joaquim Silva,Andrew Holbrook,180.34,177.8,155,172.72,175.26,155,27,30,7.62,2.54,-3,KO/TKO,0.0,0.0,1.0
4103,Red,Gray Maynard,Fernando Bruno,167.64,177.8,145,175.26,177.8,155,37,34,-7.62,0.0,3,U-DEC,1.0,,0.0
4106,Red,Cezar Ferreira,Anthony Smith,193.04,193.04,205,185.42,198.12,185,31,27,7.62,-5.08,4,U-DEC,0.0,1.0,0.0
4108,Red,Li Jingliang,Anton Zafir,180.34,182.88,170,182.88,180.34,170,28,29,-2.54,2.54,-1,,1.0,0.0,1.0
4111,Red,Alan Jouban,Belal Muhammad,180.34,182.88,170,182.88,185.42,170,34,27,-2.54,-2.54,7,U-DEC,1.0,1.0,0.0
4112,Red,Joe Duffy,Mitch Clarke,177.8,185.42,155,177.8,185.42,155,28,30,0.0,0.0,-2,SUB,,,1.0
4114,Red,John Makdessi,Mehdi Baghdad,185.42,190.5,155,172.72,172.72,155,31,31,12.7,17.78,0,S-DEC,0.0,0.0,
4115,Red,Anthony Birchak,Dileno Lopes,165.1,165.1,135,172.72,175.26,135,30,31,-7.62,-10.16,-1,S-DEC,1.0,1.0,1.0
4117,Red,Felipe Arantes,Jerrod Sanders,172.72,182.88,135,172.72,185.42,135,28,36,0.0,-2.54,-8,SUB,,1.0,1.0
4118,Red,Gilbert Burns,Lukasz Sajewski,172.72,180.34,155,177.8,180.34,155,29,25,-5.08,0.0,4,SUB,1.0,,0.0
4119,Red,Marco Beltran,Reginaldo Vieira,170.18,165.1,135,172.72,175.26,125,30,33,-2.54,-10.16,-3,SUB,1.0,1.0,1.0
4120,Red,Vicente Luque,Alvaro Herrera,182.88,187.96,155,180.34,190.5,170,24,26,2.54,-2.54,-2,,0.0,1.0,1.0
4122,Red,Donald Cerrone,Patrick Cote,180.34,180.34,170,185.42,185.42,155,33,36,-5.08,-5.08,-3,KO/TKO,1.0,1.0,1.0
4123,Red,Steve Bosse,Sean O'Connell,185.42,187.96,205,180.34,182.88,205,34,32,5.08,5.08,2,U-DEC,0.0,0.0,0.0
4124,Red,Olivier Aubin-Mercier,Thibault Gouti,177.8,182.88,155,175.26,177.8,155,27,29,2.54,5.08,-2,SUB,0.0,0.0,1.0
4126,Red,Jason Saggo,Leandro Silva,175.26,182.88,155,180.34,180.34,155,30,30,-5.08,2.54,0,S-DEC,1.0,0.0,
4127,Red,Misha Cirkunov,Ion Cutelaba,185.42,190.5,205,190.5,195.58,205,29,22,-5.08,-5.08,7,SUB,1.0,1.0,0.0
4130,Red,Elias Theodorou,Sam Alvey,187.96,190.5,205,185.42,190.5,185,28,30,2.54,0.0,-2,U-DEC,0.0,,1.0
4131,Red,Randa Markos,Jocelyn Jones-Lybarger,170.18,162.56,115,162.56,160.02,115,30,30,7.62,2.54,0,U-DEC,0.0,0.0,
4132,Red,Colby Covington,Jonathan Meunier,190.5,190.5,170,180.34,182.88,170,28,28,10.16,7.62,0,SUB,0.0,0.0,
4133,Red,Ali Bagautinov,Geane Herrera,165.1,167.64,125,162.56,165.1,125,31,26,2.54,2.54,5,U-DEC,0.0,0.0,0.0
4135,Red,Dominick Cruz,Urijah Faber,167.64,170.18,135,172.72,172.72,135,31,37,-5.08,-2.54,-6,U-DEC,1.0,1.0,1.0
4136,Red,Max Holloway,Ricardo Lamas,172.72,180.34,145,180.34,175.26,155,24,34,-7.62,5.08,-10,U-DEC,1.0,0.0,1.0
4137,Red,Dan Henderson,Hector Lombard,175.26,180.34,185,180.34,187.96,185,45,38,-5.08,-7.62,7,KO/TKO,1.0,1.0,0.0
4138,Red,Dustin Poirier,Bobby Green,177.8,180.34,155,175.26,182.88,155,27,29,2.54,-2.54,-2,KO/TKO,0.0,1.0,1.0
4139,Red,Brian Ortega,Clay Guida,170.18,177.8,155,172.72,175.26,145,25,34,-2.54,2.54,-9,KO/TKO,1.0,0.0,1.0
4140,Red,Beneil Dariush,James Vick,190.5,193.04,155,177.8,182.88,155,27,29,12.7,10.16,-2,KO/TKO,0.0,0.0,1.0
4143,Red,Sean Strickland,Tom Breese,190.5,185.42,185,185.42,193.04,170,25,24,5.08,-7.62,1,S-DEC,0.0,1.0,0.0
4145,Red,Polo Reyes,Dong Hyun Ma,180.34,177.8,155,180.34,180.34,155,31,27,0.0,-2.54,4,,,1.0,0.0
4149,Red,Chris Camozzi,Vitor Miranda,185.42,195.58,185,187.96,193.04,185,29,37,-2.54,2.54,-8,U-DEC,1.0,0.0,1.0
4152,Red,Sara McMann,Jessica Eye,167.64,167.64,125,167.64,167.64,135,35,29,0.0,0.0,6,U-DEC,,,0.0
4153,Red,Abel Trujillo,Jordan Rinaldi,177.8,182.88,145,172.72,177.8,155,32,28,5.08,5.08,4,U-DEC,0.0,0.0,0.0
4154,Red,Jake Collier,Alberto Uda,190.5,195.58,185,190.5,198.12,205,27,31,0.0,-2.54,-4,KO/TKO,,1.0,1.0
4155,Red,Erik Koch,Shane Campbell,182.88,180.34,155,177.8,180.34,155,27,29,5.08,0.0,-2,SUB,0.0,,1.0
4159,Red,Jacare Souza,Vitor Belfort,182.88,187.96,185,185.42,182.88,185,36,39,-2.54,5.08,-3,KO/TKO,1.0,0.0,1.0
4160,Red,Cris Cyborg,Leslie Smith,175.26,167.64,135,172.72,172.72,145,30,33,2.54,-5.08,-3,,0.0,1.0,1.0
4161,Red,Mauricio Rua,Corey Anderson,190.5,200.66,205,185.42,193.04,205,34,26,5.08,7.62,8,S-DEC,0.0,0.0,0.0
4163,Red,Demian Maia,Matt Brown,182.88,190.5,170,185.42,182.88,170,38,35,-2.54,7.62,3,SUB,1.0,0.0,0.0
4164,Red,Thiago Santos,Nate Marquardt,182.88,187.96,185,187.96,193.04,205,32,37,-5.08,-5.08,-5,KO/TKO,1.0,1.0,1.0
4165,Red,Francisco Trinaldo,Yancy Medeiros,177.8,190.5,155,175.26,177.8,155,37,28,2.54,12.7,9,U-DEC,0.0,0.0,0.0
4166,Red,John Lineker,Rob Font,172.72,180.34,135,160.02,170.18,135,25,28,12.7,10.16,-3,U-DEC,0.0,0.0,1.0
4167,Red,Rogerio Nogueira,Patrick Cummins,187.96,193.04,205,187.96,190.5,205,39,35,0.0,2.54,4,KO/TKO,,0.0,0.0
4168,Red,Renato Moicano,Zubaira Tukhugov,172.72,172.72,145,180.34,182.88,145,26,25,-7.62,-10.16,1,S-DEC,1.0,1.0,0.0
4169,Red,Alistair Overeem,Andrei Arlovski,190.5,195.58,240,193.04,203.2,265,35,37,-2.54,-7.62,-2,KO/TKO,1.0,1.0,1.0
4172,Red,Germaine de Randamie,Anna Elmose,160.02,165.1,115,175.26,180.34,135,32,31,-15.24,-15.24,1,KO/TKO,1.0,1.0,0.0
4173,Red,Nikita Krylov,Francimar Barroso,185.42,190.5,205,190.5,195.58,205,24,36,-5.08,-5.08,-12,SUB,1.0,1.0,1.0
4174,Red,Karolina Kowalkiewicz,Heather Jo Clark,167.64,162.56,115,160.02,162.56,115,30,35,7.62,0.0,-5,,0.0,,1.0
4175,Red,Rustam Khabilov,Chris Wade,177.8,177.8,155,172.72,185.42,155,29,28,5.08,-7.62,1,U-DEC,0.0,1.0,0.0
4176,Red,Magnus Cedenblad,Garreth McLellan,185.42,182.88,185,195.58,200.66,185,34,33,-10.16,-17.78,1,KO/TKO,1.0,1.0,0.0
4179,Red,Kyoji Horiguchi,Neil Seery,162.56,162.56,125,165.1,167.64,125,25,36,-2.54,-5.08,-11,U-DEC,1.0,1.0,1.0
4180,Red,Leon Edwards,Dominic Waters,185.42,200.66,170,182.88,187.96,170,24,27,2.54,12.7,-3,U-DEC,0.0,0.0,1.0
4181,Red,Ulka Sasaki,Willie Gates,172.72,177.8,125,177.8,180.34,125,26,29,-5.08,-2.54,-3,,1.0,1.0,1.0
4182,Red,Jon Jones,Ovince Saint Preux,190.5,203.2,205,193.04,213.36,205,28,33,-2.54,-10.16,-5,U-DEC,1.0,1.0,1.0
4183,Red,Demetrious Johnson,Henry Cejudo,162.56,162.56,135,160.02,167.64,125,29,29,2.54,-5.08,0,KO/TKO,0.0,1.0,
4185,Red,Robert Whittaker,Rafael Natal,182.88,193.04,185,182.88,185.42,185,25,33,0.0,7.62,-8,U-DEC,,0.0,1.0
4186,Red,Yair Rodriguez,Andre Fili,180.34,187.96,145,180.34,180.34,145,23,25,0.0,7.62,-2,KO/TKO,,0.0,1.0
4187,Red,Sergio Pettis,Chris Kelades,170.18,172.72,125,167.64,175.26,135,22,35,2.54,-2.54,-13,U-DEC,0.0,1.0,1.0
4188,Red,Danny Roberts,Dominique Steele,177.8,187.96,170,185.42,187.96,170,28,28,-7.62,0.0,0,U-DEC,1.0,,
4189,Red,Carla Esparza,Juliana Lima,165.1,165.1,115,154.94,160.02,115,28,34,10.16,5.08,-6,U-DEC,0.0,0.0,1.0
4191,Red,Walt Harris,Cody East,190.5,187.96,245,195.58,195.58,250,32,27,-5.08,-7.62,5,KO/TKO,1.0,1.0,0.0
4192,Red,Marcos Rogerio de Lima,Clint Hester,187.96,195.58,205,185.42,190.5,253,30,29,2.54,5.08,1,SUB,0.0,0.0,0.0
4194,Red,Glover Teixeira,Rashad Evans,182.88,190.5,205,187.96,193.04,205,36,36,-5.08,-2.54,0,KO/TKO,1.0,1.0,
4195,Red,Rose Namajunas,Tecia Torres,154.94,152.4,115,165.1,165.1,115,23,26,-10.16,-12.7,-3,U-DEC,1.0,1.0,1.0
4196,Red,Khabib Nurmagomedov,Darrell Horcher,177.8,177.8,155,177.8,177.8,155,27,28,0.0,0.0,-1,KO/TKO,,,1.0
4197,Red,Cub Swanson,Hacran Dias,172.72,175.26,155,172.72,177.8,145,32,31,0.0,-2.54,1,U-DEC,,1.0,0.0
4202,Red,John Dodson,Manvel Gamburyan,165.1,170.18,135,160.02,167.64,135,31,34,5.08,2.54,-3,KO/TKO,0.0,0.0,1.0
4204,Red,Elizeu Zaleski dos Santos,Omari Akhmedov,182.88,185.42,185,180.34,185.42,170,29,28,2.54,0.0,1,KO/TKO,0.0,,0.0
4206,Red,Derrick Lewis,Gabriel Gonzaga,187.96,193.04,242,190.5,200.66,260,31,36,-2.54,-7.62,-5,KO/TKO,1.0,1.0,1.0
4207,Red,Francis Ngannou,Curtis Blaydes,193.04,203.2,265,193.04,210.82,250,29,25,0.0,-7.62,4,KO/TKO,,1.0,0.0
4208,Red,Tim Johnson,Marcin Tybura,190.5,198.12,249,190.5,195.58,265,31,30,0.0,2.54,1,,,0.0,0.0
4210,Red,Maryna Moroz,Cristina Stanciu,160.02,162.56,115,170.18,170.18,125,24,22,-10.16,-7.62,2,U-DEC,1.0,1.0,0.0
4213,Red,Mairbek Taisumov,Damir Hadzovic,175.26,177.8,155,175.26,185.42,155,27,29,0.0,-7.62,-2,KO/TKO,,1.0,1.0
4216,Red,Jared Cannonier,Cyril Asker,182.88,187.96,247,180.34,195.58,185,32,30,2.54,-7.62,2,KO/TKO,0.0,1.0,0.0
4218,Red,Mark Hunt,Frank Mir,190.5,200.66,264,177.8,182.88,265,41,36,12.7,17.78,5,KO/TKO,0.0,0.0,0.0
4220,Red,Jake Matthews,Johnny Case,177.8,182.88,155,180.34,185.42,170,21,26,-2.54,-2.54,-5,SUB,1.0,1.0,1.0
4221,Red,Daniel Kelly,Antonio Carlos Junior,187.96,200.66,185,182.88,177.8,185,38,26,5.08,22.86,12,KO/TKO,0.0,0.0,0.0
4223,Red,Bec Rawlings,Seohee Ham,157.48,157.48,115,167.64,162.56,125,27,29,-10.16,-5.08,-2,,1.0,1.0,1.0
4225,Red,Dan Hooker,Mark Eddiva,172.72,172.72,145,182.88,190.5,155,26,30,-10.16,-17.78,-4,SUB,1.0,1.0,1.0
4226,Red,Leslie Smith,Rin Nakai,154.94,152.4,135,175.26,167.64,135,33,29,-20.32,-15.24,4,U-DEC,1.0,1.0,0.0
4228,Red,Ross Pearson,Chad Laprise,177.8,180.34,170,172.72,175.26,155,31,29,5.08,5.08,2,S-DEC,0.0,0.0,0.0
4229,Red,Alan Patrick,Damien Brown,177.8,172.72,155,180.34,187.96,155,32,31,-2.54,-15.24,1,U-DEC,1.0,1.0,0.0
4233,Red,Corey Anderson,Tom Lawlor,182.88,187.96,205,190.5,200.66,205,26,32,-7.62,-12.7,-6,U-DEC,1.0,1.0,1.0
4234,Red,Amanda Nunes,Valentina Shevchenko,165.1,167.64,125,172.72,175.26,145,27,27,-7.62,-7.62,0,U-DEC,1.0,1.0,
4237,Red,Vitor Miranda,Marcelo Guimaraes,182.88,185.42,185,185.42,195.58,185,36,32,-2.54,-10.16,4,KO/TKO,1.0,1.0,0.0
4238,Red,Darren Elkins,Chas Skelly,180.34,182.88,145,177.8,180.34,145,31,30,2.54,2.54,1,U-DEC,0.0,0.0,0.0
4239,Red,Diego Sanchez,Jim Miller,172.72,180.34,155,177.8,182.88,170,34,32,-5.08,-2.54,2,U-DEC,1.0,1.0,0.0
4240,Red,Jason Saggo,Justin Salas,172.72,177.8,155,180.34,180.34,155,30,33,-7.62,-2.54,-3,KO/TKO,1.0,1.0,1.0
4243,Red,Gegard Mousasi,Thales Leites,185.42,198.12,185,187.96,193.04,185,30,34,-2.54,5.08,-4,U-DEC,1.0,0.0,1.0
4244,Red,Tom Breese,Keita Nakamura,180.34,185.42,170,190.5,185.42,185,24,31,-10.16,0.0,-7,U-DEC,1.0,,1.0
4247,Red,Davey Grant,Marlon Vera,172.72,177.8,135,172.72,175.26,135,30,23,0.0,2.54,7,U-DEC,,0.0,0.0
4248,Red,Scott Askham,Chris Dempsey,177.8,182.88,185,190.5,190.5,185,27,28,-12.7,-7.62,-1,KO/TKO,1.0,1.0,1.0
4249,Red,Arnold Allen,Yaotzin Meza,175.26,187.96,145,172.72,177.8,145,22,35,2.54,10.16,-13,U-DEC,0.0,0.0,1.0
4252,Red,Daniel Omielanczuk,Jarjis Danho,190.5,187.96,265,182.88,187.96,247,33,32,7.62,0.0,1,M-DEC,0.0,,0.0
4253,Red,Teemu Packalen,Thibault Gouti,177.8,182.88,155,185.42,182.88,155,28,28,-7.62,0.0,0,SUB,1.0,,
4254,Red,David Teymur,Martin Svensson,185.42,182.88,155,175.26,185.42,155,26,30,10.16,-2.54,-4,KO/TKO,0.0,1.0,1.0
4255,Red,Donald Cerrone,Alex Oliveira,180.34,193.04,170,185.42,185.42,155,32,28,-5.08,7.62,4,SUB,1.0,0.0,0.0
4256,Red,Derek Brunson,Roan Carneiro,180.34,187.96,170,185.42,195.58,185,32,37,-5.08,-7.62,-5,KO/TKO,1.0,1.0,1.0
4257,Red,Cody Garbrandt,Augusto Mendes,167.64,165.1,135,172.72,165.1,135,24,32,-5.08,0.0,-8,KO/TKO,1.0,,1.0
4258,Red,Dennis Bermudez,Tatsuya Kawajiri,170.18,175.26,145,167.64,167.64,155,29,37,2.54,7.62,-8,U-DEC,0.0,0.0,1.0
4259,Red,Chris Camozzi,Joe Riggs,182.88,177.8,185,187.96,193.04,185,29,33,-5.08,-15.24,-4,KO/TKO,1.0,1.0,1.0
4260,Red,James Krause,Shane Campbell,182.88,180.34,155,187.96,185.42,170,29,29,-5.08,-5.08,0,U-DEC,1.0,1.0,
4263,Red,Anthony Smith,Leonardo Augusto Leleco,182.88,185.42,185,193.04,193.04,205,27,33,-10.16,-7.62,-6,,1.0,1.0,1.0
4266,Red,Lauren Murphy,Kelly Faszholz,172.72,170.18,135,170.18,170.18,125,32,30,2.54,0.0,2,KO/TKO,0.0,,0.0
4269,Red,Roy Nelson,Jared Rosholt,187.96,190.5,265,182.88,182.88,263,39,29,5.08,7.62,10,U-DEC,0.0,0.0,0.0
4270,Red,Ovince Saint Preux,Rafael Feijao,185.42,185.42,205,190.5,203.2,205,32,35,-5.08,-17.78,-3,,1.0,1.0,1.0
4271,Red,Joseph Benavidez,Zach Makovsky,162.56,162.56,125,162.56,165.1,125,31,32,0.0,-2.54,-1,U-DEC,,1.0,1.0
4272,Red,Misha Cirkunov,Alex Nicholson,193.04,205.74,185,190.5,195.58,205,28,25,2.54,10.16,3,SUB,0.0,0.0,0.0
4273,Red,Mike Pyle,Sean Spencer,177.8,190.5,170,182.88,187.96,170,40,28,-5.08,2.54,12,KO/TKO,1.0,0.0,0.0
4274,Red,Joshua Burkman,KJ Noons,177.8,182.88,155,177.8,182.88,170,35,33,0.0,0.0,2,U-DEC,,,0.0
4275,Red,Derrick Lewis,Damian Grabowski,185.42,190.5,241,190.5,200.66,260,30,35,-5.08,-10.16,-5,KO/TKO,1.0,1.0,1.0
4278,Red,Mickey Gall,Mike Jackson,187.96,188.0,170,187.96,187.96,170,24,30,0.0,0.04,-6,SUB,,0.0,1.0
4280,Red,Anthony Johnson,Ryan Bader,187.96,187.96,205,187.96,198.12,205,31,32,0.0,-10.16,-1,KO/TKO,,1.0,1.0
4284,Red,Tarec Saffiedine,Jake Ellenberger,175.26,180.34,170,177.8,177.8,170,29,30,-2.54,2.54,-1,U-DEC,1.0,0.0,1.0
4286,Red,Rafael Natal,Kevin Casey,180.34,195.58,185,182.88,193.04,185,33,34,-2.54,2.54,-1,KO/TKO,1.0,0.0,1.0
4289,Red,Alex Caceres,Masio Fullen,177.8,177.8,145,177.8,185.42,145,27,29,0.0,-7.62,-2,U-DEC,,1.0,1.0
4291,Red,Anthony Rocco Martin,Felipe Olivieri,175.26,182.88,155,182.88,185.42,170,26,30,-7.62,-2.54,-4,SUB,1.0,1.0,1.0
4294,Red,Travis Browne,Matt Mitrione,190.5,200.66,265,198.12,200.66,255,33,37,-7.62,0.0,-4,KO/TKO,1.0,,1.0
4296,Red,Patrick Cote,Ben Saunders,187.96,195.58,170,180.34,180.34,170,35,32,7.62,15.24,3,KO/TKO,0.0,0.0,0.0
4298,Red,Chris Wade,Mehdi Baghdad,185.42,190.5,155,177.8,177.8,155,28,30,7.62,12.7,-2,SUB,0.0,0.0,1.0
4300,Red,Paul Felder,Daron Cruickshank,172.72,182.88,155,180.34,177.8,155,31,30,-7.62,5.08,1,SUB,1.0,0.0,0.0
4301,Red,Ilir Latifi,Sean O'Connell,185.42,187.96,205,177.8,185.42,205,32,32,7.62,2.54,0,KO/TKO,0.0,0.0,
4302,Red,Charles Rosa,Kyle Bochniak,170.18,177.8,145,175.26,175.26,145,29,28,-5.08,2.54,1,U-DEC,1.0,0.0,0.0
4303,Red,Rob Font,Joey Gomez,177.8,180.34,155,172.72,180.34,135,28,26,5.08,0.0,2,KO/TKO,0.0,,0.0
4304,Red,Francimar Barroso,Elvis Mutapcic,182.88,182.88,185,185.42,190.5,205,35,29,-2.54,-7.62,6,U-DEC,1.0,1.0,0.0
4305,Red,Robbie Lawler,Carlos Condit,187.96,190.5,170,180.34,187.96,170,33,31,7.62,2.54,2,S-DEC,0.0,0.0,0.0
4306,Red,Stipe Miocic,Andrei Arlovski,190.5,195.58,240,193.04,203.2,240,33,36,-2.54,-7.62,-3,KO/TKO,1.0,1.0,1.0
4309,Red,Abel Trujillo,Tony Sims,180.34,177.8,155,172.72,177.8,155,32,30,7.62,0.0,2,SUB,0.0,,0.0
4310,Red,Michael McDonald,Masanori Kanehara,170.18,170.18,135,175.26,177.8,135,24,33,-5.08,-7.62,-9,SUB,1.0,1.0,1.0
4312,Red,Justine Kish,Nina Ansaroff,165.1,162.56,115,165.1,162.56,125,27,30,0.0,0.0,-3,U-DEC,,,1.0
4314,Red,Dustin Poirier,Joe Duffy,177.8,185.42,155,175.26,182.88,155,26,27,2.54,2.54,-1,U-DEC,0.0,0.0,1.0
4316,Red,Sheldon Westcott,Edgar Garcia,177.8,180.34,170,185.42,180.34,170,31,31,-7.62,0.0,0,KO/TKO,1.0,,
4317,Red,Rafael Dos Anjos,Donald Cerrone,185.42,185.42,155,172.72,177.8,170,31,32,12.7,7.62,-1,KO/TKO,0.0,0.0,1.0
4321,Red,Charles Oliveira,Myles Jury,177.8,185.42,145,177.8,187.96,155,26,27,0.0,-2.54,-1,SUB,,1.0,1.0
4325,Red,Nik Lentz,Danny Castillo,175.26,180.34,155,172.72,172.72,155,31,36,2.54,7.62,-5,S-DEC,0.0,0.0,1.0
4326,Red,Kamaru Usman,Leon Edwards,182.88,187.96,170,182.88,193.04,170,28,24,0.0,-5.08,4,U-DEC,,1.0,0.0
4328,Red,Francis Ngannou,Luis Henrique,187.96,187.96,243,193.04,210.82,250,29,22,-5.08,-22.86,7,KO/TKO,1.0,1.0,0.0
4332,Red,Demian Maia,Gunnar Nelson,180.34,182.88,170,185.42,182.88,170,38,27,-5.08,0.0,11,U-DEC,1.0,,0.0
4333,Red,Max Holloway,Jeremy Stephens,172.72,180.34,145,180.34,175.26,155,24,29,-7.62,5.08,-5,U-DEC,1.0,0.0,1.0
4334,Red,Urijah Faber,Frankie Saenz,167.64,167.64,135,167.64,170.18,135,36,35,0.0,-2.54,1,U-DEC,,1.0,0.0
4335,Red,Tecia Torres,Jocelyn Jones-Lybarger,170.18,162.56,115,154.94,152.4,115,26,30,15.24,10.16,-4,U-DEC,0.0,0.0,1.0
4336,Red,Warlley Alves,Colby Covington,180.34,182.88,170,180.34,182.88,170,24,27,0.0,0.0,-3,SUB,,,1.0
4337,Red,Leonardo Santos,Kevin Lee,175.26,195.58,170,182.88,190.5,155,35,23,-7.62,5.08,12,KO/TKO,1.0,0.0,0.0
4340,Red,Court McGee,Marcio Alexandre Junior,182.88,190.5,185,180.34,190.5,170,30,26,2.54,0.0,4,U-DEC,0.0,,0.0
4341,Red,Frankie Edgar,Chad Mendes,167.64,167.64,145,167.64,172.72,145,34,30,0.0,-5.08,4,KO/TKO,,1.0,0.0
4345,Red,Tatsuya Kawajiri,Jason Knight,177.8,180.34,145,170.18,175.26,145,37,23,7.62,5.08,14,U-DEC,0.0,0.0,0.0
4346,Red,Julian Erosa,Marcin Wrzosek,175.26,178.0,155,185.42,187.96,145,26,28,-10.16,-9.96,-2,S-DEC,1.0,1.0,1.0
4347,Red,Gabriel Gonzaga,Konstantin Erokhin,180.34,185.42,230,187.96,193.04,242,36,32,-7.62,-7.62,4,U-DEC,1.0,1.0,0.0
4348,Red,Ryan LaFlare,Mike Pierce,172.72,177.8,170,185.42,187.96,170,32,35,-12.7,-10.16,-3,U-DEC,1.0,1.0,1.0
4350,Red,Chris Gruetzemacher,Abner Lloveras,180.34,180.34,155,172.72,172.72,155,29,33,7.62,7.62,-4,U-DEC,0.0,0.0,1.0
4351,Red,Rose Namajunas,Paige VanZant,162.56,165.1,115,165.1,165.1,115,23,21,-2.54,0.0,2,SUB,1.0,,0.0
4353,Red,Sage Northcutt,Cody Pfister,177.8,185.42,155,182.88,180.34,170,19,25,-5.08,5.08,-6,SUB,1.0,0.0,1.0
4355,Red,Tim Means,John Howard,170.18,180.34,170,187.96,190.5,170,31,32,-17.78,-10.16,-1,KO/TKO,1.0,1.0,1.0
4357,Red,Aljamain Sterling,Johnny Eduardo,170.18,180.34,135,170.18,180.34,135,26,37,0.0,0.0,-11,SUB,,,1.0
4358,Red,Santiago Ponzinibbio,Andreas Stahl,180.34,185.42,170,182.88,185.42,170,29,27,-2.54,0.0,2,KO/TKO,1.0,,0.0
4359,Red,Danny Roberts,Nathan Coy,177.8,175.26,170,185.42,187.96,170,28,37,-7.62,-12.7,-9,SUB,1.0,1.0,1.0
4360,Red,Zubaira Tukhugov,Phillipe Nover,175.26,182.88,145,172.72,172.72,145,24,31,2.54,10.16,-7,S-DEC,0.0,0.0,1.0
4361,Red,Kailin Curran,Emily Peters Kagan,160.02,167.64,115,162.56,165.1,115,24,34,-2.54,2.54,-10,,1.0,0.0,1.0
4362,Red,Benson Henderson,Jorge Masvidal,180.34,187.96,170,175.26,177.8,170,32,31,5.08,10.16,1,S-DEC,0.0,0.0,0.0
4363,Red,Dong Hyun Kim,Dominic Waters,185.42,200.66,170,187.96,193.04,170,34,26,-2.54,7.62,8,KO/TKO,1.0,0.0,0.0
4365,Red,Dooho Choi,Sam Sicilia,172.72,170.18,145,177.8,177.8,145,24,29,-5.08,-7.62,-5,KO/TKO,1.0,1.0,1.0
4366,Red,Dongi Yang,Jake Collier,190.5,198.12,205,177.8,180.34,185,30,27,12.7,17.78,3,KO/TKO,0.0,0.0,0.0
4368,Red,Tae Hyun Bang,Leo Kuntz,177.8,187.96,155,175.26,180.34,155,32,32,2.54,7.62,0,S-DEC,0.0,0.0,
4369,Red,Seohee Ham,Cortney Casey,170.18,170.18,115,157.48,157.48,115,28,28,12.7,12.7,0,,0.0,0.0,
4372,Red,Dominique Steele,Dong Hyun Ma,180.34,177.8,155,177.8,187.96,170,27,27,2.54,-10.16,0,KO/TKO,0.0,1.0,
4373,Red,Neil Magny,Kelvin Gastelum,175.26,180.34,185,190.5,203.2,170,28,24,-15.24,-22.86,4,S-DEC,1.0,1.0,0.0
4374,Red,Ricardo Lamas,Diego Sanchez,177.8,182.88,170,172.72,180.34,145,33,33,5.08,2.54,0,U-DEC,0.0,0.0,
4376,Red,Erick Montano,Enrique Marin,177.8,187.96,170,182.88,185.42,170,30,29,-5.08,2.54,1,S-DEC,1.0,0.0,0.0
4379,Red,Erik Perez,Taylor Lapilus,167.64,185.42,135,172.72,172.72,135,26,23,-5.08,12.7,3,U-DEC,1.0,0.0,0.0
4381,Red,Alejandro Perez,Scott Jorgensen,165.1,167.64,135,167.64,170.18,135,26,33,-2.54,-2.54,-7,KO/TKO,1.0,1.0,1.0
4387,Red,Joanna Jedrzejczyk,Valerie Letourneau,170.18,172.72,115,167.64,165.1,125,28,32,2.54,7.62,-4,U-DEC,0.0,0.0,1.0
4388,Red,Mark Hunt,Antonio Silva,193.04,203.2,264,177.8,182.88,265,41,36,15.24,20.32,5,KO/TKO,0.0,0.0,0.0
4391,Red,Jake Matthews,Akbarh Arreola,177.8,180.34,155,180.34,185.42,170,21,32,-2.54,-5.08,-11,KO/TKO,1.0,1.0,1.0
4392,Red,Kyle Noke,Peter Sobotta,182.88,190.5,170,185.42,193.04,170,35,28,-2.54,-2.54,7,KO/TKO,1.0,1.0,0.0
4395,Red,Daniel Kelly,Steve Montgomery,193.04,190.5,185,182.88,177.8,185,38,24,10.16,12.7,14,U-DEC,0.0,0.0,0.0
4396,Red,Richard Walsh,Steve Kennedy,180.34,180.34,170,182.88,185.42,170,26,32,-2.54,-5.08,-6,U-DEC,1.0,1.0,1.0
4397,Red,James Moontasri,Anton Zafir,180.34,182.88,170,177.8,180.34,170,27,28,2.54,2.54,-1,KO/TKO,0.0,0.0,1.0
4398,Red,Ben Nguyen,Ryan Benoit,165.1,172.72,125,165.1,165.1,125,27,26,0.0,7.62,1,SUB,,0.0,0.0
4399,Red,Vitor Belfort,Dan Henderson,180.34,187.96,185,182.88,187.96,185,38,45,-2.54,0.0,-7,KO/TKO,1.0,,1.0
4400,Red,Glover Teixeira,Patrick Cummins,187.96,193.04,205,187.96,193.04,205,36,34,0.0,0.0,2,KO/TKO,,,0.0
4401,Red,Thomas Almeida,Anthony Birchak,172.72,175.26,135,170.18,177.8,135,24,29,2.54,-2.54,-5,KO/TKO,0.0,1.0,1.0
4402,Red,Alex Oliveira,Piotr Hallmann,175.26,180.34,155,180.34,193.04,170,27,28,-5.08,-12.7,-1,KO/TKO,1.0,1.0,1.0
4409,Red,Viscardi Andrade,Gasan Umalatov,180.34,180.34,170,180.34,190.5,170,31,33,0.0,-10.16,-2,U-DEC,,1.0,1.0
4413,Red,Norman Parke,Reza Madadi,180.34,182.88,155,180.34,177.8,155,28,37,0.0,5.08,-9,U-DEC,,0.0,1.0
4414,Red,Neil Seery,Jon Delos Reyes,167.64,170.18,125,162.56,162.56,125,36,28,5.08,7.62,8,SUB,0.0,0.0,0.0
4415,Red,Stevie Ray,Mickael Lebout,180.34,185.42,155,177.8,177.8,155,25,28,2.54,7.62,-3,U-DEC,0.0,0.0,1.0
4416,Red,Aisling Daly,Ericka Almeida,167.64,172.72,115,157.48,162.56,115,27,26,10.16,10.16,1,U-DEC,0.0,0.0,0.0
4419,Red,Darren Elkins,Rob Whiteford,175.26,175.26,145,177.8,180.34,145,31,32,-2.54,-5.08,-1,,1.0,1.0,1.0
4421,Red,Daniel Cormier,Alexander Gustafsson,195.58,200.66,205,180.34,182.88,235,36,28,15.24,17.78,8,S-DEC,0.0,0.0,0.0
4422,Red,Ryan Bader,Rashad Evans,182.88,190.5,205,187.96,187.96,205,32,36,-5.08,2.54,-4,U-DEC,1.0,0.0,1.0
4424,Red,Joseph Benavidez,Ali Bagautinov,162.56,165.1,125,162.56,165.1,125,31,30,0.0,0.0,1,U-DEC,,,0.0
4426,Red,Yair Rodriguez,Dan Hooker,182.88,190.5,155,180.34,180.34,145,22,25,2.54,10.16,-3,U-DEC,0.0,0.0,1.0
4428,Red,Adriano Martins,Islam Makhachev,177.8,177.8,155,177.8,182.88,155,32,23,0.0,-5.08,9,KO/TKO,,1.0,0.0
4429,Red,Rose Namajunas,Angela Hill,160.02,162.56,115,165.1,165.1,115,23,30,-5.08,-2.54,-7,SUB,1.0,1.0,1.0
4432,Red,Derrick Lewis,Viktor Pesta,190.5,195.58,240,190.5,200.66,260,30,25,0.0,-5.08,5,KO/TKO,,1.0,0.0
4433,Red,Josh Barnett,Roy Nelson,182.88,182.88,263,190.5,198.12,250,37,39,-7.62,-15.24,-2,U-DEC,1.0,1.0,1.0
4435,Red,Kyoji Horiguchi,Chico Camus,167.64,167.64,125,165.1,167.64,125,24,30,2.54,0.0,-6,U-DEC,0.0,,1.0
4436,Red,Takeya Mizugaki,George Roop,185.42,182.88,135,170.18,172.72,135,31,33,15.24,10.16,-2,U-DEC,0.0,0.0,1.0
4438,Red,Keita Nakamura,Li Jingliang,182.88,180.34,170,180.34,185.42,170,31,27,2.54,-5.08,4,,0.0,1.0,0.0
4439,Red,Nick Hein,Yusuke Kasuya,170.18,170.18,155,167.64,167.64,155,31,25,2.54,2.54,6,U-DEC,0.0,0.0,0.0
4441,Red,Shinsho Anzai,Roger Zapata,180.34,187.96,170,170.18,177.8,170,29,29,10.16,10.16,0,KO/TKO,0.0,0.0,
4442,Red,Demetrious Johnson,John Dodson,160.02,167.64,135,160.02,167.64,125,29,30,0.0,0.0,-1,U-DEC,,,1.0
4443,Red,Andrei Arlovski,Frank Mir,190.5,200.66,264,190.5,195.58,240,36,36,0.0,5.08,0,U-DEC,,0.0,
4444,Red,Anthony Johnson,Jimi Manuwa,185.42,200.66,205,187.96,198.12,205,31,35,-2.54,2.54,-4,KO/TKO,1.0,0.0,1.0
4446,Red,Paige VanZant,Alex Chambers,160.02,160.02,115,162.56,165.1,115,21,36,-2.54,-5.08,-15,SUB,1.0,1.0,1.0
4447,Red,Ross Pearson,Paul Felder,180.34,177.8,155,172.72,175.26,155,30,31,7.62,2.54,-1,S-DEC,0.0,0.0,1.0
4451,Red,Joe Riggs,Ron Stallings,187.96,190.5,170,182.88,177.8,185,32,32,5.08,12.7,0,DQ,0.0,0.0,
4452,Red,Joaquim Silva,Nazareno Malegarie,172.72,177.8,155,172.72,175.26,155,26,29,0.0,2.54,-3,S-DEC,,0.0,1.0
4453,Red,Max Holloway,Charles Oliveira,177.8,187.96,155,180.34,175.26,155,23,25,-2.54,12.7,-2,KO/TKO,1.0,0.0,1.0
4454,Red,Neil Magny,Erick Silva,182.88,187.96,170,190.5,203.2,170,28,31,-7.62,-15.24,-3,U-DEC,1.0,1.0,1.0
4455,Red,Patrick Cote,Joshua Burkman,177.8,182.88,170,180.34,180.34,170,35,35,-2.54,2.54,0,KO/TKO,1.0,0.0,
4457,Red,Olivier Aubin-Mercier,Tony Sims,180.34,177.8,155,175.26,177.8,155,26,29,5.08,0.0,-3,U-DEC,0.0,,1.0
4462,Red,Chris Kelades,Chris Beal,170.18,175.26,125,170.18,172.72,125,34,30,0.0,2.54,4,S-DEC,,0.0,0.0
4463,Red,Shane Campbell,Elias Silverio,180.34,185.42,155,182.88,180.34,155,28,28,-2.54,5.08,0,U-DEC,1.0,0.0,
4464,Red,Misha Cirkunov,Daniel Jolly,185.42,190.5,205,190.5,195.58,205,28,30,-5.08,-5.08,-2,KO/TKO,1.0,1.0,1.0
4465,Red,Glover Teixeira,Ovince Saint Preux,190.5,203.2,205,187.96,193.04,205,35,32,2.54,10.16,3,SUB,0.0,0.0,0.0
4467,Red,Derek Brunson,Sam Alvey,187.96,190.5,205,185.42,195.58,185,31,29,2.54,-5.08,2,KO/TKO,0.0,1.0,0.0
4468,Red,Jared Rosholt,Tim Johnson,190.5,195.58,265,187.96,190.5,265,29,30,2.54,5.08,-1,,0.0,0.0,1.0
4470,Red,Ray Borg,Geane Herrera,165.1,167.64,125,162.56,160.02,135,22,25,2.54,7.62,-3,U-DEC,0.0,0.0,1.0
4471,Red,Uriah Hall,Oluwale Bamgbose,180.34,198.12,185,182.88,200.66,185,31,28,-2.54,-2.54,3,KO/TKO,1.0,1.0,0.0
4472,Red,Chris Camozzi,Tom Watson,185.42,185.42,185,187.96,193.04,185,28,33,-2.54,-7.62,-5,U-DEC,1.0,1.0,1.0
4473,Red,Dustin Ortiz,Willie Gates,172.72,177.8,125,165.1,165.1,125,26,28,7.62,12.7,-2,KO/TKO,0.0,0.0,1.0
4474,Red,Frankie Saenz,Sirwan Kakai,165.1,167.64,135,167.64,167.64,135,34,25,-2.54,0.0,9,S-DEC,1.0,,0.0
4476,Red,Marlon Vera,Roman Salazar,170.18,170.18,135,172.72,177.8,135,22,27,-2.54,-7.62,-5,SUB,1.0,1.0,1.0
4478,Red,Ronda Rousey,Bethe Correia,165.1,162.56,135,170.18,172.72,135,28,32,-5.08,-10.16,-4,KO/TKO,1.0,1.0,1.0
4479,Red,Mauricio Rua,Rogerio Nogueira,187.96,190.5,205,185.42,193.04,205,33,39,2.54,-2.54,-6,U-DEC,0.0,1.0,1.0
4480,Red,Glaico Franca,Fernando Bruno,167.64,177.8,145,182.88,195.58,155,24,33,-15.24,-17.78,-9,,1.0,1.0,1.0
4481,Red,Reginaldo Vieira,Dileno Lopes,165.1,165.1,135,170.18,165.1,135,32,30,-5.08,0.0,2,U-DEC,1.0,,0.0
4482,Red,Stefan Struve,Minotauro Nogueira,190.5,195.58,240,210.82,213.36,265,27,39,-20.32,-17.78,-12,,1.0,1.0,1.0
4483,Red,Antonio Silva,Soa Palelei,193.04,205.74,265,193.04,203.2,264,35,38,0.0,2.54,-3,KO/TKO,,0.0,1.0
4484,Red,Claudia Gadelha,Jessica Aguilar,160.02,160.02,115,162.56,160.02,115,26,33,-2.54,0.0,-7,U-DEC,1.0,,1.0
4485,Red,Demian Maia,Neil Magny,190.5,203.2,170,185.42,182.88,170,37,27,5.08,20.32,10,SUB,0.0,0.0,0.0
4487,Red,Warlley Alves,Nordine Taleb,185.42,187.96,170,180.34,182.88,170,24,34,5.08,5.08,-10,SUB,0.0,0.0,1.0
4488,Red,Iuri Alcantara,Leandro Issa,170.18,175.26,135,175.26,180.34,135,34,31,-5.08,-5.08,3,U-DEC,1.0,1.0,0.0
4489,Red,Vitor Miranda,Clint Hester,187.96,195.58,205,185.42,195.58,185,36,28,2.54,0.0,8,KO/TKO,0.0,,0.0
4491,Red,TJ Dillashaw,Renan Barao,167.64,177.8,135,167.64,170.18,125,29,28,0.0,7.62,1,KO/TKO,,0.0,0.0
4492,Red,Miesha Tate,Jessica Eye,167.64,167.64,125,167.64,165.1,135,28,28,0.0,2.54,0,U-DEC,,0.0,
4493,Red,Edson Barboza,Paul Felder,180.34,177.8,155,180.34,190.5,155,29,31,0.0,-12.7,-2,U-DEC,,1.0,1.0
4494,Red,Joe Lauzon,Takanori Gomi,170.18,177.8,155,177.8,180.34,155,31,36,-7.62,-2.54,-5,KO/TKO,1.0,1.0,1.0
4496,Red,Jim Miller,Danny Castillo,175.26,180.34,155,172.72,180.34,155,31,35,2.54,0.0,-4,S-DEC,0.0,,1.0
4502,Red,Zak Cummings,Dominique Steele,177.8,187.96,170,182.88,190.5,185,30,27,-5.08,-2.54,3,KO/TKO,1.0,1.0,0.0
4503,Red,Michael Bisping,Thales Leites,185.42,198.12,185,185.42,190.5,185,36,33,0.0,7.62,3,S-DEC,,0.0,0.0
4505,Red,Joe Duffy,Ivan Jorge,175.26,185.42,155,177.8,185.42,155,27,34,-2.54,0.0,-7,SUB,1.0,,1.0
4506,Red,Joanne Calderwood,Cortney Casey,170.18,170.18,115,167.64,165.1,125,29,28,2.54,5.08,1,U-DEC,0.0,0.0,0.0
4507,Red,Leon Edwards,Pawel Pawlak,182.88,185.42,170,182.88,187.96,170,23,26,0.0,-2.54,-3,U-DEC,,1.0,1.0
4508,Red,Stevie Ray,Leonardo Mafra,177.8,177.8,155,177.8,177.8,155,25,26,0.0,0.0,-1,KO/TKO,,,1.0
4509,Red,Paddy Holohan,Vaughan Lee,167.64,167.64,125,177.8,175.26,125,27,32,-10.16,-7.62,-5,U-DEC,1.0,1.0,1.0
4510,Red,Ilir Latifi,Hans Stringer,190.5,185.42,205,177.8,185.42,205,31,28,12.7,0.0,3,KO/TKO,0.0,,0.0
4511,Red,Mickael Lebout,Teemu Packalen,185.42,182.88,155,180.34,185.42,155,27,28,5.08,-2.54,-1,U-DEC,0.0,1.0,1.0
4512,Red,Rob Whiteford,Paul Redmond,177.8,177.8,145,175.26,175.26,145,32,28,2.54,2.54,4,,0.0,0.0,0.0
4514,Red,Daniel Omielanczuk,Chris de la Rocha,190.5,203.2,250,182.88,187.96,247,32,36,7.62,15.24,-4,KO/TKO,0.0,0.0,1.0
4515,Red,Frank Mir,Todd Duffee,190.5,200.66,260,190.5,200.66,264,36,29,0.0,0.0,7,KO/TKO,,,0.0
4517,Red,Holly Holm,Marion Reneau,167.64,172.72,135,172.72,175.26,145,33,38,-5.08,-2.54,-5,U-DEC,1.0,1.0,1.0
4519,Red,Kevin Lee,James Moontasri,177.8,180.34,170,175.26,195.58,170,22,27,2.54,-15.24,-5,SUB,0.0,1.0,1.0
4520,Red,Alan Jouban,Matt Dwyer,193.04,193.04,170,182.88,185.42,170,33,25,10.16,7.62,8,U-DEC,0.0,0.0,0.0
4521,Red,Sam Sicilia,Yaotzin Meza,175.26,187.96,145,172.72,170.18,145,29,34,2.54,17.78,-5,U-DEC,0.0,0.0,1.0
4522,Red,Jessica Andrade,Sarah Moras,170.18,170.18,135,154.94,157.48,115,23,27,15.24,12.7,-4,U-DEC,0.0,0.0,1.0
4523,Red,Rani Yahya,Masanori Kanehara,170.18,170.18,135,167.64,170.18,135,30,32,2.54,0.0,-2,S-DEC,0.0,,1.0
4525,Red,Kevin Casey,Ildemar Alcantara,187.96,198.12,185,180.34,195.58,185,34,32,7.62,2.54,2,U-DEC,0.0,0.0,0.0
4528,Red,Kamaru Usman,Hayder Hassan,177.8,177.8,170,182.88,193.04,170,28,32,-5.08,-15.24,-4,SUB,1.0,1.0,1.0
4529,Red,Michael Graves,Vicente Luque,180.34,190.5,170,177.8,180.34,170,24,23,2.54,10.16,1,U-DEC,0.0,0.0,0.0
4530,Red,Jorge Masvidal,Cezar Ferreira,185.42,198.12,185,180.34,187.96,170,30,30,5.08,10.16,0,KO/TKO,0.0,0.0,
4532,Red,Maximo Blanco,Mike de la Torre,180.34,180.34,145,172.72,180.34,145,31,28,7.62,0.0,3,KO/TKO,0.0,,0.0
4533,Red,Josh Samman,Caio Magalhaes,185.42,185.42,185,190.5,200.66,185,27,27,-5.08,-15.24,0,SUB,1.0,1.0,
4536,Red,George Sullivan,Dominic Waters,185.42,200.66,170,182.88,185.42,170,34,26,2.54,15.24,8,U-DEC,0.0,0.0,0.0
4539,Red,Robbie Lawler,Rory MacDonald,182.88,193.04,170,180.34,187.96,170,33,25,2.54,5.08,8,KO/TKO,0.0,0.0,0.0
4541,Red,Gunnar Nelson,Brandon Thatch,187.96,187.96,170,180.34,182.88,170,26,29,7.62,5.08,-3,SUB,0.0,0.0,1.0
4543,Red,Matt Brown,Tim Means,187.96,190.5,170,182.88,190.5,170,34,31,5.08,0.0,3,SUB,0.0,,0.0
4546,Red,Cody Garbrandt,Henry Briones,172.72,175.26,135,172.72,165.1,135,24,34,0.0,10.16,-10,U-DEC,,0.0,1.0
4551,Red,Antonio Carlos Junior,Eddie Gordon,182.88,193.04,185,187.96,200.66,185,25,31,-5.08,-7.62,-6,SUB,1.0,1.0,1.0
4552,Red,Thiago Santos,Steve Bosse,180.34,182.88,205,187.96,193.04,205,31,33,-7.62,-10.16,-2,KO/TKO,1.0,1.0,1.0
4553,Red,Hacran Dias,Levan Makashvili,172.72,172.72,145,172.72,175.26,155,31,26,0.0,-2.54,5,S-DEC,,1.0,0.0
4554,Red,Alex Oliveira,Joe Merritt,182.88,185.42,170,180.34,193.04,170,27,31,2.54,-7.62,-4,U-DEC,0.0,1.0,1.0
4555,Red,Leandro Silva,Lewis Gonzalez,177.8,185.42,170,175.26,182.88,155,29,27,2.54,2.54,2,U-DEC,0.0,0.0,0.0
4558,Red,Joanna Jedrzejczyk,Jessica Penne,165.1,170.18,115,167.64,165.1,125,27,32,-2.54,5.08,-5,KO/TKO,1.0,0.0,1.0
4560,Red,Peter Sobotta,Steve Kennedy,180.34,180.34,170,182.88,190.5,170,28,32,-2.54,-10.16,-4,SUB,1.0,1.0,1.0
4561,Red,Nick Hein,Lukasz Sajewski,172.72,180.34,155,167.64,167.64,155,31,24,5.08,12.7,7,U-DEC,0.0,0.0,0.0
4562,Red,Makwan Amirkhani,Masio Fullen,177.8,177.8,145,177.8,182.88,145,26,28,0.0,-5.08,-2,SUB,,1.0,1.0
4563,Red,Mairbek Taisumov,Alan Patrick,180.34,187.96,155,175.26,185.42,155,26,31,5.08,2.54,-5,KO/TKO,0.0,0.0,1.0
4566,Red,Scott Askham,Antonio Dos Santos,177.8,182.88,185,190.5,190.5,185,27,26,-12.7,-7.62,1,KO/TKO,1.0,1.0,0.0
4568,Red,Taylor Lapilus,Ulka Sasaki,177.8,180.34,125,167.64,185.42,135,23,25,10.16,-5.08,-2,,0.0,1.0,1.0
4571,Red,Kelvin Gastelum,Nate Marquardt,182.88,187.96,185,175.26,180.34,185,23,36,7.62,7.62,-13,KO/TKO,0.0,0.0,1.0
4572,Red,Yair Rodriguez,Charles Rosa,175.26,175.26,145,180.34,180.34,145,22,28,-5.08,-5.08,-6,S-DEC,1.0,1.0,1.0
4573,Red,Tecia Torres,Angela Hill,160.02,162.56,115,154.94,152.4,115,25,30,5.08,10.16,-5,U-DEC,0.0,0.0,1.0
4574,Red,Henry Cejudo,Chico Camus,167.64,167.64,125,162.56,162.56,135,28,30,5.08,5.08,-2,U-DEC,0.0,0.0,1.0
4575,Red,Efrain Escudero,Drew Dober,172.72,177.8,155,175.26,177.8,155,29,26,-2.54,0.0,3,SUB,1.0,,0.0
4579,Red,Gabriel Benitez,Clay Collard,180.34,185.42,145,172.72,180.34,145,26,22,7.62,5.08,4,U-DEC,0.0,0.0,0.0
4581,Red,Ben Rothwell,Matt Mitrione,190.5,200.66,265,193.04,198.12,265,33,36,-2.54,2.54,-3,SUB,1.0,0.0,1.0
4582,Red,Dustin Poirier,Yancy Medeiros,177.8,190.5,155,175.26,182.88,155,26,27,2.54,7.62,-1,KO/TKO,0.0,0.0,1.0
4585,Red,Francisco Rivera,Alex Caceres,177.8,185.42,145,172.72,172.72,135,33,26,5.08,12.7,7,KO/TKO,0.0,0.0,0.0
4586,Red,Shawn Jordan,Derrick Lewis,190.5,200.66,260,182.88,190.5,260,30,30,7.62,10.16,0,KO/TKO,0.0,0.0,
4588,Red,Chris Wade,Christos Giagos,177.8,180.34,155,177.8,177.8,155,27,25,0.0,2.54,2,U-DEC,,0.0,0.0
4589,Red,Joe Proctor,Justin Edwards,177.8,177.8,155,177.8,182.88,155,29,32,0.0,-5.08,-3,SUB,,1.0,1.0
4591,Red,Jose Quinonez,Leonardo Morales,172.72,172.72,135,172.72,175.26,135,24,22,0.0,-2.54,2,SUB,,1.0,0.0
4592,Red,Carlos Condit,Thiago Alves,175.26,177.8,170,187.96,190.5,170,31,31,-12.7,-12.7,0,KO/TKO,1.0,1.0,
4595,Red,Francimar Barroso,Ryan Jimmo,185.42,185.42,205,185.42,190.5,205,35,33,0.0,-5.08,2,U-DEC,,1.0,0.0
4596,Red,Francisco Trinaldo,Norman Parke,180.34,177.8,155,175.26,177.8,155,36,28,5.08,0.0,8,U-DEC,0.0,,0.0
4598,Red,Jussier Formiga,Wilson Reis,162.56,165.1,125,165.1,170.18,125,30,30,-2.54,-5.08,0,U-DEC,1.0,1.0,
4601,Red,Juliana Lima,Ericka Almeida,167.64,172.72,115,165.1,165.1,115,33,26,2.54,7.62,7,U-DEC,0.0,0.0,0.0
4604,Red,Chris Weidman,Vitor Belfort,182.88,187.96,185,187.96,198.12,185,30,38,-5.08,-10.16,-8,KO/TKO,1.0,1.0,1.0
4605,Red,Donald Cerrone,John Makdessi,172.72,172.72,155,185.42,185.42,155,32,30,-12.7,-12.7,2,KO/TKO,1.0,1.0,0.0
4607,Red,Joseph Benavidez,John Moraga,167.64,167.64,125,162.56,165.1,125,30,31,5.08,2.54,-1,U-DEC,0.0,0.0,1.0
4608,Red,John Dodson,Zach Makovsky,162.56,162.56,125,160.02,167.64,135,30,32,2.54,-5.08,-2,U-DEC,0.0,1.0,1.0
4609,Red,Dong Hyun Kim,Joshua Burkman,177.8,182.88,170,187.96,193.04,170,33,35,-10.16,-10.16,-2,SUB,1.0,1.0,1.0
4612,Red,Islam Makhachev,Leo Kuntz,177.8,187.96,155,177.8,177.8,155,23,31,0.0,10.16,-8,SUB,,0.0,1.0
4613,Red,Justin Scoggins,Joshua Sampo,162.56,162.56,125,170.18,167.64,125,23,30,-7.62,-5.08,-7,,1.0,1.0,1.0
4614,Red,Frankie Edgar,Urijah Faber,167.64,170.18,135,167.64,172.72,145,33,36,0.0,-2.54,-3,U-DEC,,1.0,1.0
4615,Red,Gegard Mousasi,Costas Philippou,180.34,185.42,185,187.96,193.04,185,29,35,-7.62,-7.62,-6,,1.0,1.0,1.0
4616,Red,Mark Munoz,Luke Barnatt,198.12,195.58,185,182.88,182.88,185,37,27,15.24,12.7,10,U-DEC,0.0,0.0,0.0
4618,Red,Phillipe Nover,Yui Chul Nam,175.26,175.26,145,175.26,182.88,145,31,33,0.0,-7.62,-2,S-DEC,,1.0,1.0
4622,Red,Li Jingliang,Dhiego Lima,187.96,187.96,170,182.88,180.34,170,27,26,5.08,7.62,1,,0.0,0.0,0.0
4623,Red,Ning Guangyou,Royston Wee,170.18,170.18,135,162.56,162.56,145,33,28,7.62,7.62,5,,0.0,0.0,0.0
4626,Red,Stipe Miocic,Mark Hunt,177.8,182.88,265,193.04,203.2,240,32,41,-15.24,-20.32,-9,KO/TKO,1.0,1.0,1.0
4631,Red,Kyle Noke,Jonavin Webb,177.8,180.34,170,185.42,193.04,170,35,26,-7.62,-12.7,9,S-DEC,1.0,1.0,0.0
4633,Red,Bec Rawlings,Lisa Ellis,162.56,157.48,115,167.64,162.56,125,26,32,-5.08,-5.08,-6,SUB,1.0,1.0,1.0
4635,Red,Alex Chambers,Kailin Curran,162.56,165.1,115,160.02,160.02,115,36,24,2.54,5.08,12,SUB,0.0,0.0,0.0
4638,Red,Demetrious Johnson,Kyoji Horiguchi,165.1,167.64,125,160.02,167.64,125,28,24,5.08,0.0,4,SUB,0.0,,0.0
4639,Red,Rampage Jackson,Fabio Maldonado,185.42,190.5,205,185.42,185.42,205,36,35,0.0,5.08,1,,,0.0,0.0
4640,Red,Michael Bisping,CB Dollaway,187.96,193.04,185,185.42,190.5,185,36,31,2.54,2.54,5,U-DEC,0.0,0.0,0.0
4641,Red,John Makdessi,Shane Campbell,182.88,180.34,155,172.72,172.72,155,29,28,10.16,7.62,1,KO/TKO,0.0,0.0,0.0
4643,Red,Patrick Cote,Joe Riggs,182.88,177.8,185,180.34,180.34,170,35,32,2.54,-2.54,3,U-DEC,0.0,1.0,0.0
4644,Red,Alexis Davis,Sarah Kaufman,165.1,170.18,135,167.64,172.72,125,30,29,-2.54,-2.54,1,SUB,1.0,1.0,0.0
4645,Red,Chad Laprise,Bryan Barberena,182.88,182.88,170,177.8,180.34,170,28,25,5.08,2.54,3,U-DEC,0.0,0.0,0.0
4646,Red,Olivier Aubin-Mercier,David Michaud,175.26,182.88,155,175.26,177.8,155,26,26,0.0,5.08,0,SUB,,0.0,
4647,Red,Nordine Taleb,Chris Clements,177.8,177.8,170,185.42,187.96,170,33,39,-7.62,-10.16,-6,U-DEC,1.0,1.0,1.0
4649,Red,Randa Markos,Aisling Daly,157.48,162.56,115,162.56,160.02,115,29,27,-5.08,2.54,2,U-DEC,1.0,0.0,0.0
4651,Red,Jacare Souza,Chris Camozzi,187.96,193.04,185,185.42,182.88,185,35,28,2.54,10.16,7,SUB,0.0,0.0,0.0
4655,Red,Ovince Saint Preux,Patrick Cummins,187.96,193.04,205,190.5,203.2,205,32,34,-2.54,-10.16,-2,KO/TKO,1.0,1.0,1.0
4659,Red,Diego Brandao,Jimy Hettes,175.26,180.34,145,170.18,172.72,145,27,27,5.08,7.62,0,KO/TKO,0.0,0.0,
4662,Red,Jimi Manuwa,Jan Blachowicz,187.96,198.12,205,185.42,200.66,205,35,32,2.54,-2.54,3,U-DEC,0.0,1.0,0.0
4663,Red,Pawel Pawlak,Sheldon Westcott,185.42,180.34,170,182.88,185.42,170,26,30,2.54,-5.08,-4,U-DEC,0.0,1.0,1.0
4666,Red,Bartosz Fabinski,Garreth McLellan,185.42,182.88,185,182.88,190.5,170,28,32,2.54,-7.62,-4,U-DEC,0.0,1.0,1.0
4667,Red,Sergio Moraes,Mickael Lebout,180.34,185.42,155,182.88,182.88,170,32,27,-2.54,2.54,5,U-DEC,1.0,0.0,0.0
4672,Red,Taylor Lapilus,Rocky Lee,175.26,172.72,145,167.64,185.42,135,23,28,7.62,-12.7,-5,U-DEC,0.0,1.0,1.0
4673,Red,Chad Mendes,Ricardo Lamas,172.72,180.34,145,167.64,167.64,145,29,32,5.08,12.7,-3,KO/TKO,0.0,0.0,1.0
4675,Red,Michael Chiesa,Mitch Clarke,177.8,185.42,155,185.42,190.5,170,27,29,-7.62,-5.08,-2,U-DEC,1.0,1.0,1.0
4676,Red,Julianna Pena,Milana Dudieva,160.02,154.94,135,167.64,175.26,135,25,25,-7.62,-20.32,0,KO/TKO,1.0,1.0,
4677,Red,Clay Guida,Robert Peralta,172.72,180.34,145,170.18,177.8,155,33,29,2.54,2.54,4,U-DEC,0.0,0.0,0.0
4678,Red,Dustin Poirier,Diego Ferreira,175.26,187.96,155,175.26,182.88,155,26,30,0.0,5.08,-4,KO/TKO,,0.0,1.0
4679,Red,Liz Carmouche,Lauren Murphy,170.18,170.18,125,167.64,167.64,125,31,31,2.54,2.54,0,U-DEC,0.0,0.0,
4682,Red,Ron Stallings,Justin Jones,180.34,198.12,185,187.96,190.5,170,32,27,-7.62,7.62,5,U-DEC,1.0,0.0,0.0
4683,Red,Demian Maia,Ryan LaFlare,185.42,187.96,170,185.42,182.88,170,37,31,0.0,5.08,6,U-DEC,,0.0,0.0
4684,Red,Erick Silva,Josh Koscheck,177.8,185.42,170,182.88,187.96,170,30,37,-5.08,-2.54,-7,SUB,1.0,1.0,1.0
4685,Red,Leonardo Santos,Anthony Rocco Martin,182.88,185.42,170,182.88,190.5,155,35,25,0.0,-5.08,10,SUB,,1.0,0.0
4686,Red,Amanda Nunes,Shayna Baszler,170.18,170.18,135,172.72,175.26,145,26,34,-2.54,-5.08,-8,KO/TKO,1.0,1.0,1.0
4687,Red,Gilbert Burns,Alex Oliveira,180.34,193.04,170,177.8,180.34,155,28,27,2.54,12.7,1,SUB,0.0,0.0,0.0
4688,Red,Godofredo Pepey,Andre Fili,180.34,187.96,145,170.18,185.42,145,27,24,10.16,2.54,3,SUB,0.0,0.0,0.0
4689,Red,Francisco Trinaldo,Akbarh Arreola,177.8,180.34,155,175.26,177.8,155,36,32,2.54,2.54,4,U-DEC,0.0,0.0,0.0
4690,Red,Kevin Souza,Katsunori Kikuno,172.72,167.64,145,182.88,187.96,145,30,33,-10.16,-20.32,-3,,1.0,1.0,1.0
4691,Red,Leonardo Mafra,Cain Carrizosa,172.72,187.96,155,177.8,177.8,155,25,28,-5.08,10.16,-3,U-DEC,1.0,0.0,1.0
4696,Red,Johny Hendricks,Matt Brown,182.88,190.5,170,175.26,175.26,185,31,34,7.62,15.24,-3,U-DEC,0.0,0.0,1.0
4699,Red,Ross Pearson,Sam Stout,175.26,177.8,155,172.72,175.26,155,30,30,2.54,2.54,0,KO/TKO,0.0,0.0,
4700,Red,Elias Theodorou,Roger Narvaez,190.5,200.66,185,185.42,190.5,185,26,31,5.08,10.16,-5,KO/TKO,0.0,0.0,1.0
4702,Red,Jared Rosholt,Josh Copeland,185.42,190.5,265,187.96,190.5,265,28,32,-2.54,0.0,-4,KO/TKO,1.0,,1.0
4706,Red,Ronda Rousey,Cat Zingano,167.64,172.72,145,170.18,172.72,135,28,32,-2.54,0.0,-4,SUB,1.0,,1.0
4708,Red,Jake Ellenberger,Josh Koscheck,177.8,185.42,170,175.26,180.34,170,29,37,2.54,5.08,-8,SUB,0.0,0.0,1.0
4709,Red,Alan Jouban,Richard Walsh,182.88,185.42,170,182.88,185.42,170,33,26,0.0,0.0,7,KO/TKO,,,0.0
4710,Red,Tony Ferguson,Gleison Tibau,177.8,180.34,155,180.34,193.04,155,31,31,-2.54,-12.7,0,SUB,1.0,1.0,
4713,Red,Derrick Lewis,Ruan Potts,187.96,190.5,247,190.5,200.66,260,30,37,-2.54,-10.16,-7,KO/TKO,1.0,1.0,1.0
4715,Red,Masio Fullen,Alex Torres,177.8,177.8,145,177.8,177.8,145,28,26,0.0,0.0,2,S-DEC,,,0.0
4721,Red,Santiago Ponzinibbio,Sean Strickland,185.42,193.04,170,182.88,185.42,170,28,23,2.54,7.62,5,U-DEC,0.0,0.0,0.0
4725,Red,Douglas Silva de Andrade,Cody Gibson,177.8,180.34,135,170.18,172.72,135,29,27,7.62,7.62,2,U-DEC,0.0,0.0,0.0
4726,Red,Ivan Jorge,Josh Shockley,185.42,187.96,155,175.26,185.42,155,34,25,10.16,2.54,9,U-DEC,0.0,0.0,0.0
4727,Red,Benson Henderson,Brandon Thatch,187.96,187.96,170,175.26,177.8,170,31,29,12.7,10.16,2,SUB,0.0,0.0,0.0
4728,Red,Max Holloway,Cole Miller,185.42,187.96,145,180.34,175.26,155,23,30,5.08,12.7,-7,U-DEC,0.0,0.0,1.0
4729,Red,Neil Magny,Kiichi Kunimoto,177.8,180.34,170,190.5,203.2,170,27,33,-12.7,-22.86,-6,SUB,1.0,1.0,1.0
4730,Red,Daniel Kelly,Patrick Walsh,180.34,180.34,185,182.88,177.8,185,37,26,-2.54,2.54,11,U-DEC,1.0,0.0,0.0
4732,Red,Ray Borg,Chris Kelades,170.18,172.72,125,162.56,160.02,135,21,33,7.62,12.7,-12,SUB,0.0,0.0,1.0
4733,Red,Efrain Escudero,Rodrigo de Lima,170.18,190.5,155,175.26,177.8,155,29,23,-5.08,12.7,6,U-DEC,1.0,0.0,0.0
4734,Red,Chas Skelly,Jim Alers,175.26,180.34,145,180.34,182.88,145,29,28,-5.08,-2.54,1,KO/TKO,1.0,1.0,0.0
4735,Red,Zach Makovsky,Tim Elliott,170.18,167.64,135,162.56,162.56,125,31,28,7.62,5.08,3,U-DEC,0.0,0.0,0.0
4736,Red,James Moontasri,Cody Pfister,177.8,185.42,155,177.8,180.34,170,26,24,0.0,5.08,2,SUB,,0.0,0.0
4737,Red,Tyron Woodley,Kelvin Gastelum,175.26,180.34,185,175.26,187.96,170,32,23,0.0,-7.62,9,S-DEC,,1.0,0.0
4739,Red,Thales Leites,Tim Boetsch,182.88,187.96,185,185.42,198.12,185,33,34,-2.54,-10.16,-1,SUB,1.0,1.0,1.0
4741,Red,Miesha Tate,Sara McMann,167.64,167.64,135,167.64,165.1,135,28,34,0.0,2.54,-6,M-DEC,,0.0,1.0
4744,Red,Rafael Natal,Tom Watson,185.42,185.42,185,182.88,193.04,185,32,32,2.54,-7.62,0,U-DEC,0.0,1.0,
4746,Red,Thiago Santos,Andy Enz,190.5,198.12,185,187.96,193.04,205,31,23,2.54,5.08,8,KO/TKO,0.0,0.0,0.0
4752,Red,Kenny Robertson,Sultan Aliev,180.34,187.96,170,177.8,187.96,170,30,30,2.54,0.0,0,KO/TKO,0.0,,
4754,Red,Nikita Krylov,Stanislav Nedkov,180.34,180.34,205,190.5,195.58,205,22,33,-10.16,-15.24,-11,SUB,1.0,1.0,1.0
4755,Red,Mairbek Taisumov,Anthony Christodoulou,175.26,182.88,155,175.26,185.42,155,26,27,0.0,-2.54,-1,KO/TKO,,1.0,1.0
4756,Red,Mirsad Bektic,Paul Redmond,177.8,177.8,145,172.72,177.8,145,23,28,5.08,0.0,-5,U-DEC,0.0,,1.0
4757,Red,Viktor Pesta,Konstantin Erokhin,180.34,185.42,230,190.5,195.58,240,24,31,-10.16,-10.16,-7,U-DEC,1.0,1.0,1.0
4758,Red,Neil Seery,Chris Beal,170.18,175.26,125,162.56,162.56,125,35,29,7.62,12.7,6,U-DEC,0.0,0.0,0.0
4759,Red,Conor McGregor,Dennis Siver,167.64,177.8,145,175.26,187.96,155,26,36,-7.62,-10.16,-10,KO/TKO,1.0,1.0,1.0
4760,Red,Donald Cerrone,Benson Henderson,175.26,177.8,170,185.42,185.42,155,31,31,-10.16,-7.62,0,U-DEC,1.0,1.0,
4761,Red,Uriah Hall,Ron Stallings,187.96,190.5,170,182.88,200.66,185,30,31,5.08,-10.16,-1,KO/TKO,0.0,1.0,1.0
4763,Red,Cathal Pendred,Sean Spencer,177.8,190.5,170,185.42,190.5,170,27,27,-7.62,0.0,0,U-DEC,1.0,,
4766,Red,Paddy Holohan,Shane Howell,172.72,175.26,125,177.8,175.26,125,26,31,-5.08,0.0,-5,U-DEC,1.0,,1.0
4767,Red,Johnny Case,Frankie Perez,180.34,185.42,155,177.8,182.88,155,25,25,2.54,2.54,0,KO/TKO,0.0,0.0,
4768,Red,Charles Rosa,Sean Soriano,175.26,177.8,145,175.26,175.26,145,28,25,0.0,2.54,3,SUB,,0.0,0.0
4771,Red,Jon Jones,Daniel Cormier,180.34,182.88,235,193.04,213.36,205,27,35,-12.7,-30.48,-8,U-DEC,1.0,1.0,1.0
4772,Red,Donald Cerrone,Myles Jury,177.8,185.42,145,185.42,185.42,155,31,26,-7.62,0.0,5,U-DEC,1.0,,0.0
4773,Red,Brad Tavares,Nate Marquardt,182.88,187.96,185,185.42,187.96,185,27,35,-2.54,0.0,-8,U-DEC,1.0,,1.0
4774,Red,Kyoji Horiguchi,Louis Gaudinot,160.02,160.02,125,165.1,167.64,125,24,30,-5.08,-7.62,-6,U-DEC,1.0,1.0,1.0
4777,Red,Shawn Jordan,Jared Cannonier,180.34,195.58,185,182.88,190.5,260,30,30,-2.54,5.08,0,KO/TKO,1.0,0.0,
4778,Red,Evan Dunham,Rodrigo Damm,170.18,180.34,155,177.8,177.8,155,33,34,-7.62,2.54,-1,U-DEC,1.0,0.0,1.0
4779,Red,Omari Akhmedov,Mats Nilsson,185.42,187.96,170,182.88,185.42,185,27,31,2.54,2.54,-4,U-DEC,0.0,0.0,1.0
4781,Red,Lyoto Machida,CB Dollaway,187.96,193.04,185,185.42,187.96,185,36,31,2.54,5.08,5,KO/TKO,0.0,0.0,0.0
4782,Red,Renan Barao,Mitch Gagnon,165.1,165.1,135,167.64,177.8,135,27,30,-2.54,-12.7,-3,SUB,1.0,1.0,1.0
4785,Red,Erick Silva,Mike Rhodes,185.42,187.96,170,182.88,187.96,170,30,25,2.54,0.0,5,SUB,0.0,,0.0
4786,Red,Daniel Sarafian,Antonio Dos Santos,177.8,182.88,185,175.26,185.42,185,32,26,2.54,-2.54,6,KO/TKO,0.0,1.0,0.0
4787,Red,Marcos Rogerio de Lima,Igor Pokrajac,182.88,193.04,205,185.42,190.5,253,29,35,-2.54,2.54,-6,KO/TKO,1.0,0.0,1.0
4790,Red,Leandro Issa,Ulka Sasaki,177.8,180.34,125,170.18,175.26,135,31,25,7.62,5.08,6,,0.0,0.0,0.0
4792,Red,Vitor Miranda,Jake Collier,190.5,198.12,205,185.42,195.58,185,35,26,5.08,2.54,9,KO/TKO,0.0,0.0,0.0
4793,Red,Junior Dos Santos,Stipe Miocic,193.04,203.2,240,193.04,195.58,238,30,32,0.0,7.62,-2,U-DEC,,0.0,1.0
4794,Red,Rafael Dos Anjos,Nate Diaz,182.88,193.04,170,172.72,177.8,170,30,29,10.16,15.24,1,U-DEC,0.0,0.0,0.0
4795,Red,Alistair Overeem,Stefan Struve,210.82,213.36,265,193.04,203.2,265,34,26,17.78,10.16,8,KO/TKO,0.0,0.0,0.0
4798,Red,John Moraga,Willie Gates,172.72,177.8,125,167.64,167.64,125,30,27,5.08,10.16,3,SUB,0.0,0.0,0.0
4802,Red,David Michaud,Garett Whiteley,182.88,182.88,155,175.26,182.88,155,26,33,7.62,0.0,-7,U-DEC,0.0,,1.0
4803,Red,Henry Cejudo,Dustin Kimura,170.18,180.34,135,162.56,162.56,135,27,25,7.62,17.78,2,U-DEC,0.0,0.0,0.0
4805,Red,Carla Esparza,Rose Namajunas,165.1,165.1,115,154.94,160.02,115,27,22,10.16,5.08,5,SUB,0.0,0.0,0.0
4808,Red,Jessica Penne,Randa Markos,162.56,160.02,115,165.1,170.18,115,31,29,-2.54,-10.16,2,S-DEC,1.0,1.0,0.0
4809,Red,Felice Herrig,Lisa Ellis,162.56,157.48,115,162.56,165.1,115,30,32,0.0,-7.62,-2,SUB,,1.0,1.0
4811,Red,Joanne Calderwood,Seohee Ham,157.48,157.48,115,167.64,165.1,125,28,27,-10.16,-7.62,1,,1.0,1.0,0.0
4812,Red,Tecia Torres,Angela Magana,154.94,165.1,115,154.94,152.4,115,25,31,0.0,12.7,-6,U-DEC,,0.0,1.0
4813,Red,Aisling Daly,Alex Chambers,160.02,160.02,115,157.48,162.56,115,26,36,2.54,-2.54,-10,SUB,0.0,1.0,1.0
4816,Red,Anthony Pettis,Gilbert Melendez,175.26,185.42,145,177.8,182.88,170,27,32,-2.54,2.54,-5,SUB,1.0,0.0,1.0
4817,Red,Travis Browne,Brendan Schaub,193.04,198.12,245,198.12,200.66,255,32,31,-5.08,-2.54,1,KO/TKO,1.0,1.0,0.0
4818,Red,Todd Duffee,Anthony Hamilton,195.58,193.04,260,190.5,200.66,260,28,34,5.08,-7.62,-6,KO/TKO,0.0,1.0,1.0
4819,Red,Tony Ferguson,Abel Trujillo,172.72,177.8,155,180.34,193.04,155,30,31,-7.62,-15.24,-1,SUB,1.0,1.0,1.0
4820,Red,Urijah Faber,Francisco Rivera,172.72,172.72,135,167.64,170.18,135,35,33,5.08,2.54,2,SUB,0.0,0.0,0.0
4822,Red,Corey Anderson,Justin Jones,180.34,198.12,185,190.5,200.66,205,25,27,-10.16,-2.54,-2,U-DEC,1.0,1.0,1.0
4823,Red,Raquel Pennington,Ashlee Evans-Smith,172.72,170.18,125,170.18,170.18,135,26,27,2.54,0.0,-1,SUB,0.0,,1.0
4824,Red,Sergio Pettis,Matt Hobar,177.8,177.8,135,167.64,175.26,135,21,27,10.16,2.54,-6,U-DEC,0.0,0.0,1.0
4826,Red,Frankie Edgar,Cub Swanson,172.72,177.8,145,167.64,172.72,145,33,31,5.08,5.08,2,SUB,0.0,0.0,0.0
4830,Red,Joseph Benavidez,Dustin Ortiz,165.1,165.1,125,162.56,165.1,125,30,25,2.54,0.0,5,U-DEC,0.0,,0.0
4831,Red,Matt Wiman,Isaac Vallie-Flagg,172.72,172.72,155,177.8,172.72,155,31,36,-5.08,0.0,-5,U-DEC,1.0,,1.0
4832,Red,Ruslan Magomedov,Josh Copeland,185.42,190.5,265,190.5,198.12,242,27,32,-5.08,-7.62,-5,U-DEC,1.0,1.0,1.0
4834,Red,James Vick,Nick Hein,167.64,167.64,155,190.5,193.04,155,27,30,-22.86,-25.4,-3,U-DEC,1.0,1.0,1.0
4836,Red,Paige VanZant,Kailin Curran,162.56,165.1,115,162.56,165.1,115,20,23,0.0,0.0,-3,KO/TKO,,,1.0
4838,Red,Fabricio Werdum,Mark Hunt,177.8,182.88,265,193.04,195.58,231,37,40,-15.24,-12.7,-3,KO/TKO,1.0,1.0,1.0
4840,Red,Ricardo Lamas,Dennis Bermudez,167.64,167.64,155,172.72,180.34,145,32,27,-5.08,-12.7,5,SUB,1.0,1.0,0.0
4841,Red,Augusto Montano,Chris Heatherly,175.26,172.72,155,185.42,185.42,170,30,26,-10.16,-12.7,4,KO/TKO,1.0,1.0,0.0
4843,Red,Yair Rodriguez,Leonardo Morales,172.72,172.72,135,180.34,180.34,145,22,21,-7.62,-7.62,1,U-DEC,1.0,1.0,0.0
4844,Red,Alejandro Perez,Jose Quinonez,172.72,175.26,135,167.64,170.18,135,25,24,5.08,5.08,1,U-DEC,0.0,0.0,0.0
4845,Red,Jessica Eye,Leslie Smith,175.26,167.64,135,167.64,167.64,125,28,32,7.62,0.0,-4,KO/TKO,0.0,,1.0
4846,Red,Gabriel Benitez,Humberto Brown,177.8,180.34,145,172.72,180.34,145,26,30,5.08,0.0,-4,,0.0,,1.0
4847,Red,Henry Briones,Guido Cannetti,167.64,172.72,135,172.72,175.26,135,34,34,-5.08,-2.54,0,SUB,1.0,1.0,
4848,Red,Marco Beltran,Marlon Vera,172.72,177.8,135,172.72,175.26,125,28,21,0.0,2.54,7,U-DEC,,0.0,0.0
4850,Red,Warlley Alves,Alan Jouban,182.88,185.42,170,180.34,182.88,170,23,32,2.54,2.54,-9,U-DEC,0.0,0.0,1.0
4851,Red,Claudio Silva,Leon Edwards,182.88,187.96,170,180.34,180.34,170,32,23,2.54,7.62,9,S-DEC,0.0,0.0,0.0
4852,Red,Dhiego Lima,Jorge de Oliveira,172.72,180.34,155,187.96,187.96,170,25,34,-15.24,-7.62,-9,U-DEC,1.0,1.0,1.0
4853,Red,Juliana Lima,Nina Ansaroff,165.1,162.56,115,165.1,165.1,115,32,28,0.0,-2.54,4,U-DEC,,1.0,0.0
4854,Red,Diego Rivas,Rodolfo Rubio,165.1,167.64,145,172.72,175.26,145,22,27,-7.62,-7.62,-5,,1.0,1.0,1.0
4855,Red,Caio Magalhaes,Trevor Smith,190.5,190.5,185,185.42,185.42,185,26,33,5.08,5.08,-7,KO/TKO,0.0,0.0,1.0
4856,Red,Leandro Silva,Charlie Brenneman,177.8,182.88,155,175.26,182.88,155,28,33,2.54,0.0,-5,SUB,0.0,,1.0
4857,Red,Thomas Almeida,Tim Gorman,165.1,172.72,135,170.18,177.8,135,23,31,-5.08,-5.08,-8,U-DEC,1.0,1.0,1.0
4859,Red,Luke Rockhold,Michael Bisping,185.42,190.5,185,190.5,195.58,185,30,35,-5.08,-5.08,-5,SUB,1.0,1.0,1.0
4861,Red,Robert Whittaker,Clint Hester,187.96,195.58,205,182.88,185.42,185,23,27,5.08,10.16,-4,KO/TKO,0.0,0.0,1.0
4862,Red,Soa Palelei,Walt Harris,195.58,195.58,250,193.04,205.74,265,37,31,2.54,-10.16,6,KO/TKO,0.0,1.0,0.0
4863,Red,Jake Matthews,Vagner Rocha,177.8,185.42,155,180.34,185.42,170,20,32,-2.54,0.0,-12,SUB,1.0,,1.0
4864,Red,Anthony Perosh,Guto Inocente,190.5,195.58,205,190.5,190.5,205,42,28,0.0,5.08,14,SUB,,0.0,0.0
4870,Red,Jose Aldo,Chad Mendes,167.64,167.64,145,170.18,177.8,145,28,29,-2.54,-10.16,-1,U-DEC,1.0,1.0,1.0
4872,Red,Fabio Maldonado,Hans Stringer,190.5,185.42,205,185.42,190.5,205,34,27,5.08,-5.08,7,KO/TKO,0.0,1.0,0.0
4873,Red,Darren Elkins,Lucas Martins,182.88,182.88,145,177.8,180.34,145,30,25,5.08,2.54,5,S-DEC,0.0,0.0,0.0
4876,Red,Yan Cabral,Naoyuki Kotani,172.72,167.64,155,180.34,185.42,155,31,32,-7.62,-17.78,-1,SUB,1.0,1.0,1.0
4879,Red,Gilbert Burns,Christos Giagos,177.8,180.34,155,177.8,180.34,155,28,24,0.0,0.0,4,SUB,,,0.0
4881,Red,Rory MacDonald,Tarec Saffiedine,177.8,177.8,170,182.88,193.04,170,25,28,-5.08,-15.24,-3,KO/TKO,1.0,1.0,1.0
4882,Red,Raphael Assuncao,Bryan Caraway,172.72,172.72,135,165.1,167.64,135,32,30,7.62,5.08,2,U-DEC,0.0,0.0,0.0
4883,Red,Chad Laprise,Yosdenis Cedeno,172.72,175.26,155,177.8,180.34,170,28,29,-5.08,-5.08,-1,U-DEC,1.0,1.0,1.0
4884,Red,Elias Theodorou,Bruno Santos,175.26,175.26,185,185.42,190.5,185,26,27,-10.16,-15.24,-1,U-DEC,1.0,1.0,1.0
4885,Red,Nordine Taleb,Li Jingliang,182.88,180.34,170,185.42,187.96,170,33,26,-2.54,-7.62,7,,1.0,1.0,0.0
4886,Red,Mitch Gagnon,Roman Salazar,170.18,170.18,135,165.1,165.1,135,29,26,5.08,5.08,3,SUB,0.0,0.0,0.0
4887,Red,Daron Cruickshank,Anthony Njokuani,185.42,190.5,155,172.72,182.88,155,29,34,12.7,7.62,-5,U-DEC,0.0,0.0,1.0
4888,Red,Olivier Aubin-Mercier,Jake Lindsey,180.34,180.34,155,175.26,177.8,155,25,28,5.08,2.54,-3,SUB,0.0,0.0,1.0
4891,Red,Albert Tumenov,Matt Dwyer,193.04,193.04,170,180.34,185.42,170,22,24,12.7,7.62,-2,KO/TKO,0.0,0.0,1.0
4896,Red,Magnus Cedenblad,Scott Askham,190.5,190.5,185,195.58,200.66,185,32,26,-5.08,-10.16,6,U-DEC,1.0,1.0,0.0
4897,Red,Nico Musoke,Alexander Yakovlev,190.5,187.96,155,182.88,190.5,170,28,30,7.62,-2.54,-2,,0.0,1.0,1.0
4898,Red,Dennis Siver,Charles Rosa,175.26,175.26,145,167.64,177.8,145,35,28,7.62,-2.54,7,U-DEC,0.0,1.0,0.0
4899,Red,Cathal Pendred,Gasan Umalatov,180.34,180.34,170,185.42,190.5,170,27,32,-5.08,-10.16,-5,S-DEC,1.0,1.0,1.0
4901,Red,Mairbek Taisumov,Marcin Bandel,177.8,177.8,155,175.26,185.42,155,26,24,2.54,-7.62,2,KO/TKO,0.0,1.0,0.0
4902,Red,Zubaira Tukhugov,Ernest Chavez,172.72,177.8,145,172.72,172.72,145,23,31,0.0,5.08,-8,KO/TKO,,0.0,1.0
4903,Red,Demetrious Johnson,Chris Cariaso,160.02,160.02,125,160.02,167.64,125,28,33,0.0,-7.62,-5,SUB,,1.0,1.0
4904,Red,Donald Cerrone,Eddie Alvarez,175.26,175.26,155,185.42,185.42,155,31,30,-10.16,-10.16,1,U-DEC,1.0,1.0,0.0
4907,Red,Cat Zingano,Amanda Nunes,172.72,175.26,145,167.64,172.72,145,32,26,5.08,2.54,6,KO/TKO,0.0,0.0,0.0
4908,Red,Dominick Cruz,Takeya Mizugaki,170.18,172.72,135,172.72,172.72,135,29,30,-2.54,0.0,-1,KO/TKO,1.0,,1.0
4909,Red,Jorge Masvidal,James Krause,187.96,185.42,170,180.34,187.96,170,29,28,7.62,-2.54,1,U-DEC,0.0,1.0,0.0
4913,Red,Manvel Gamburyan,Cody Gibson,177.8,180.34,135,165.1,170.18,135,33,27,12.7,10.16,6,SUB,0.0,0.0,0.0
4914,Red,Mark Hunt,Roy Nelson,182.88,182.88,263,177.8,182.88,265,40,38,5.08,0.0,2,KO/TKO,0.0,,0.0
4915,Red,Myles Jury,Takanori Gomi,170.18,177.8,155,177.8,185.42,145,25,35,-7.62,-7.62,-10,KO/TKO,1.0,1.0,1.0
4916,Red,Yoshihiro Akiyama,Amir Sadollah,177.8,187.96,170,177.8,185.42,170,39,34,0.0,2.54,5,U-DEC,,0.0,0.0
4917,Red,Miesha Tate,Rin Nakai,154.94,152.4,135,167.64,165.1,135,28,27,-12.7,-12.7,1,U-DEC,1.0,1.0,0.0
4918,Red,Kiichi Kunimoto,Richard Walsh,182.88,185.42,170,177.8,180.34,170,33,25,5.08,5.08,8,S-DEC,0.0,0.0,0.0
4919,Red,Kyoji Horiguchi,Jon Delos Reyes,167.64,170.18,125,165.1,167.64,125,23,27,2.54,2.54,-4,KO/TKO,0.0,0.0,1.0
4921,Red,Katsunori Kikuno,Sam Sicilia,172.72,170.18,145,172.72,167.64,145,32,28,0.0,2.54,4,SUB,,0.0,0.0
4922,Red,Hyun Gyu Lim,Takenori Sato,177.8,180.34,170,190.5,195.58,170,29,29,-12.7,-15.24,0,KO/TKO,1.0,1.0,
4925,Red,Maximo Blanco,Dan Hooker,182.88,190.5,155,172.72,180.34,145,30,24,10.16,10.16,6,U-DEC,0.0,0.0,0.0
4927,Red,Gleison Tibau,Piotr Hallmann,175.26,180.34,155,177.8,180.34,155,30,27,-2.54,0.0,3,S-DEC,1.0,,0.0
4928,Red,Leonardo Santos,Efrain Escudero,175.26,177.8,155,182.88,190.5,155,34,28,-7.62,-12.7,6,U-DEC,1.0,1.0,0.0
4929,Red,Santiago Ponzinibbio,Wendell Oliveira,177.8,182.88,170,182.88,185.42,170,27,31,-5.08,-2.54,-4,,1.0,1.0,1.0
4930,Red,Iuri Alcantara,Russell Doane,170.18,177.8,135,175.26,180.34,135,34,28,-5.08,-2.54,6,U-DEC,1.0,1.0,0.0
4931,Red,Jessica Andrade,Larissa Pacheco,170.18,175.26,135,154.94,157.48,115,22,20,15.24,17.78,2,SUB,0.0,0.0,0.0
4932,Red,Godofredo Pepey,Dashon Johnson,170.18,177.8,145,170.18,185.42,145,27,26,0.0,-7.62,1,SUB,,1.0,0.0
4934,Red,Francisco Trinaldo,Leandro Silva,175.26,182.88,155,175.26,177.8,155,36,28,0.0,5.08,8,U-DEC,,0.0,0.0
4936,Red,Rani Yahya,Johnny Bedford,177.8,180.34,135,167.64,170.18,135,30,31,10.16,10.16,-1,SUB,0.0,0.0,1.0
4937,Red,Jacare Souza,Gegard Mousasi,187.96,193.04,185,185.42,182.88,185,34,29,2.54,10.16,5,SUB,0.0,0.0,0.0
4939,Red,Matt Mitrione,Derrick Lewis,190.5,200.66,260,190.5,200.66,265,36,29,0.0,0.0,7,KO/TKO,,,0.0
4940,Red,Joe Lauzon,Michael Chiesa,185.42,190.5,170,177.8,180.34,155,30,26,7.62,10.16,4,KO/TKO,0.0,0.0,0.0
4941,Red,John Moraga,Justin Scoggins,170.18,167.64,125,167.64,167.64,125,30,22,2.54,0.0,8,SUB,0.0,,0.0
4942,Red,Al Iaquinta,Rodrigo Damm,170.18,180.34,155,177.8,177.8,155,27,34,-7.62,2.54,-7,KO/TKO,1.0,0.0,1.0
4943,Red,Rafael Natal,Chris Camozzi,187.96,193.04,185,182.88,193.04,185,31,27,5.08,0.0,4,S-DEC,0.0,,0.0
4944,Red,Chris Beal,Tateki Matsuda,170.18,165.1,125,170.18,175.26,125,29,28,0.0,-10.16,1,U-DEC,,1.0,0.0
4946,Red,TJ Dillashaw,Joe Soto,167.64,165.1,135,167.64,170.18,125,28,27,0.0,-5.08,1,KO/TKO,,1.0,0.0
4947,Red,Tony Ferguson,Danny Castillo,175.26,180.34,155,180.34,193.04,155,30,35,-5.08,-12.7,-5,S-DEC,1.0,1.0,1.0
4948,Red,Bethe Correia,Shayna Baszler,170.18,170.18,135,165.1,162.56,135,31,34,5.08,7.62,-3,KO/TKO,0.0,0.0,1.0
4950,Red,Yancy Medeiros,Damon Jackson,180.34,180.34,145,177.8,190.5,155,26,26,2.54,-10.16,0,SUB,0.0,1.0,
4953,Red,Chris Wade,Cain Carrizosa,172.72,187.96,155,177.8,177.8,155,26,28,-5.08,10.16,-2,SUB,1.0,0.0,1.0
4957,Red,Max Holloway,Clay Collard,180.34,185.42,145,180.34,175.26,155,22,21,0.0,10.16,1,KO/TKO,,0.0,0.0
4958,Red,James Vick,Valmir Lazaro,182.88,185.42,155,190.5,193.04,155,27,29,-7.62,-7.62,-2,U-DEC,1.0,1.0,1.0
4959,Red,Chas Skelly,Tom Niinimaki,175.26,175.26,145,180.34,182.88,145,29,32,-5.08,-7.62,-3,SUB,1.0,1.0,1.0
4960,Red,Neil Magny,Alex Garcia,175.26,182.88,170,190.5,203.2,170,27,27,-15.24,-20.32,0,U-DEC,1.0,1.0,
4961,Red,Beneil Dariush,Anthony Rocco Martin,182.88,185.42,170,177.8,182.88,155,25,24,5.08,2.54,1,SUB,0.0,0.0,0.0
4963,Red,Ben Saunders,Chris Heatherly,175.26,172.72,155,187.96,195.58,170,31,26,-12.7,-22.86,5,SUB,1.0,1.0,0.0
4964,Red,Wilson Reis,Joby Sanchez,167.64,172.72,135,162.56,165.1,125,29,23,5.08,7.62,6,U-DEC,0.0,0.0,0.0
4965,Red,Michael Bisping,Cung Le,175.26,175.26,185,185.42,190.5,185,35,42,-10.16,-15.24,-7,KO/TKO,1.0,1.0,1.0
4966,Red,Tyron Woodley,Dong Hyun Kim,187.96,193.04,170,175.26,187.96,170,32,32,12.7,5.08,0,KO/TKO,0.0,0.0,
4967,Red,Zhang Lipeng,Brendan O'Reilly,170.18,175.26,170,180.34,180.34,155,24,27,-10.16,-5.08,-3,,1.0,1.0,1.0
4968,Red,Ning Guangyou,Jianping Yang,170.18,165.1,145,162.56,162.56,145,32,25,7.62,2.54,7,,0.0,0.0,0.0
4969,Red,Sai Wang,Danny Mitchell,187.96,187.96,170,182.88,182.88,170,28,28,5.08,5.08,0,U-DEC,0.0,0.0,
4970,Red,Alberto Mina,Shinsho Anzai,170.18,177.8,170,182.88,195.58,170,32,28,-12.7,-17.78,4,KO/TKO,1.0,1.0,0.0
4975,Red,Ryan Bader,Ovince Saint Preux,190.5,203.2,205,187.96,187.96,205,31,31,2.54,15.24,0,U-DEC,0.0,0.0,
4977,Red,Tim Boetsch,Brad Tavares,185.42,187.96,185,182.88,187.96,185,33,26,2.54,0.0,7,KO/TKO,0.0,,0.0
4979,Red,Shawn Jordan,Jack May,203.2,200.66,255,182.88,190.5,260,29,33,20.32,10.16,-4,KO/TKO,0.0,0.0,1.0
4980,Red,Thiago Tavares,Robert Peralta,172.72,180.34,145,170.18,172.72,145,29,28,2.54,7.62,1,SUB,0.0,0.0,0.0
4981,Red,Jussier Formiga,Zach Makovsky,162.56,162.56,125,165.1,170.18,125,29,31,-2.54,-7.62,-2,U-DEC,1.0,1.0,1.0
4982,Red,Sara McMann,Lauren Murphy,170.18,170.18,125,167.64,167.64,135,33,31,2.54,2.54,2,S-DEC,0.0,0.0,0.0
4983,Red,Tom Watson,Sam Alvey,187.96,190.5,205,185.42,185.42,185,32,28,2.54,5.08,4,U-DEC,0.0,0.0,0.0
4985,Red,Robbie Lawler,Matt Brown,182.88,190.5,170,180.34,187.96,170,32,33,2.54,2.54,-1,U-DEC,0.0,0.0,1.0
4986,Red,Anthony Johnson,Rogerio Nogueira,187.96,190.5,205,187.96,198.12,205,30,38,0.0,-7.62,-8,KO/TKO,,1.0,1.0
4996,Red,Conor McGregor,Diego Brandao,170.18,172.72,145,175.26,187.96,155,26,27,-5.08,-15.24,-1,KO/TKO,1.0,1.0,1.0
4997,Red,Gunnar Nelson,Zak Cummings,182.88,190.5,185,180.34,182.88,170,25,29,2.54,7.62,-4,SUB,0.0,0.0,1.0
4999,Red,Norman Parke,Naoyuki Kotani,172.72,167.64,155,180.34,177.8,155,27,32,-7.62,-10.16,-5,KO/TKO,1.0,1.0,1.0
5000,Red,Ilir Latifi,Chris Dempsey,177.8,182.88,185,177.8,185.42,205,30,26,0.0,-2.54,4,KO/TKO,,1.0,0.0
5001,Red,Neil Seery,Phil Harris,162.56,162.56,125,162.56,162.56,125,34,30,0.0,0.0,4,U-DEC,,,0.0
5002,Red,Cathal Pendred,Mike King,190.5,190.5,185,185.42,190.5,170,26,30,5.08,0.0,-4,SUB,0.0,,1.0
5005,Red,Paddy Holohan,Joshua Sampo,162.56,162.56,125,177.8,175.26,125,26,29,-15.24,-12.7,-3,,1.0,1.0,1.0
5006,Red,Donald Cerrone,Jim Miller,172.72,180.34,155,185.42,185.42,155,31,30,-12.7,-5.08,1,KO/TKO,1.0,1.0,0.0
5007,Red,Edson Barboza,Evan Dunham,177.8,177.8,155,180.34,190.5,155,28,32,-2.54,-12.7,-4,KO/TKO,1.0,1.0,1.0
5008,Red,Rick Story,Leonardo Mafra,177.8,177.8,155,175.26,180.34,170,29,25,2.54,-2.54,4,SUB,0.0,1.0,0.0
5010,Red,John Lineker,Alptekin Ozkilic,165.1,165.1,125,160.02,170.18,135,24,28,5.08,-5.08,-4,KO/TKO,0.0,1.0,1.0
5011,Red,Lucas Martins,Alex White,182.88,180.34,155,182.88,182.88,145,25,25,0.0,-2.54,0,KO/TKO,,1.0,
5012,Red,Gleison Tibau,Pat Healy,182.88,187.96,155,177.8,180.34,155,30,30,5.08,7.62,0,U-DEC,0.0,0.0,
5015,Red,Yosdenis Cedeno,Jerrod Sanders,172.72,182.88,135,172.72,175.26,155,29,34,0.0,7.62,-5,KO/TKO,,0.0,1.0
5016,Red,Claudia Gadelha,Tina Lahdemaki,157.48,157.48,115,162.56,160.02,115,25,26,-5.08,-2.54,-1,U-DEC,1.0,1.0,1.0
5017,Red,Frankie Edgar,BJ Penn,175.26,177.8,155,167.64,172.72,145,32,35,7.62,5.08,-3,KO/TKO,0.0,0.0,1.0
5018,Red,Corey Anderson,Matt Van Buren,195.58,193.04,205,190.5,200.66,205,24,28,5.08,-7.62,-4,KO/TKO,0.0,1.0,1.0
5020,Red,Derrick Lewis,Guto Inocente,190.5,195.58,205,190.5,200.66,260,29,28,0.0,-5.08,1,KO/TKO,,1.0,0.0
5024,Red,Adriano Martins,Juan Puig,175.26,182.88,145,177.8,182.88,155,31,25,-2.54,0.0,6,,1.0,,0.0
5025,Red,Patrick Walsh,Daniel Spohn,193.04,200.66,205,180.34,180.34,185,25,29,12.7,20.32,-4,U-DEC,0.0,0.0,1.0
5026,Red,Sarah Moras,Alexis Dufresne,175.26,172.72,135,170.18,170.18,135,26,23,5.08,2.54,3,U-DEC,0.0,0.0,0.0
5027,Red,Chris Weidman,Lyoto Machida,185.42,187.96,185,187.96,198.12,185,30,36,-2.54,-10.16,-6,U-DEC,1.0,1.0,1.0
5028,Red,Ronda Rousey,Alexis Davis,167.64,172.72,125,170.18,172.72,135,27,29,-2.54,0.0,-2,KO/TKO,1.0,,1.0
5029,Red,Uriah Hall,Thiago Santos,187.96,193.04,205,182.88,200.66,185,29,30,5.08,-7.62,-1,U-DEC,0.0,1.0,1.0
5031,Red,Urijah Faber,Alex Caceres,177.8,185.42,145,167.64,170.18,135,35,26,10.16,15.24,9,SUB,0.0,0.0,0.0
5032,Red,Kenny Robertson,Ildemar Alcantara,187.96,198.12,185,177.8,187.96,170,30,31,10.16,10.16,-1,U-DEC,0.0,0.0,1.0
5035,Red,Luke Zachrich,Guilherme Vasconcelos,182.88,187.96,185,187.96,187.96,185,32,28,-5.08,0.0,4,U-DEC,1.0,,0.0
5036,Red,Cub Swanson,Jeremy Stephens,172.72,180.34,145,172.72,177.8,145,30,28,0.0,2.54,2,U-DEC,,0.0,0.0
5037,Red,Kelvin Gastelum,Nico Musoke,182.88,190.5,170,175.26,180.34,185,22,28,7.62,10.16,-6,,0.0,0.0,1.0
5038,Red,Cezar Ferreira,Andrew Craig,185.42,193.04,170,185.42,198.12,185,29,28,0.0,-5.08,1,U-DEC,,1.0,0.0
5039,Red,Ricardo Lamas,Hacran Dias,172.72,175.26,155,172.72,180.34,145,32,30,0.0,-5.08,2,U-DEC,,1.0,0.0
5040,Red,Clint Hester,Antonio Braga Neto,190.5,195.58,185,187.96,195.58,205,27,26,2.54,0.0,1,S-DEC,0.0,,0.0
5041,Red,Joe Ellenberger,James Moontasri,177.8,180.34,170,175.26,182.88,155,29,26,2.54,-2.54,3,S-DEC,0.0,1.0,0.0
5044,Red,Marcelo Guimaraes,Andy Enz,190.5,198.12,185,182.88,185.42,185,31,22,7.62,12.7,9,S-DEC,0.0,0.0,0.0
5045,Red,Ray Borg,Shane Howell,172.72,175.26,125,162.56,160.02,135,20,30,10.16,15.24,-10,SUB,0.0,0.0,1.0
5046,Red,Aleksei Oleinik,Anthony Hamilton,195.58,193.04,260,187.96,203.2,240,37,34,7.62,-10.16,3,SUB,0.0,1.0,0.0
5050,Red,Robert Whittaker,Mike Rhodes,185.42,187.96,170,182.88,185.42,185,23,24,2.54,2.54,-1,U-DEC,0.0,0.0,1.0
5051,Red,Jake Matthews,Dashon Johnson,170.18,177.8,145,180.34,185.42,170,19,26,-10.16,-7.62,-7,SUB,1.0,1.0,1.0
5052,Red,Richie Vaculik,Roldan Sangcha-an,162.56,165.1,125,167.64,175.26,125,31,23,-5.08,-10.16,8,,1.0,1.0,0.0
5054,Red,Neil Magny,Rodrigo de Lima,170.18,190.5,155,190.5,203.2,170,26,23,-20.32,-12.7,3,KO/TKO,1.0,1.0,0.0
5055,Red,Dan Hooker,Ian Entwistle,165.1,162.56,135,182.88,190.5,155,24,27,-17.78,-27.94,-3,KO/TKO,1.0,1.0,1.0
5056,Red,Gian Villante,Sean O'Connell,185.42,187.96,205,190.5,193.04,205,28,30,-5.08,-5.08,-2,S-DEC,1.0,1.0,1.0
5057,Red,Demetrious Johnson,Ali Bagautinov,162.56,165.1,125,160.02,167.64,125,27,29,2.54,-2.54,-2,U-DEC,0.0,1.0,1.0
5058,Red,Rory MacDonald,Tyron Woodley,175.26,187.96,170,182.88,193.04,170,24,32,-7.62,-5.08,-8,U-DEC,1.0,1.0,1.0
5059,Red,Ryan Bader,Rafael Feijao,185.42,185.42,205,187.96,187.96,205,31,34,-2.54,-2.54,-3,,1.0,1.0,1.0
5060,Red,Andrei Arlovski,Brendan Schaub,193.04,198.12,245,190.5,195.58,240,35,31,2.54,2.54,4,S-DEC,0.0,0.0,0.0
5061,Red,Ovince Saint Preux,Ryan Jimmo,185.42,185.42,205,190.5,203.2,205,31,32,-5.08,-17.78,-1,KO/TKO,1.0,1.0,1.0
5063,Red,Valerie Letourneau,Elizabeth Phillips,167.64,165.1,135,170.18,172.72,115,31,27,-2.54,-7.62,4,S-DEC,1.0,1.0,0.0
5064,Red,Yves Jabouin,Mike Easton,167.64,177.8,135,170.18,172.72,135,35,30,-2.54,5.08,5,U-DEC,1.0,0.0,0.0
5067,Red,Jason Saggo,Josh Shockley,185.42,187.96,155,180.34,180.34,155,28,24,5.08,7.62,4,KO/TKO,0.0,0.0,0.0
5068,Red,Benson Henderson,Rustam Khabilov,172.72,185.42,155,175.26,177.8,170,30,27,-2.54,7.62,3,SUB,1.0,0.0,0.0
5069,Red,Diego Sanchez,Ross Pearson,172.72,175.26,155,177.8,182.88,170,32,29,-5.08,-7.62,3,S-DEC,1.0,1.0,0.0
5070,Red,John Dodson,John Moraga,167.64,167.64,125,160.02,167.64,135,29,30,7.62,0.0,-1,KO/TKO,0.0,,1.0
5071,Red,Rafael Dos Anjos,Jason High,172.72,180.34,155,172.72,177.8,170,29,32,0.0,2.54,-3,KO/TKO,,0.0,1.0
5076,Red,Scott Jorgensen,Danny Martinez,167.64,170.18,125,165.1,167.64,135,31,28,2.54,2.54,3,U-DEC,0.0,0.0,0.0
5077,Red,Jon Tuck,Jake Lindsey,180.34,180.34,155,180.34,185.42,155,29,27,0.0,-5.08,2,KO/TKO,,1.0,0.0
5078,Red,Patrick Cummins,Roger Narvaez,190.5,200.66,185,187.96,193.04,205,33,30,2.54,7.62,3,KO/TKO,0.0,0.0,0.0
5079,Red,Stipe Miocic,Fabio Maldonado,185.42,190.5,205,193.04,203.2,240,31,34,-7.62,-12.7,-3,KO/TKO,1.0,1.0,1.0
5082,Red,Demian Maia,Alexander Yakovlev,190.5,187.96,155,185.42,182.88,170,36,29,5.08,5.08,7,U-DEC,0.0,0.0,0.0
5085,Red,Elias Silverio,Ernest Chavez,172.72,177.8,145,180.34,185.42,155,27,30,-7.62,-7.62,-3,SUB,1.0,1.0,1.0
5087,Red,Kevin Souza,Mark Eddiva,172.72,172.72,145,182.88,187.96,145,29,28,-10.16,-15.24,1,,1.0,1.0,0.0
5088,Red,Ricardo Abreu,Wagner Silva,182.88,180.34,170,180.34,185.42,185,30,27,2.54,-5.08,3,SUB,0.0,1.0,0.0
5089,Red,Marcos Rogerio de Lima,Richardson Moreira,187.96,182.88,185,185.42,190.5,253,28,30,2.54,-7.62,-2,KO/TKO,0.0,1.0,1.0
5090,Red,Pedro Munhoz,Matt Hobar,177.8,177.8,135,167.64,165.1,135,27,27,10.16,12.7,0,KO/TKO,0.0,0.0,
5095,Red,Nick Hein,Drew Dober,172.72,177.8,155,167.64,167.64,155,30,25,5.08,10.16,5,U-DEC,0.0,0.0,0.0
5096,Red,Magnus Cedenblad,Krzysztof Jotko,185.42,195.58,185,195.58,200.66,185,32,24,-10.16,-5.08,8,SUB,1.0,1.0,0.0
5098,Red,Peter Sobotta,Pawel Pawlak,182.88,185.42,170,182.88,190.5,170,27,25,0.0,-5.08,2,U-DEC,,1.0,0.0
5102,Red,Daniel Cormier,Dan Henderson,180.34,187.96,185,180.34,182.88,235,35,43,0.0,5.08,-8,SUB,,0.0,1.0
5103,Red,Robbie Lawler,Jake Ellenberger,175.26,180.34,170,180.34,187.96,170,32,29,-5.08,-7.62,3,KO/TKO,1.0,1.0,0.0
5104,Red,Takeya Mizugaki,Francisco Rivera,172.72,172.72,135,170.18,172.72,135,30,32,2.54,0.0,-2,U-DEC,0.0,,1.0
5106,Red,Michael Chiesa,Francisco Trinaldo,175.26,177.8,155,185.42,190.5,170,26,35,-10.16,-12.7,-9,U-DEC,1.0,1.0,1.0
5107,Red,Tony Ferguson,Katsunori Kikuno,172.72,167.64,145,180.34,193.04,155,30,32,-7.62,-25.4,-2,KO/TKO,1.0,1.0,1.0
5108,Red,Chris Holdsworth,Chico Camus,167.64,167.64,125,180.34,180.34,135,26,29,-12.7,-12.7,-3,U-DEC,1.0,1.0,1.0
5111,Red,Sam Sicilia,Aaron Phillips,175.26,177.8,135,172.72,170.18,145,28,24,2.54,7.62,4,U-DEC,0.0,0.0,0.0
5113,Red,Matt Brown,Erick Silva,182.88,187.96,170,182.88,190.5,170,33,29,0.0,-2.54,4,KO/TKO,,1.0,0.0
5114,Red,Costas Philippou,Lorenz Larkin,180.34,182.88,170,180.34,185.42,185,34,27,0.0,-2.54,7,,,1.0,0.0
5116,Red,Neil Magny,Tim Means,187.96,190.5,170,190.5,203.2,170,26,30,-2.54,-12.7,-4,U-DEC,1.0,1.0,1.0
5117,Red,Soa Palelei,Ruan Potts,187.96,190.5,247,193.04,205.74,265,36,36,-5.08,-15.24,0,KO/TKO,1.0,1.0,
5118,Red,Chris Cariaso,Louis Smolka,175.26,172.72,135,160.02,160.02,125,32,22,15.24,12.7,10,S-DEC,0.0,0.0,0.0
5119,Red,Ed Herman,Rafael Natal,182.88,193.04,185,185.42,195.58,205,33,31,-2.54,-2.54,2,U-DEC,1.0,1.0,0.0
5120,Red,Kyoji Horiguchi,Darrell Montague,167.64,170.18,125,165.1,167.64,125,23,26,2.54,2.54,-3,U-DEC,0.0,0.0,1.0
5124,Red,Justin Salas,Ben Wall,177.8,185.42,155,172.72,177.8,155,32,25,5.08,7.62,7,KO/TKO,0.0,0.0,0.0
5126,Red,Jon Jones,Glover Teixeira,187.96,193.04,205,193.04,213.36,205,26,34,-5.08,-20.32,-8,U-DEC,1.0,1.0,1.0
5128,Red,Luke Rockhold,Tim Boetsch,182.88,187.96,185,190.5,195.58,185,29,33,-7.62,-7.62,-4,SUB,1.0,1.0,1.0
5129,Red,Jim Miller,Yancy Medeiros,177.8,190.5,155,172.72,180.34,155,30,26,5.08,10.16,4,SUB,0.0,0.0,0.0
5130,Red,Max Holloway,Andre Fili,180.34,187.96,145,180.34,175.26,155,22,23,0.0,12.7,-1,SUB,,0.0,1.0
5131,Red,Joseph Benavidez,Tim Elliott,170.18,167.64,135,162.56,165.1,125,29,27,7.62,2.54,2,SUB,0.0,0.0,0.0
5132,Red,Takanori Gomi,Isaac Vallie-Flagg,172.72,172.72,155,170.18,177.8,155,35,36,2.54,-5.08,-1,U-DEC,0.0,1.0,1.0
5134,Red,Danny Castillo,Charlie Brenneman,177.8,182.88,155,175.26,180.34,155,34,33,2.54,2.54,1,KO/TKO,0.0,0.0,0.0
5135,Red,Chris Beal,Patrick Williams,172.72,185.42,135,170.18,175.26,125,28,32,2.54,10.16,-4,KO/TKO,0.0,0.0,1.0
5136,Red,Fabricio Werdum,Travis Browne,198.12,200.66,255,193.04,195.58,231,36,31,5.08,5.08,5,U-DEC,0.0,0.0,0.0
5137,Red,Miesha Tate,Liz Carmouche,167.64,167.64,125,167.64,165.1,135,27,30,0.0,2.54,-3,U-DEC,,0.0,1.0
5138,Red,Donald Cerrone,Edson Barboza,180.34,190.5,155,185.42,185.42,155,31,28,-5.08,5.08,3,SUB,1.0,0.0,0.0
5141,Red,Thiago Alves,Seth Baczynski,190.5,187.96,170,175.26,177.8,170,30,32,15.24,10.16,-2,U-DEC,0.0,0.0,1.0
5142,Red,Jorge Masvidal,Pat Healy,182.88,187.96,155,180.34,187.96,170,29,30,2.54,0.0,-1,U-DEC,0.0,,1.0
5144,Red,Caio Magalhaes,Luke Zachrich,187.96,187.96,185,185.42,185.42,185,26,32,2.54,2.54,-6,KO/TKO,0.0,0.0,1.0
5145,Red,Jordan Mein,Hernani Perpetuo,182.88,187.96,170,182.88,185.42,170,24,28,0.0,2.54,-4,S-DEC,,0.0,1.0
5146,Red,Dustin Ortiz,Ray Borg,162.56,160.02,135,165.1,165.1,125,25,20,-2.54,-5.08,5,S-DEC,1.0,1.0,0.0
5147,Red,Mirsad Bektic,Chas Skelly,180.34,182.88,145,172.72,177.8,145,23,28,7.62,5.08,-5,M-DEC,0.0,0.0,1.0
5148,Red,Derrick Lewis,Jack May,203.2,200.66,255,190.5,200.66,260,29,33,12.7,0.0,-4,KO/TKO,0.0,,1.0
5150,Red,Patrick Cote,Kyle Noke,185.42,193.04,170,180.34,180.34,170,34,34,5.08,12.7,0,U-DEC,0.0,0.0,
5152,Red,Chad Laprise,Olivier Aubin-Mercier,175.26,177.8,155,177.8,180.34,170,27,25,-2.54,-2.54,2,S-DEC,1.0,1.0,0.0
5153,Red,Dustin Poirier,Akira Corassani,172.72,172.72,145,175.26,182.88,155,25,31,-2.54,-10.16,-6,KO/TKO,1.0,1.0,1.0
5155,Red,Sarah Kaufman,Leslie Smith,175.26,167.64,135,165.1,170.18,135,28,31,10.16,-2.54,-3,U-DEC,0.0,1.0,1.0
5156,Red,Ryan Jimmo,Sean O'Connell,185.42,187.96,205,185.42,185.42,205,32,30,0.0,2.54,2,KO/TKO,,0.0,0.0
5157,Red,George Roop,Dustin Kimura,170.18,180.34,135,185.42,182.88,135,32,24,-15.24,-2.54,8,U-DEC,1.0,1.0,0.0
5158,Red,Mark Bocek,Mike de la Torre,180.34,180.34,145,172.72,190.5,155,32,27,7.62,-10.16,5,S-DEC,0.0,1.0,0.0
5159,Red,Nordine Taleb,Vik Grujic,180.34,185.42,170,185.42,187.96,170,32,37,-5.08,-2.54,-5,U-DEC,1.0,1.0,1.0
5160,Red,Richard Walsh,Chris Indich,177.8,185.42,170,182.88,185.42,170,25,26,-5.08,0.0,-1,U-DEC,1.0,,1.0
5161,Red,Mitch Gagnon,Tim Gorman,165.1,172.72,135,165.1,165.1,135,29,30,0.0,7.62,-1,U-DEC,,0.0,1.0
5163,Red,Clay Guida,Tatsuya Kawajiri,170.18,175.26,145,170.18,177.8,155,32,35,0.0,-2.54,-3,U-DEC,,1.0,1.0
5165,Red,Ramsey Nijem,Beneil Dariush,177.8,182.88,155,180.34,190.5,155,26,24,-2.54,-7.62,2,KO/TKO,1.0,1.0,0.0
5166,Red,Jared Rosholt,Daniel Omielanczuk,182.88,187.96,247,187.96,190.5,265,27,31,-5.08,-2.54,-4,U-DEC,1.0,1.0,1.0
5167,Red,Thales Leites,Trevor Smith,190.5,190.5,185,185.42,198.12,185,32,33,5.08,-7.62,-1,KO/TKO,0.0,1.0,1.0
5171,Red,Fabio Maldonado,Gian Villante,190.5,193.04,205,185.42,190.5,205,34,28,5.08,2.54,6,U-DEC,0.0,0.0,0.0
5172,Red,Michel Prazeres,Mairbek Taisumov,175.26,185.42,155,167.64,170.18,170,32,25,7.62,15.24,7,U-DEC,0.0,0.0,0.0
5173,Red,Rony Jason,Steven Siler,180.34,177.8,145,170.18,177.8,145,30,27,10.16,0.0,3,KO/TKO,0.0,,0.0
5175,Red,Jussier Formiga,Scott Jorgensen,165.1,167.64,135,165.1,170.18,125,28,31,0.0,-2.54,-3,SUB,,1.0,1.0
5178,Red,Godofredo Pepey,Noad Lahat,175.26,175.26,145,170.18,185.42,145,26,29,5.08,-10.16,-3,KO/TKO,0.0,1.0,1.0
5179,Red,Johny Hendricks,Robbie Lawler,180.34,187.96,170,175.26,175.26,185,30,31,5.08,12.7,-1,U-DEC,0.0,0.0,1.0
5183,Red,Ovince Saint Preux,Nikita Krylov,190.5,195.58,205,190.5,203.2,205,30,22,0.0,-7.62,8,SUB,,1.0,0.0
5184,Red,Kelvin Gastelum,Rick Story,175.26,180.34,170,175.26,180.34,185,22,29,0.0,0.0,-7,S-DEC,,,1.0
5186,Red,Dennis Bermudez,Jimy Hettes,175.26,180.34,145,167.64,167.64,155,27,26,7.62,12.7,1,KO/TKO,0.0,0.0,0.0
5192,Red,Alexander Gustafsson,Jimi Manuwa,185.42,200.66,205,195.58,200.66,205,27,34,-10.16,0.0,-7,KO/TKO,1.0,,1.0
5193,Red,Michael Johnson,Melvin Guillard,175.26,172.72,155,177.8,185.42,145,27,30,-2.54,-12.7,-3,U-DEC,1.0,1.0,1.0
5194,Red,Brad Pickett,Neil Seery,162.56,162.56,125,167.64,172.72,135,35,34,-5.08,-10.16,1,U-DEC,1.0,1.0,0.0
5195,Red,Gunnar Nelson,Omari Akhmedov,182.88,185.42,185,180.34,182.88,170,25,26,2.54,2.54,-1,SUB,0.0,0.0,1.0
5197,Red,Luke Barnatt,Mats Nilsson,185.42,187.96,170,198.12,195.58,185,25,30,-12.7,-7.62,-5,KO/TKO,1.0,1.0,1.0
5199,Red,Igor Araujo,Danny Mitchell,187.96,187.96,170,185.42,195.58,170,33,27,2.54,-7.62,6,U-DEC,0.0,1.0,0.0
5200,Red,Dong Hyun Kim,John Hathaway,185.42,190.5,170,187.96,193.04,170,32,26,-2.54,-2.54,6,KO/TKO,1.0,1.0,0.0
5202,Red,Matt Mitrione,Shawn Jordan,182.88,190.5,260,190.5,200.66,265,35,29,-7.62,-10.16,6,KO/TKO,1.0,1.0,0.0
5203,Red,Hatsu Hioki,Ivan Menjivar,167.64,162.56,145,180.34,177.8,145,30,31,-12.7,-15.24,-1,U-DEC,1.0,1.0,1.0
5208,Red,Ronda Rousey,Sara McMann,167.64,167.64,135,170.18,172.72,135,27,33,-2.54,-5.08,-6,KO/TKO,1.0,1.0,1.0
5209,Red,Daniel Cormier,Patrick Cummins,187.96,193.04,205,180.34,182.88,235,34,33,7.62,10.16,1,KO/TKO,0.0,0.0,0.0
5210,Red,Rory MacDonald,Demian Maia,185.42,182.88,170,182.88,193.04,170,24,36,2.54,-10.16,-12,U-DEC,0.0,1.0,1.0
5211,Red,Mike Pyle,TJ Waldburger,180.34,190.5,170,182.88,187.96,170,38,25,-2.54,2.54,13,KO/TKO,1.0,0.0,0.0
5213,Red,Alexis Davis,Jessica Eye,167.64,167.64,125,167.64,172.72,125,29,27,0.0,-5.08,2,S-DEC,,1.0,0.0
5214,Red,Raphael Assuncao,Pedro Munhoz,167.64,165.1,135,165.1,167.64,135,31,27,2.54,-2.54,4,U-DEC,0.0,1.0,0.0
5216,Red,Zach Makovsky,Joshua Sampo,162.56,162.56,125,162.56,162.56,125,30,29,0.0,0.0,1,,,,0.0
5218,Red,Ernest Chavez,Yosdenis Cedeno,172.72,175.26,155,172.72,177.8,145,30,29,0.0,-2.54,1,S-DEC,,1.0,0.0
5219,Red,Lyoto Machida,Gegard Mousasi,187.96,193.04,185,185.42,187.96,185,35,28,2.54,5.08,7,U-DEC,0.0,0.0,0.0
5220,Red,Jacare Souza,Francis Carmont,190.5,198.12,205,185.42,182.88,185,34,32,5.08,15.24,2,U-DEC,0.0,0.0,0.0
5221,Red,Erick Silva,Takenori Sato,177.8,180.34,170,182.88,187.96,170,29,28,-5.08,-7.62,1,KO/TKO,1.0,1.0,0.0
5223,Red,Charles Oliveira,Andy Ogle,172.72,175.26,145,177.8,187.96,155,24,24,-5.08,-12.7,0,SUB,1.0,1.0,
5225,Red,Rodrigo Damm,Ivan Jorge,175.26,185.42,155,170.18,180.34,155,34,33,5.08,5.08,1,U-DEC,0.0,0.0,0.0
5226,Red,Francisco Trinaldo,Jesse Ronson,177.8,182.88,155,175.26,177.8,155,35,28,2.54,5.08,7,S-DEC,0.0,0.0,0.0
5227,Red,Iuri Alcantara,Wilson Reis,162.56,165.1,125,175.26,180.34,135,33,29,-12.7,-15.24,4,S-DEC,1.0,1.0,0.0
5228,Red,Felipe Arantes,Maximo Blanco,172.72,180.34,145,172.72,185.42,135,26,30,0.0,-5.08,-4,U-DEC,,1.0,1.0
5229,Red,Ildemar Alcantara,Albert Tumenov,180.34,185.42,170,187.96,198.12,185,31,22,-7.62,-12.7,9,S-DEC,1.0,1.0,0.0
5231,Red,Renan Barao,Urijah Faber,167.64,170.18,135,167.64,177.8,135,27,34,0.0,-7.62,-7,KO/TKO,,1.0,1.0
5232,Red,Jose Aldo,Ricardo Lamas,172.72,180.34,145,170.18,177.8,145,27,31,2.54,2.54,-4,U-DEC,0.0,0.0,1.0
5237,Red,Chris Cariaso,Danny Martinez,167.64,170.18,125,160.02,160.02,125,32,28,7.62,10.16,4,U-DEC,0.0,0.0,0.0
5238,Red,Nick Catone,Tom Watson,185.42,185.42,185,182.88,182.88,185,32,31,2.54,2.54,1,S-DEC,0.0,0.0,0.0
5239,Red,Al Iaquinta,Kevin Lee,175.26,195.58,170,177.8,177.8,155,26,21,-2.54,17.78,5,U-DEC,1.0,0.0,0.0
5240,Red,Clint Hester,Andy Enz,190.5,198.12,185,187.96,195.58,205,27,22,2.54,2.54,5,U-DEC,0.0,0.0,0.0
5242,Red,Neil Magny,Gasan Umalatov,180.34,180.34,170,190.5,203.2,170,26,31,-10.16,-22.86,-5,U-DEC,1.0,1.0,1.0
5243,Red,Benson Henderson,Josh Thomson,177.8,180.34,155,175.26,177.8,170,30,35,2.54,2.54,-5,S-DEC,0.0,0.0,1.0
5244,Red,Stipe Miocic,Gabriel Gonzaga,187.96,193.04,242,193.04,203.2,240,31,34,-5.08,-10.16,-3,U-DEC,1.0,1.0,1.0
5245,Red,Donald Cerrone,Adriano Martins,177.8,182.88,155,185.42,185.42,155,30,31,-7.62,-2.54,-1,KO/TKO,1.0,1.0,1.0
5247,Red,Alex Caceres,Sergio Pettis,167.64,175.26,135,177.8,185.42,145,25,20,-10.16,-10.16,5,SUB,1.0,1.0,0.0
5248,Red,Eddie Wineland,Yves Jabouin,170.18,172.72,135,170.18,175.26,135,29,34,0.0,-2.54,-5,KO/TKO,,1.0,1.0
5250,Red,Daron Cruickshank,Mike Rio,177.8,180.34,155,172.72,182.88,155,28,32,5.08,-2.54,-4,KO/TKO,0.0,1.0,1.0
5251,Red,George Sullivan,Mike Rhodes,185.42,187.96,170,182.88,185.42,170,32,24,2.54,2.54,8,U-DEC,0.0,0.0,0.0
5253,Red,Luke Rockhold,Costas Philippou,180.34,185.42,185,190.5,195.58,185,29,34,-10.16,-10.16,-5,,1.0,1.0,1.0
5255,Red,TJ Dillashaw,Mike Easton,167.64,177.8,135,167.64,170.18,125,27,29,0.0,7.62,-2,U-DEC,,0.0,1.0
5256,Red,Yoel Romero,Derek Brunson,185.42,195.58,185,182.88,185.42,185,36,30,2.54,10.16,6,KO/TKO,0.0,0.0,0.0
5257,Red,John Moraga,Dustin Ortiz,165.1,165.1,125,167.64,167.64,125,29,25,-2.54,-2.54,4,S-DEC,1.0,1.0,0.0
5258,Red,Cole Miller,Sam Sicilia,172.72,170.18,145,185.42,187.96,145,29,27,-12.7,-17.78,2,SUB,1.0,1.0,0.0
5259,Red,Ramsey Nijem,Justin Edwards,177.8,177.8,155,180.34,190.5,155,25,30,-2.54,-12.7,-5,U-DEC,1.0,1.0,1.0
5261,Red,Trevor Smith,Brian Houston,187.96,198.12,185,190.5,190.5,185,33,32,-2.54,7.62,1,S-DEC,1.0,0.0,0.0
5263,Red,Vinc Pichel,Garett Whiteley,182.88,182.88,155,177.8,182.88,155,31,33,5.08,0.0,-2,U-DEC,0.0,,1.0
5265,Red,Tarec Saffiedine,Hyun Gyu Lim,190.5,195.58,170,177.8,177.8,170,27,28,12.7,17.78,-1,U-DEC,0.0,0.0,1.0
5266,Red,Tatsuya Kawajiri,Sean Soriano,175.26,177.8,145,170.18,175.26,145,35,24,5.08,2.54,11,SUB,0.0,0.0,0.0
5267,Red,Kiichi Kunimoto,Luiz Dutra,180.34,180.34,170,177.8,180.34,170,32,31,2.54,0.0,1,DQ,0.0,,0.0
5268,Red,Kyung Ho Kang,Shunichi Shimizu,165.1,167.64,135,175.26,185.42,135,26,28,-10.16,-17.78,-2,SUB,1.0,1.0,1.0
5269,Red,Max Holloway,Will Chope,193.04,193.04,145,180.34,175.26,155,22,23,12.7,17.78,-1,KO/TKO,0.0,0.0,1.0
5270,Red,Katsunori Kikuno,Quinn Mulhern,190.5,193.04,155,172.72,167.64,145,32,29,17.78,25.4,3,U-DEC,0.0,0.0,0.0
5271,Red,Royston Wee,Dave Galera,180.34,183.0,135,170.18,170.18,135,27,35,10.16,12.82,-8,U-DEC,0.0,0.0,1.0
5272,Red,Mairbek Taisumov,Tae Hyun Bang,175.26,180.34,155,175.26,185.42,155,25,30,0.0,-5.08,-5,U-DEC,,1.0,1.0
5273,Red,Dustin Kimura,Jon Delos Reyes,167.64,170.18,125,170.18,180.34,135,24,26,-2.54,-10.16,-2,SUB,1.0,1.0,1.0
5275,Red,Chris Weidman,Anderson Silva,187.96,195.58,185,187.96,198.12,185,29,38,0.0,-2.54,-9,KO/TKO,,1.0,1.0
5276,Red,Ronda Rousey,Miesha Tate,167.64,165.1,135,170.18,172.72,135,26,27,-2.54,-7.62,-1,SUB,1.0,1.0,1.0
5278,Red,Jim Miller,Fabricio Camoes,177.8,185.42,155,172.72,180.34,155,30,35,5.08,5.08,-5,SUB,0.0,0.0,1.0
5279,Red,Dustin Poirier,Diego Brandao,170.18,172.72,145,175.26,182.88,155,24,26,-5.08,-10.16,-2,KO/TKO,1.0,1.0,1.0
5282,Red,John Howard,Siyar Bahadurzada,180.34,185.42,170,170.18,180.34,170,30,29,10.16,5.08,1,U-DEC,0.0,0.0,0.0
5283,Red,William Patolino,Bobby Voelker,182.88,190.5,170,180.34,190.5,170,22,34,2.54,0.0,-12,,0.0,,1.0
5284,Red,Robert Peralta,Estevan Payan,177.8,182.88,145,172.72,180.34,145,27,31,5.08,2.54,-4,KO/TKO,0.0,0.0,1.0
5285,Red,Demetrious Johnson,Joseph Benavidez,162.56,165.1,125,160.02,167.64,125,27,29,2.54,-2.54,-2,KO/TKO,0.0,1.0,1.0
5286,Red,Urijah Faber,Michael McDonald,175.26,177.8,135,167.64,170.18,135,34,22,7.62,7.62,12,SUB,0.0,0.0,0.0
5287,Red,Chad Mendes,Nik Lentz,172.72,172.72,155,167.64,167.64,145,28,29,5.08,5.08,-1,U-DEC,0.0,0.0,1.0
5288,Red,Joe Lauzon,Mac Danzig,172.72,177.8,155,177.8,180.34,155,29,33,-5.08,-2.54,-4,U-DEC,1.0,1.0,1.0
5291,Red,Bobby Green,Pat Healy,182.88,187.96,155,177.8,180.34,155,27,30,5.08,7.62,-3,U-DEC,0.0,0.0,1.0
5293,Red,Sam Stout,Cody McKenzie,182.88,182.88,155,175.26,177.8,155,29,25,7.62,5.08,4,U-DEC,0.0,0.0,0.0
5294,Red,Abel Trujillo,Roger Bowling,175.26,172.72,155,172.72,177.8,155,30,31,2.54,-5.08,-1,KO/TKO,0.0,1.0,1.0
5296,Red,Mauricio Rua,James Te Huna,187.96,190.5,185,185.42,193.04,205,32,32,2.54,-2.54,0,KO/TKO,0.0,1.0,
5297,Red,Ryan Bader,Anthony Perosh,190.5,190.5,205,187.96,187.96,205,30,41,2.54,2.54,-11,U-DEC,0.0,0.0,1.0
5301,Red,Takeya Mizugaki,Nam Phan,167.64,177.8,135,170.18,172.72,135,29,30,-2.54,5.08,-1,U-DEC,1.0,0.0,1.0
5307,Red,Julianna Pena,Jessica Rakoczy,170.18,172.72,115,167.64,175.26,135,24,36,2.54,-2.54,-12,KO/TKO,0.0,1.0,1.0
5308,Red,Chris Holdsworth,Davey Grant,172.72,175.26,135,180.34,180.34,135,26,27,-7.62,-5.08,-1,SUB,1.0,1.0,1.0
5309,Red,Jessamyn Duke,Peggy Morgan,185.42,177.8,135,180.34,185.42,135,27,33,5.08,-7.62,-6,U-DEC,0.0,1.0,1.0
5311,Red,Akira Corassani,Maximo Blanco,172.72,180.34,145,172.72,172.72,145,31,30,0.0,7.62,1,DQ,,0.0,0.0
5313,Red,Jared Rosholt,Walt Harris,195.58,195.58,250,187.96,190.5,265,27,30,7.62,5.08,-3,U-DEC,0.0,0.0,1.0
5314,Red,Sean Spencer,Drew Dober,172.72,177.8,155,177.8,190.5,170,26,25,-5.08,-12.7,1,U-DEC,1.0,1.0,0.0
5315,Red,Joshua Sampo,Ryan Benoit,165.1,172.72,125,162.56,162.56,125,29,24,2.54,10.16,5,,0.0,0.0,0.0
5316,Red,Georges St-Pierre,Johny Hendricks,175.26,175.26,185,180.34,193.04,185,32,30,-5.08,-17.78,2,S-DEC,1.0,1.0,0.0
5317,Red,Rashad Evans,Chael Sonnen,185.42,187.96,205,182.88,190.5,205,34,36,2.54,-2.54,-2,KO/TKO,0.0,1.0,1.0
5321,Red,Donald Cerrone,Evan Dunham,177.8,177.8,155,185.42,185.42,155,30,31,-7.62,-7.62,-1,SUB,1.0,1.0,1.0
5324,Red,Erik Perez,Edwin Figueroa,170.18,175.26,135,172.72,172.72,135,23,29,-2.54,2.54,-6,U-DEC,1.0,0.0,1.0
5325,Red,Jason High,Anthony Lapsley,175.26,180.34,170,172.72,180.34,155,32,33,2.54,0.0,-1,U-DEC,0.0,,1.0
5328,Red,Vitor Belfort,Dan Henderson,180.34,187.96,185,182.88,187.96,185,36,43,-2.54,0.0,-7,KO/TKO,1.0,,1.0
5329,Red,Cezar Ferreira,Daniel Sarafian,175.26,185.42,185,185.42,198.12,185,28,31,-10.16,-12.7,-3,S-DEC,1.0,1.0,1.0
5330,Red,Rafael Feijao,Igor Pokrajac,182.88,193.04,205,185.42,185.42,205,33,34,-2.54,7.62,-1,,1.0,0.0,1.0
5336,Red,Thiago Tavares,Justin Salas,172.72,177.8,155,170.18,172.72,145,29,31,2.54,5.08,-2,SUB,0.0,0.0,1.0
5337,Red,Adriano Martins,Daron Cruickshank,172.72,182.88,155,177.8,182.88,155,30,28,-5.08,0.0,2,SUB,1.0,,0.0
5339,Red,Tim Kennedy,Rafael Natal,182.88,193.04,185,180.34,187.96,185,34,30,2.54,5.08,4,KO/TKO,0.0,0.0,0.0
5344,Red,Bobby Green,James Krause,187.96,185.42,170,177.8,180.34,155,27,27,10.16,5.08,0,KO/TKO,0.0,0.0,
5346,Red,Dennis Bermudez,Steven Siler,180.34,177.8,145,167.64,167.64,155,26,26,12.7,10.16,0,U-DEC,0.0,0.0,
5347,Red,Amanda Nunes,Germaine de Randamie,175.26,180.34,135,172.72,175.26,145,25,29,2.54,5.08,-4,KO/TKO,0.0,0.0,1.0
5350,Red,Derek Brunson,Brian Houston,187.96,198.12,185,185.42,195.58,185,29,32,2.54,2.54,-3,SUB,0.0,0.0,1.0
5351,Red,Lyoto Machida,Mark Munoz,182.88,182.88,185,185.42,187.96,185,35,35,-2.54,-5.08,0,KO/TKO,1.0,1.0,
5352,Red,Jimi Manuwa,Ryan Jimmo,185.42,185.42,205,185.42,200.66,205,33,31,0.0,-15.24,2,KO/TKO,,1.0,0.0
5353,Red,Norman Parke,Jon Tuck,180.34,185.42,155,180.34,177.8,155,26,29,0.0,7.62,-3,U-DEC,,0.0,1.0
5356,Red,Al Iaquinta,Piotr Hallmann,175.26,180.34,155,177.8,177.8,155,26,26,-2.54,2.54,0,U-DEC,1.0,0.0,
5357,Red,Luke Barnatt,Andrew Craig,185.42,193.04,170,198.12,195.58,185,25,27,-12.7,-2.54,-2,SUB,1.0,1.0,1.0
5360,Red,Jimy Hettes,Rob Whiteford,175.26,175.26,145,175.26,180.34,145,26,30,0.0,-5.08,-4,,,1.0,1.0
5361,Red,Bradley Scott,Michael Kuiper,182.88,185.42,185,185.42,193.04,170,24,24,-2.54,-7.62,0,,1.0,1.0,
5362,Red,Cain Velasquez,Junior Dos Santos,193.04,195.58,238,185.42,195.58,240,31,29,7.62,0.0,2,KO/TKO,0.0,,0.0
5363,Red,Daniel Cormier,Roy Nelson,182.88,182.88,263,180.34,182.88,235,34,37,2.54,0.0,-3,U-DEC,0.0,,1.0
5364,Red,Gilbert Melendez,Diego Sanchez,177.8,182.88,170,175.26,185.42,145,31,31,2.54,-2.54,0,U-DEC,0.0,1.0,
5365,Red,Gabriel Gonzaga,Shawn Jordan,182.88,190.5,260,187.96,193.04,242,34,28,-5.08,-2.54,6,KO/TKO,1.0,1.0,0.0
5366,Red,John Dodson,Darrell Montague,167.64,170.18,125,160.02,167.64,135,29,25,7.62,2.54,4,KO/TKO,0.0,0.0,0.0
5367,Red,Tim Boetsch,CB Dollaway,187.96,193.04,185,182.88,187.96,185,32,30,5.08,5.08,2,S-DEC,0.0,0.0,0.0
5371,Red,Tony Ferguson,Mike Rio,177.8,180.34,155,180.34,193.04,155,29,32,-2.54,-12.7,-3,SUB,1.0,1.0,1.0
5376,Red,Thiago Silva,Matt Hamill,185.42,193.04,205,187.96,187.96,205,30,37,-2.54,5.08,-7,U-DEC,1.0,0.0,1.0
5377,Red,Fabio Maldonado,Joey Beltran,185.42,190.5,185,185.42,190.5,205,33,31,0.0,0.0,2,S-DEC,,,0.0
5378,Red,Rousimar Palhares,Mike Pierce,172.72,177.8,170,172.72,180.34,170,33,33,0.0,-2.54,0,SUB,,1.0,
5379,Red,Raphael Assuncao,TJ Dillashaw,167.64,170.18,125,165.1,167.64,135,31,27,2.54,2.54,4,S-DEC,0.0,0.0,0.0
5381,Red,Yan Cabral,David Mitchell,182.88,193.04,170,180.34,185.42,155,30,33,2.54,7.62,-3,U-DEC,0.0,0.0,1.0
5383,Red,Alan Patrick,Garett Whiteley,182.88,182.88,155,180.34,187.96,155,30,32,2.54,-5.08,-2,KO/TKO,0.0,1.0,1.0
5384,Red,Jon Jones,Alexander Gustafsson,195.58,200.66,205,193.04,213.36,205,26,26,2.54,-12.7,0,U-DEC,0.0,1.0,
5385,Red,Renan Barao,Eddie Wineland,170.18,175.26,135,167.64,177.8,135,26,29,2.54,-2.54,-3,KO/TKO,0.0,1.0,1.0
5386,Red,Brendan Schaub,Matt Mitrione,190.5,200.66,265,193.04,198.12,245,30,35,-2.54,2.54,-5,SUB,1.0,0.0,1.0
5392,Red,Mitch Gagnon,Dustin Kimura,170.18,180.34,135,165.1,165.1,135,28,24,5.08,15.24,4,SUB,0.0,0.0,0.0
5393,Red,John Makdessi,Renee Forte,170.18,180.34,155,172.72,172.72,155,28,26,-2.54,7.62,2,KO/TKO,1.0,0.0,0.0
5394,Red,Michel Prazeres,Jesse Ronson,177.8,182.88,155,167.64,170.18,170,32,27,10.16,12.7,5,S-DEC,0.0,0.0,0.0
5397,Red,Glover Teixeira,Ryan Bader,187.96,187.96,205,187.96,193.04,205,33,30,0.0,-5.08,3,KO/TKO,,1.0,0.0
5399,Red,Joseph Benavidez,Jussier Formiga,165.1,170.18,125,162.56,165.1,125,29,28,2.54,5.08,1,KO/TKO,0.0,0.0,0.0
5401,Red,Rafael Natal,Tor Troeng,187.96,195.58,185,182.88,193.04,185,30,30,5.08,2.54,0,U-DEC,0.0,0.0,
5404,Red,Lucas Martins,Junior Hernandez,175.26,175.26,135,182.88,182.88,145,24,27,-7.62,-7.62,-3,,1.0,1.0,1.0
5410,Red,Chad Mendes,Clay Guida,170.18,177.8,155,167.64,167.64,145,28,31,2.54,10.16,-3,KO/TKO,0.0,0.0,1.0
5411,Red,Ben Rothwell,Brandon Vera,190.5,193.04,230,193.04,198.12,265,31,35,-2.54,-5.08,-4,KO/TKO,1.0,1.0,1.0
5416,Red,Chico Camus,Kyung Ho Kang,175.26,185.42,135,167.64,167.64,125,28,25,7.62,17.78,3,U-DEC,0.0,0.0,0.0
5417,Red,Soa Palelei,Nikita Krylov,190.5,195.58,205,193.04,205.74,265,36,21,-2.54,-10.16,15,KO/TKO,1.0,1.0,0.0
5420,Red,Carlos Condit,Martin Kampmann,182.88,182.88,170,187.96,190.5,170,29,31,-5.08,-7.62,-2,KO/TKO,1.0,1.0,1.0
5422,Red,Kelvin Gastelum,Brian Melancon,172.72,182.88,170,175.26,180.34,185,21,31,-2.54,2.54,-10,SUB,1.0,0.0,1.0
5423,Red,Court McGee,Robert Whittaker,182.88,185.42,185,180.34,190.5,170,28,22,2.54,-5.08,6,S-DEC,0.0,1.0,0.0
5424,Red,Takeya Mizugaki,Erik Perez,172.72,172.72,135,170.18,172.72,135,29,23,2.54,0.0,6,S-DEC,0.0,,0.0
5425,Red,Brad Tavares,Bubba McDaniel,190.5,190.5,185,185.42,187.96,185,25,30,5.08,2.54,-5,,0.0,0.0,1.0
5426,Red,Dylan Andrews,Papy Abedi,180.34,187.96,185,185.42,185.42,185,33,35,-5.08,2.54,-2,KO/TKO,1.0,0.0,1.0
5428,Red,Darren Elkins,Hatsu Hioki,180.34,177.8,145,177.8,180.34,145,29,30,2.54,-2.54,-1,U-DEC,0.0,1.0,1.0
5430,Red,Zak Cummings,Benny Alloway,180.34,190.5,170,182.88,190.5,185,29,32,-2.54,0.0,-3,,1.0,,1.0
5433,Red,Urijah Faber,Iuri Alcantara,175.26,180.34,135,167.64,170.18,135,34,33,7.62,10.16,1,U-DEC,0.0,0.0,0.0
5434,Red,Matt Brown,Mike Pyle,182.88,187.96,170,182.88,190.5,170,32,37,0.0,-2.54,-5,KO/TKO,,1.0,1.0
5438,Red,Conor McGregor,Max Holloway,180.34,175.26,155,175.26,187.96,155,25,21,5.08,-12.7,4,U-DEC,0.0,1.0,0.0
5440,Red,Diego Brandao,Daniel Pineda,170.18,175.26,145,170.18,172.72,145,26,28,0.0,2.54,-2,U-DEC,,0.0,1.0
5441,Red,Manvel Gamburyan,Cole Miller,185.42,187.96,145,165.1,170.18,135,32,29,20.32,17.78,3,U-DEC,0.0,0.0,0.0
5444,Red,Jose Aldo,Chan Sung Jung,170.18,182.88,145,170.18,177.8,145,26,26,0.0,5.08,0,KO/TKO,,0.0,
5446,Red,Cezar Ferreira,Thiago Santos,187.96,193.04,205,185.42,198.12,185,28,29,2.54,-5.08,-1,SUB,0.0,1.0,1.0
5447,Red,Thales Leites,Tom Watson,185.42,185.42,185,185.42,198.12,185,31,31,0.0,-12.7,0,U-DEC,,1.0,
5448,Red,John Lineker,Jose Maria,165.1,165.0,125,160.02,170.18,135,23,31,5.08,-5.18,-8,KO/TKO,0.0,1.0,1.0
5450,Red,Amanda Nunes,Sheila Gaff,165.1,157.48,135,172.72,175.26,145,25,23,-7.62,-17.78,2,KO/TKO,1.0,1.0,0.0
5451,Red,Sergio Moraes,Neil Magny,190.5,203.2,170,182.88,182.88,170,31,26,7.62,20.32,5,SUB,0.0,0.0,0.0
5452,Red,Ian McCall,Iliarde Santos,165.1,167.64,125,165.1,162.56,125,29,32,0.0,5.08,-3,U-DEC,,0.0,1.0
5453,Red,Rani Yahya,Josh Clopton,167.64,172.72,145,167.64,170.18,135,28,32,0.0,2.54,-4,U-DEC,,0.0,1.0
5455,Red,Viscardi Andrade,Bristol Marunde,185.42,180.34,170,180.34,190.5,170,29,31,5.08,-10.16,-2,KO/TKO,0.0,1.0,1.0
5456,Red,Demetrious Johnson,John Moraga,167.64,167.64,125,160.02,167.64,125,26,29,7.62,0.0,-3,SUB,0.0,,1.0
5457,Red,Rory MacDonald,Jake Ellenberger,175.26,180.34,170,182.88,193.04,170,24,28,-7.62,-12.7,-4,U-DEC,1.0,1.0,1.0
5458,Red,Robbie Lawler,Bobby Voelker,182.88,190.5,170,180.34,187.96,170,31,34,2.54,2.54,-3,KO/TKO,0.0,0.0,1.0
5459,Red,Liz Carmouche,Jessica Andrade,154.94,157.48,115,167.64,167.64,125,29,21,-12.7,-10.16,8,KO/TKO,1.0,1.0,0.0
5461,Red,Danny Castillo,Tim Means,187.96,190.5,170,175.26,180.34,155,33,29,12.7,10.16,4,U-DEC,0.0,0.0,0.0
5464,Red,Ed Herman,Trevor Smith,190.5,190.5,185,185.42,195.58,205,32,32,5.08,-5.08,0,S-DEC,0.0,1.0,
5469,Red,Frankie Edgar,Charles Oliveira,177.8,187.96,155,167.64,172.72,145,31,23,10.16,15.24,8,U-DEC,0.0,0.0,0.0
5470,Red,Tim Kennedy,Roger Gracie,193.04,200.66,185,180.34,187.96,185,33,31,12.7,12.7,2,U-DEC,0.0,0.0,0.0
5471,Red,Mark Munoz,Tim Boetsch,182.88,187.96,185,182.88,182.88,185,35,32,0.0,5.08,3,U-DEC,,0.0,0.0
5472,Red,Cub Swanson,Dennis Siver,167.64,177.8,145,172.72,177.8,145,29,34,-5.08,0.0,-5,KO/TKO,1.0,,1.0
5474,Red,Norman Parke,Kazuki Tokudome,180.34,185.42,155,180.34,177.8,155,26,26,0.0,7.62,0,U-DEC,,0.0,
5475,Red,Gabriel Gonzaga,Dave Herman,193.04,193.04,242,187.96,193.04,242,34,28,5.08,0.0,6,KO/TKO,0.0,,0.0
5476,Red,Edson Barboza,Rafaello Oliveira,172.72,180.34,155,180.34,190.5,155,27,31,-7.62,-10.16,-4,KO/TKO,1.0,1.0,1.0
5478,Red,Mike Pierce,David Mitchell,182.88,193.04,170,172.72,177.8,170,32,33,10.16,15.24,-1,KO/TKO,0.0,0.0,1.0
5479,Red,Rashad Evans,Dan Henderson,180.34,187.96,185,182.88,190.5,205,33,42,-2.54,-2.54,-9,S-DEC,1.0,1.0,1.0
5481,Red,Ryan Jimmo,Igor Pokrajac,182.88,193.04,205,185.42,185.42,205,31,34,-2.54,7.62,-3,U-DEC,1.0,0.0,1.0
5482,Red,Alexis Davis,Rosi Sexton,160.02,160.02,135,167.64,172.72,125,28,35,-7.62,-12.7,-7,U-DEC,1.0,1.0,1.0
5484,Red,Jake Shields,Tyron Woodley,175.26,187.96,170,182.88,182.88,170,34,31,-7.62,5.08,3,S-DEC,1.0,0.0,0.0
5486,Red,Sean Pierson,Kenny Robertson,177.8,187.96,170,182.88,193.04,170,37,29,-5.08,-5.08,8,M-DEC,1.0,1.0,0.0
5487,Red,Roland Delorme,Edwin Figueroa,170.18,175.26,135,175.26,180.34,135,29,28,-5.08,-5.08,1,U-DEC,1.0,1.0,0.0
5488,Red,Mitch Clarke,John Maguire,175.26,175.26,155,177.8,185.42,155,27,30,-2.54,-10.16,-3,U-DEC,1.0,1.0,1.0
5489,Red,Yves Jabouin,Dustin Pague,175.26,187.96,135,170.18,172.72,135,34,25,5.08,15.24,9,S-DEC,0.0,0.0,0.0
5492,Red,Thiago Silva,Rafael Feijao,185.42,185.42,205,187.96,187.96,205,30,33,-2.54,-2.54,-3,,1.0,1.0,1.0
5493,Red,Erick Silva,Jason High,172.72,180.34,155,182.88,187.96,170,28,31,-10.16,-7.62,-3,SUB,1.0,1.0,1.0
5494,Red,Daniel Sarafian,Eddie Mendez,177.8,193.04,185,175.26,185.42,185,30,29,2.54,7.62,1,SUB,0.0,0.0,0.0
5495,Red,Rony Jason,Mike Wilkinson,170.18,172.72,145,170.18,177.8,145,29,25,0.0,-5.08,4,SUB,,1.0,0.0
5496,Red,Raphael Assuncao,Vaughan Lee,167.64,167.64,125,165.1,167.64,135,30,30,2.54,0.0,0,SUB,0.0,,
5498,Red,Ildemar Alcantara,Leandro Silva,175.26,182.88,155,187.96,198.12,185,30,27,-12.7,-15.24,3,U-DEC,1.0,1.0,0.0
5499,Red,Rodrigo Damm,Mizuto Hirota,170.18,170.18,155,170.18,180.34,155,33,32,0.0,-10.16,1,S-DEC,,1.0,0.0
5500,Red,Caio Magalhaes,Karlos Vemola,182.88,190.5,185,185.42,185.42,185,25,27,-2.54,5.08,-2,SUB,1.0,0.0,1.0
5501,Red,Antonio Braga Neto,Anthony Smith,193.04,193.04,205,190.5,195.58,185,25,24,2.54,-2.54,1,SUB,0.0,1.0,0.0
5502,Red,Cain Velasquez,Antonio Silva,193.04,203.2,264,185.42,195.58,240,30,33,7.62,7.62,-3,KO/TKO,0.0,0.0,1.0
5503,Red,Junior Dos Santos,Mark Hunt,177.8,182.88,265,193.04,195.58,238,29,39,-15.24,-12.7,-10,KO/TKO,1.0,1.0,1.0
5504,Red,Glover Teixeira,James Te Huna,187.96,190.5,185,187.96,193.04,205,33,31,0.0,-2.54,2,SUB,,1.0,0.0
5506,Red,Donald Cerrone,KJ Noons,177.8,182.88,155,185.42,185.42,155,30,30,-7.62,-2.54,0,U-DEC,1.0,1.0,
5507,Red,Mike Pyle,Rick Story,175.26,180.34,170,182.88,187.96,170,37,28,-7.62,-7.62,9,S-DEC,1.0,1.0,0.0
5508,Red,Dennis Bermudez,Max Holloway,180.34,175.26,155,167.64,167.64,155,26,21,12.7,7.62,5,S-DEC,0.0,0.0,0.0
5510,Red,Khabib Nurmagomedov,Abel Trujillo,172.72,177.8,155,177.8,177.8,155,24,29,-5.08,0.0,-5,U-DEC,1.0,,1.0
5511,Red,Stephen Thompson,Nah-Shon Burrell,180.34,185.42,170,182.88,190.5,170,30,23,-2.54,-5.08,7,U-DEC,1.0,1.0,0.0
5513,Red,Jeremy Stephens,Estevan Payan,177.8,182.88,145,172.72,180.34,145,27,31,5.08,2.54,-4,U-DEC,0.0,0.0,1.0
5514,Red,Vitor Belfort,Luke Rockhold,190.5,195.58,185,182.88,187.96,185,36,28,7.62,7.62,8,KO/TKO,0.0,0.0,0.0
5515,Red,Jacare Souza,Chris Camozzi,187.96,193.04,185,185.42,182.88,185,33,26,2.54,10.16,7,SUB,0.0,0.0,0.0
5516,Red,Rafael Dos Anjos,Evan Dunham,177.8,177.8,155,172.72,177.8,170,28,31,5.08,0.0,-3,U-DEC,0.0,,1.0
5517,Red,Rafael Natal,Joao Zeferino,180.34,185.42,170,182.88,193.04,185,30,27,-2.54,-7.62,3,U-DEC,1.0,1.0,0.0
5519,Red,Francisco Trinaldo,Mike Rio,177.8,180.34,155,175.26,177.8,155,34,31,2.54,2.54,3,SUB,0.0,0.0,0.0
5520,Red,Gleison Tibau,John Cholish,180.34,182.88,155,177.8,180.34,155,29,29,2.54,2.54,0,SUB,0.0,0.0,
5521,Red,Paulo Thiago,Michel Prazeres,167.64,170.18,170,180.34,185.42,170,32,31,-12.7,-15.24,1,U-DEC,1.0,1.0,0.0
5522,Red,Iuri Alcantara,Iliarde Santos,165.1,167.64,125,175.26,180.34,135,32,32,-10.16,-12.7,0,KO/TKO,1.0,1.0,
5523,Red,Fabio Maldonado,Roger Hollett,180.34,177.8,205,185.42,190.5,205,33,34,-5.08,-12.7,-1,U-DEC,1.0,1.0,1.0
5524,Red,John Lineker,Azamat Gashimov,167.64,167.64,125,160.02,170.18,135,22,23,7.62,-2.54,-1,KO/TKO,0.0,1.0,1.0
5525,Red,Jussier Formiga,Chris Cariaso,160.02,160.02,125,165.1,170.18,125,28,31,-5.08,-10.16,-3,U-DEC,1.0,1.0,1.0
5526,Red,Lucas Martins,Jeremy Larsen,177.8,177.8,145,182.88,182.88,145,24,28,-5.08,-5.08,-4,KO/TKO,1.0,1.0,1.0
5527,Red,Jon Jones,Chael Sonnen,185.42,187.96,205,193.04,213.36,205,25,36,-7.62,-25.4,-11,KO/TKO,1.0,1.0,1.0
5528,Red,Michael Bisping,Alan Belcher,187.96,185.42,185,185.42,190.5,185,34,29,2.54,-5.08,5,U-DEC,0.0,1.0,0.0
5529,Red,Roy Nelson,Cheick Kongo,193.04,208.28,240,182.88,182.88,263,36,37,10.16,25.4,-1,KO/TKO,0.0,0.0,1.0
5530,Red,Phil Davis,Vinny Magalhaes,190.5,200.66,205,187.96,200.66,205,28,28,2.54,0.0,0,U-DEC,0.0,,
5531,Red,Rustam Khabilov,Yancy Medeiros,177.8,190.5,155,172.72,185.42,155,26,25,5.08,5.08,1,KO/TKO,0.0,0.0,0.0
5533,Red,Sara McMann,Sheila Gaff,165.1,157.48,135,167.64,167.64,135,32,23,-2.54,-10.16,9,KO/TKO,1.0,1.0,0.0
5534,Red,Bryan Caraway,Johnny Bedford,177.8,180.34,135,172.72,172.72,135,28,30,5.08,7.62,-2,SUB,0.0,0.0,1.0
5536,Red,Steven Siler,Kurt Holobaugh,180.34,177.8,155,180.34,177.8,145,26,26,0.0,0.0,0,U-DEC,,,
5537,Red,Benson Henderson,Gilbert Melendez,175.26,185.42,145,175.26,177.8,170,29,31,0.0,7.62,-2,S-DEC,,0.0,1.0
5540,Red,Matt Brown,Jordan Mein,182.88,185.42,170,182.88,190.5,170,32,23,0.0,-5.08,9,KO/TKO,,1.0,0.0
5541,Red,Chad Mendes,Darren Elkins,177.8,180.34,145,167.64,167.64,145,27,28,10.16,12.7,-1,KO/TKO,0.0,0.0,1.0
5542,Red,Francis Carmont,Lorenz Larkin,180.34,182.88,170,190.5,198.12,205,31,26,-10.16,-15.24,5,U-DEC,1.0,1.0,0.0
5544,Red,Joseph Benavidez,Darren Uyenoyama,167.64,162.56,125,162.56,165.1,125,28,33,5.08,-2.54,-5,KO/TKO,0.0,1.0,1.0
5546,Red,TJ Dillashaw,Hugo Viana,167.64,170.18,135,167.64,170.18,125,27,30,0.0,0.0,-3,KO/TKO,,,1.0
5547,Red,Anthony Njokuani,Roger Bowling,175.26,172.72,155,185.42,190.5,155,33,30,-10.16,-17.78,3,KO/TKO,1.0,1.0,0.0
5549,Red,Urijah Faber,Scott Jorgensen,165.1,167.64,135,167.64,170.18,135,33,30,-2.54,-2.54,3,SUB,1.0,1.0,0.0
5552,Red,Travis Browne,Gabriel Gonzaga,187.96,193.04,242,198.12,200.66,255,30,33,-10.16,-7.62,-3,KO/TKO,1.0,1.0,1.0
5553,Red,Bubba McDaniel,Gilbert Smith,175.26,190.5,185,190.5,190.5,185,29,31,-15.24,0.0,-2,,1.0,,1.0
5554,Red,Josh Samman,Kevin Casey,180.34,195.58,185,190.5,200.66,185,25,31,-10.16,-5.08,-6,KO/TKO,1.0,1.0,1.0
5555,Red,Luke Barnatt,Collin Hart,185.42,193.04,185,198.12,195.58,185,24,23,-12.7,-2.54,1,U-DEC,1.0,1.0,0.0
5556,Red,Dylan Andrews,Jimmy Quinlan,182.88,182.88,185,185.42,185.42,185,33,26,-2.54,-2.54,7,KO/TKO,1.0,1.0,0.0
5558,Red,Cole Miller,Bart Palaszewski,175.26,177.8,145,185.42,187.96,145,28,29,-10.16,-10.16,-1,SUB,1.0,1.0,1.0
5561,Red,Gegard Mousasi,Ilir Latifi,177.8,185.42,205,187.96,193.04,185,27,29,-10.16,-7.62,-2,U-DEC,1.0,1.0,1.0
5563,Red,Matt Mitrione,Philip De Fries,195.58,208.28,250,190.5,200.66,265,34,26,5.08,7.62,8,KO/TKO,0.0,0.0,0.0
5564,Red,Brad Pickett,Mike Easton,167.64,177.8,135,167.64,172.72,135,34,29,0.0,5.08,5,S-DEC,,0.0,0.0
5565,Red,Diego Brandao,Pablo Garza,185.42,185.42,145,170.18,172.72,145,25,29,15.24,12.7,-4,SUB,0.0,0.0,1.0
5566,Red,Akira Corassani,Robert Peralta,172.72,180.34,145,172.72,172.72,145,30,27,0.0,7.62,3,U-DEC,,0.0,0.0
5567,Red,Reza Madadi,Michael Johnson,177.8,185.42,145,180.34,182.88,155,34,26,-2.54,2.54,8,SUB,1.0,0.0,0.0
5568,Red,Tor Troeng,Adam Cella,187.96,198.12,170,187.96,195.58,185,30,27,0.0,2.54,3,SUB,,0.0,0.0
5573,Red,Papy Abedi,Besam Yousef,180.34,180.34,170,180.34,187.96,185,34,28,0.0,-7.62,6,S-DEC,,1.0,0.0
5574,Red,Georges St-Pierre,Nick Diaz,185.42,193.04,185,180.34,193.04,185,31,29,5.08,0.0,2,U-DEC,0.0,,0.0
5576,Red,Jake Ellenberger,Nate Marquardt,182.88,187.96,185,175.26,180.34,170,27,33,7.62,7.62,-6,KO/TKO,0.0,0.0,1.0
5578,Red,Mike Ricci,Colin Fletcher,187.96,198.12,155,182.88,195.58,155,26,30,5.08,2.54,-4,U-DEC,0.0,0.0,1.0
5579,Red,Patrick Cote,Bobby Voelker,182.88,190.5,170,180.34,180.34,170,33,33,2.54,10.16,0,U-DEC,0.0,0.0,
5582,Red,John Makdessi,Daron Cruickshank,172.72,182.88,155,172.72,172.72,155,27,27,0.0,10.16,0,U-DEC,,0.0,
5583,Red,Rick Story,Quinn Mulhern,190.5,193.04,155,175.26,180.34,170,28,28,15.24,12.7,0,KO/TKO,0.0,0.0,
5584,Red,TJ Dillashaw,Issei Tamura,165.1,160.02,135,167.64,170.18,125,27,29,-2.54,-10.16,-2,KO/TKO,1.0,1.0,1.0
5585,Red,George Roop,Reuben Duran,170.18,175.26,135,185.42,182.88,135,31,29,-15.24,-7.62,2,U-DEC,1.0,1.0,0.0
5586,Red,Wanderlei Silva,Brian Stann,185.42,187.96,205,180.34,187.96,205,36,32,5.08,0.0,4,KO/TKO,0.0,,0.0
5589,Red,Yushin Okami,Hector Lombard,175.26,180.34,185,187.96,190.5,170,31,35,-12.7,-10.16,-4,S-DEC,1.0,1.0,1.0
5591,Red,Dong Hyun Kim,Siyar Bahadurzada,180.34,185.42,170,187.96,193.04,170,31,28,-7.62,-7.62,3,U-DEC,1.0,1.0,0.0
5593,Red,Takeya Mizugaki,Bryan Caraway,172.72,172.72,135,170.18,172.72,135,29,28,2.54,0.0,1,S-DEC,0.0,,0.0
5596,Red,Ronda Rousey,Liz Carmouche,167.64,167.64,125,170.18,172.72,135,26,29,-2.54,-5.08,-3,SUB,1.0,1.0,1.0
5597,Red,Lyoto Machida,Dan Henderson,180.34,187.96,185,185.42,187.96,185,34,42,-5.08,0.0,-8,S-DEC,1.0,,1.0
5598,Red,Urijah Faber,Ivan Menjivar,167.64,162.56,145,167.64,170.18,135,33,30,0.0,-7.62,3,SUB,,1.0,0.0
5599,Red,Court McGee,Josh Neer,180.34,182.88,170,180.34,190.5,170,28,29,0.0,-7.62,-1,U-DEC,,1.0,1.0
5601,Red,Brendan Schaub,Lavar Johnson,193.04,208.28,240,193.04,198.12,245,29,35,0.0,10.16,-6,U-DEC,,0.0,1.0
5602,Red,Michael Chiesa,Anton Kuivanen,172.72,182.88,155,185.42,190.5,170,25,28,-12.7,-7.62,-3,SUB,1.0,1.0,1.0
5603,Red,Dennis Bermudez,Matt Grice,172.72,177.8,145,167.64,167.64,155,26,31,5.08,10.16,-5,S-DEC,0.0,0.0,1.0
5604,Red,Sam Stout,Caros Fodor,175.26,193.04,155,175.26,177.8,155,28,29,0.0,15.24,-1,S-DEC,,0.0,1.0
5605,Red,Kenny Robertson,Brock Jardine,180.34,185.42,170,177.8,187.96,170,29,27,2.54,-2.54,2,SUB,0.0,1.0,0.0
5607,Red,Nah-Shon Burrell,Yuri Villefort,182.88,185.42,170,180.34,185.42,170,23,21,2.54,0.0,2,U-DEC,0.0,,0.0
5608,Red,Renan Barao,Michael McDonald,175.26,177.8,135,167.64,177.8,135,26,22,7.62,0.0,4,SUB,0.0,,0.0
5609,Red,Cub Swanson,Dustin Poirier,175.26,182.88,155,172.72,177.8,145,29,24,2.54,5.08,5,U-DEC,0.0,0.0,0.0
5610,Red,Jimi Manuwa,Cyrille Diabate,198.12,205.74,205,185.42,200.66,205,32,39,12.7,5.08,-7,KO/TKO,0.0,0.0,1.0
5611,Red,Gunnar Nelson,Jorge Santiago,185.42,187.96,170,180.34,182.88,170,24,32,5.08,5.08,-8,U-DEC,0.0,0.0,1.0
5612,Red,James Te Huna,Ryan Jimmo,185.42,185.42,205,187.96,190.5,185,31,31,-2.54,-5.08,0,U-DEC,1.0,1.0,
5615,Red,Andy Ogle,Josh Grispi,180.34,187.96,145,172.72,175.26,145,24,24,7.62,12.7,0,U-DEC,0.0,0.0,
5616,Red,Tom Watson,Stanislav Nedkov,180.34,180.34,205,185.42,185.42,185,30,31,-5.08,-5.08,-1,KO/TKO,1.0,1.0,1.0
5617,Red,Vaughan Lee,Motonobu Tezuka,170.18,167.64,135,167.64,167.64,125,30,25,2.54,0.0,5,U-DEC,0.0,,0.0
5618,Red,Phil Harris,Ulysses Gomez,167.64,167.64,125,162.56,162.56,125,29,29,5.08,5.08,0,U-DEC,0.0,0.0,
5619,Red,Jose Aldo,Frankie Edgar,167.64,172.72,145,170.18,177.8,145,26,31,-2.54,-5.08,-5,U-DEC,1.0,1.0,1.0
5623,Red,Joseph Benavidez,Ian McCall,165.1,162.56,125,162.56,165.1,125,28,28,2.54,-2.54,0,U-DEC,0.0,1.0,
5625,Red,Tyron Woodley,Jay Hieron,182.88,190.5,170,175.26,187.96,170,30,36,7.62,2.54,-6,KO/TKO,0.0,0.0,1.0
5630,Red,Demetrious Johnson,John Dodson,160.02,167.64,135,160.02,167.64,125,26,28,0.0,0.0,-2,U-DEC,,,1.0
5632,Red,Anthony Pettis,Donald Cerrone,185.42,185.42,155,177.8,182.88,170,25,29,7.62,2.54,-4,KO/TKO,0.0,0.0,1.0
5634,Red,TJ Grant,Matt Wiman,177.8,172.72,155,177.8,182.88,155,28,29,0.0,-10.16,-1,KO/TKO,,1.0,1.0
5635,Red,Clay Guida,Hatsu Hioki,180.34,177.8,145,170.18,177.8,155,31,29,10.16,0.0,2,S-DEC,0.0,,0.0
5637,Red,Ryan Bader,Vladimir Matyushenko,182.88,187.96,205,187.96,187.96,205,29,42,-5.08,0.0,-13,SUB,1.0,,1.0
5639,Red,Rafael Natal,Sean Spencer,177.8,190.5,170,182.88,193.04,185,30,25,-5.08,-2.54,5,SUB,1.0,1.0,0.0
5641,Red,Vitor Belfort,Michael Bisping,185.42,190.5,185,182.88,187.96,185,35,33,2.54,2.54,2,KO/TKO,0.0,0.0,0.0
5643,Red,Gabriel Gonzaga,Ben Rothwell,193.04,198.12,265,187.96,193.04,242,33,31,5.08,5.08,2,SUB,0.0,0.0,0.0
5645,Red,Godofredo Pepey,Milton Vieira,182.88,182.88,145,170.18,185.42,145,25,34,12.7,-2.54,-9,S-DEC,0.0,1.0,1.0
5646,Red,Ronny Markes,Andrew Craig,185.42,193.04,170,185.42,190.5,185,24,27,0.0,2.54,-3,U-DEC,,0.0,1.0
5648,Red,Edson Barboza,Lucas Martins,182.88,182.88,145,180.34,190.5,155,26,24,2.54,-7.62,2,KO/TKO,0.0,1.0,0.0
5650,Red,Francisco Trinaldo,CJ Keith,182.88,185.0,155,175.26,177.8,155,34,26,7.62,7.2,8,SUB,0.0,0.0,0.0
5652,Red,Jim Miller,Joe Lauzon,177.8,180.34,155,172.72,180.34,155,29,28,5.08,0.0,1,U-DEC,0.0,,0.0
5654,Red,Yushin Okami,Alan Belcher,187.96,185.42,185,187.96,190.5,170,31,28,0.0,-5.08,3,U-DEC,,1.0,0.0
5657,Red,Erik Perez,Byron Bloodworth,172.72,175.26,135,172.72,172.72,135,23,29,0.0,2.54,-6,KO/TKO,,0.0,1.0
5663,Red,Roy Nelson,Matt Mitrione,190.5,200.66,265,182.88,182.88,263,36,34,7.62,17.78,2,KO/TKO,0.0,0.0,0.0
5664,Red,Colton Smith,Mike Ricci,182.88,195.58,155,182.88,180.34,155,25,26,0.0,15.24,-1,U-DEC,,0.0,1.0
5665,Red,Pat Barry,Shane del Rosario,193.04,200.66,250,180.34,187.96,235,33,29,12.7,12.7,4,KO/TKO,0.0,0.0,0.0
5666,Red,Dustin Poirier,Jonathan Brookins,182.88,185.42,145,175.26,182.88,155,23,27,7.62,2.54,-4,SUB,0.0,0.0,1.0
5667,Red,Mike Pyle,James Head,185.42,185.42,170,182.88,187.96,170,37,28,2.54,-2.54,9,KO/TKO,0.0,1.0,0.0
5668,Red,Johnny Bedford,Marcos Vinicius,175.26,177.8,125,177.8,180.34,135,29,33,-2.54,-2.54,-4,KO/TKO,1.0,1.0,1.0
5670,Red,TJ Waldburger,Nick Catone,182.88,182.88,185,180.34,190.5,170,24,31,2.54,-7.62,-7,SUB,0.0,1.0,1.0
5672,Red,Mike Rio,John Cofer,175.26,185.42,155,177.8,180.34,155,31,28,-2.54,5.08,3,SUB,1.0,0.0,0.0
5675,Red,Robert Whittaker,Bradley Scott,185.42,193.04,170,182.88,185.42,185,21,23,2.54,7.62,-2,,0.0,0.0,1.0
5677,Red,Hector Lombard,Rousimar Palhares,172.72,180.34,170,175.26,180.34,185,34,32,-2.54,0.0,2,KO/TKO,1.0,,0.0
5678,Red,Chad Mendes,Yaotzin Meza,175.26,187.96,145,167.64,167.64,145,27,31,7.62,20.32,-4,KO/TKO,0.0,0.0,1.0
5679,Red,Mike Pierce,Seth Baczynski,190.5,187.96,170,172.72,177.8,170,32,31,17.78,10.16,1,U-DEC,0.0,0.0,0.0
5680,Red,Benny Alloway,Manuel Rodriguez,175.26,172.72,170,180.34,190.5,170,31,27,-5.08,-17.78,4,,1.0,1.0,0.0
5683,Red,Benson Henderson,Nate Diaz,182.88,193.04,170,175.26,177.8,170,29,27,7.62,15.24,2,U-DEC,0.0,0.0,0.0
5687,Red,Yves Edwards,Jeremy Stephens,172.72,180.34,145,175.26,185.42,155,36,26,-2.54,-5.08,10,KO/TKO,1.0,1.0,0.0
5688,Red,Raphael Assuncao,Mike Easton,167.64,177.8,135,165.1,167.64,135,30,28,2.54,10.16,2,U-DEC,0.0,0.0,0.0
5689,Red,Ramsey Nijem,Joe Proctor,177.8,182.88,155,180.34,190.5,155,24,27,-2.54,-7.62,-3,U-DEC,1.0,1.0,1.0
5690,Red,Daron Cruickshank,Henry Martinez,170.18,172.72,155,172.72,182.88,155,27,29,-2.54,-10.16,-2,KO/TKO,1.0,1.0,1.0
5692,Red,Dennis Siver,Nam Phan,167.64,177.8,135,167.64,177.8,145,33,29,0.0,0.0,4,U-DEC,,,0.0
5693,Red,Scott Jorgensen,John Albert,172.72,172.72,135,165.1,167.64,135,30,26,7.62,5.08,4,SUB,0.0,0.0,0.0
5694,Red,Georges St-Pierre,Carlos Condit,187.96,190.5,170,180.34,193.04,185,31,28,7.62,-2.54,3,U-DEC,0.0,1.0,0.0
5695,Red,Johny Hendricks,Martin Kampmann,182.88,182.88,170,175.26,175.26,185,29,30,7.62,7.62,-1,KO/TKO,0.0,0.0,1.0
5696,Red,Francis Carmont,Tom Lawlor,182.88,187.96,205,190.5,198.12,205,31,29,-7.62,-10.16,2,S-DEC,1.0,1.0,0.0
5699,Red,Patrick Cote,Alessio Sakara,182.88,182.88,185,180.34,180.34,170,32,31,2.54,2.54,1,DQ,0.0,0.0,0.0
5700,Red,Cyrille Diabate,Chad Griggs,185.42,185.42,205,198.12,205.74,205,39,34,-12.7,-20.32,5,SUB,1.0,1.0,0.0
5702,Red,Antonio Carvalho,Rodrigo Damm,170.18,180.34,155,175.26,172.72,145,33,32,-5.08,7.62,1,S-DEC,1.0,0.0,0.0
5703,Red,Matthew Riddle,John Maguire,175.26,175.26,155,185.42,187.96,170,26,29,-10.16,-12.7,-3,U-DEC,1.0,1.0,1.0
5704,Red,Ivan Menjivar,Azamat Gashimov,167.64,167.64,125,167.64,162.56,145,30,22,0.0,5.08,8,SUB,,0.0,0.0
5707,Red,Dong Hyun Kim,Paulo Thiago,180.34,185.42,170,187.96,193.04,170,30,31,-7.62,-7.62,-1,U-DEC,1.0,1.0,1.0
5708,Red,Takanori Gomi,Mac Danzig,172.72,177.8,155,170.18,177.8,155,34,32,2.54,0.0,2,S-DEC,0.0,,0.0
5710,Red,Takeya Mizugaki,Jeff Hougland,170.18,172.72,135,170.18,172.72,135,28,34,0.0,0.0,-6,U-DEC,,,1.0
5711,Red,Alex Caceres,Motonobu Tezuka,170.18,167.64,135,177.8,185.42,145,24,25,-7.62,-17.78,-1,S-DEC,1.0,1.0,1.0
5713,Red,Riki Fukuda,Tom DeBlass,182.88,190.5,185,182.88,185.42,185,31,30,0.0,5.08,1,U-DEC,,0.0,0.0
5714,Red,Anderson Silva,Stephan Bonnar,193.04,198.12,205,187.96,195.58,185,37,35,5.08,2.54,2,KO/TKO,0.0,0.0,0.0
5715,Red,Minotauro Nogueira,Dave Herman,193.04,193.04,242,190.5,195.58,240,36,28,2.54,-2.54,8,,0.0,1.0,0.0
5716,Red,Glover Teixeira,Fabio Maldonado,185.42,190.5,205,187.96,193.04,205,32,32,-2.54,-2.54,0,KO/TKO,1.0,1.0,
5717,Red,Jon Fitch,Erick Silva,182.88,187.96,170,182.88,193.04,170,34,28,0.0,-5.08,6,U-DEC,,1.0,0.0
5718,Red,Phil Davis,Wagner Prado,182.88,187.96,205,187.96,200.66,205,28,25,-5.08,-12.7,3,SUB,1.0,1.0,0.0
5719,Red,Demian Maia,Rick Story,175.26,180.34,170,185.42,182.88,170,34,28,-10.16,-2.54,6,SUB,1.0,1.0,0.0
5720,Red,Rony Jason,Sam Sicilia,172.72,170.18,145,170.18,177.8,145,28,26,2.54,-7.62,2,KO/TKO,0.0,1.0,0.0
5721,Red,Gleison Tibau,Francisco Trinaldo,175.26,177.8,155,177.8,180.34,155,29,34,-2.54,-2.54,-5,U-DEC,1.0,1.0,1.0
5722,Red,Diego Brandao,Joey Gambino,170.18,178.0,145,170.18,172.72,145,25,23,0.0,5.28,2,U-DEC,,0.0,0.0
5723,Red,Sergio Moraes,Renee Forte,170.18,180.34,155,182.88,182.88,170,30,25,-12.7,-2.54,5,SUB,1.0,1.0,0.0
5725,Red,Cristiano Marcello,Reza Madadi,180.34,182.88,155,175.26,182.88,155,34,34,5.08,0.0,0,S-DEC,0.0,,
5727,Red,Jake Ellenberger,Jay Hieron,182.88,190.5,170,175.26,180.34,170,27,36,7.62,10.16,-9,U-DEC,0.0,0.0,1.0
5728,Red,John Dodson,Jussier Formiga,165.1,170.18,125,160.02,167.64,135,28,27,5.08,2.54,1,KO/TKO,0.0,0.0,0.0
5730,Red,Michael Johnson,Danny Castillo,175.26,180.34,155,177.8,185.42,145,26,33,-2.54,-5.08,-7,KO/TKO,1.0,1.0,1.0
5732,Red,Marcus LeVesseur,Carlo Prater,180.34,182.88,155,175.26,177.8,155,30,31,5.08,5.08,-1,S-DEC,0.0,0.0,1.0
5733,Red,Jacob Volkmann,Shane Roller,177.8,182.88,155,175.26,180.34,155,32,33,2.54,2.54,-1,SUB,0.0,0.0,1.0
5735,Red,Darren Uyenoyama,Phil Harris,162.56,162.56,125,167.64,162.56,125,32,29,-5.08,0.0,3,SUB,1.0,,0.0
5736,Red,Stefan Struve,Stipe Miocic,193.04,203.2,240,210.82,213.36,265,24,30,-17.78,-10.16,-6,KO/TKO,1.0,1.0,1.0
5737,Red,Dan Hardy,Amir Sadollah,177.8,187.96,170,182.88,187.96,170,30,32,-5.08,0.0,-2,U-DEC,1.0,,1.0
5738,Red,Brad Pickett,Yves Jabouin,170.18,172.72,135,167.64,172.72,135,34,33,2.54,0.0,1,KO/TKO,0.0,,0.0
5740,Red,John Hathaway,John Maguire,175.26,175.26,155,185.42,190.5,170,25,29,-10.16,-15.24,-4,U-DEC,1.0,1.0,1.0
5741,Red,Che Mills,Duane Ludwig,177.8,177.8,170,185.42,193.04,170,30,34,-7.62,-15.24,-4,KO/TKO,1.0,1.0,1.0
5747,Red,Jon Jones,Vitor Belfort,182.88,187.96,185,193.04,213.36,205,25,35,-10.16,-25.4,-10,SUB,1.0,1.0,1.0
5749,Red,Michael Bisping,Brian Stann,185.42,187.96,205,185.42,190.5,185,33,31,0.0,-2.54,2,U-DEC,,1.0,0.0
5750,Red,Matt Hamill,Roger Hollett,180.34,177.8,205,185.42,193.04,205,35,33,-5.08,-15.24,2,U-DEC,1.0,1.0,0.0
5751,Red,Cub Swanson,Charles Oliveira,177.8,187.96,155,172.72,177.8,145,28,22,5.08,10.16,6,KO/TKO,0.0,0.0,0.0
5753,Red,TJ Grant,Evan Dunham,177.8,177.8,155,177.8,182.88,155,28,30,0.0,-5.08,-2,U-DEC,,1.0,1.0
5754,Red,Sean Pierson,Lance Benoist,180.34,185.42,170,182.88,193.04,170,36,24,-2.54,-7.62,12,U-DEC,1.0,1.0,0.0
5756,Red,Seth Baczynski,Simeon Thoresen,185.42,200.66,170,190.5,187.96,170,30,28,-5.08,12.7,2,KO/TKO,1.0,0.0,0.0
5757,Red,Mitch Gagnon,Walel Watson,180.34,175.26,135,165.1,165.1,135,27,28,15.24,10.16,-1,SUB,0.0,0.0,1.0
5758,Red,Kyle Noke,Charlie Brenneman,177.8,182.88,155,185.42,193.04,170,32,31,-7.62,-10.16,1,KO/TKO,1.0,1.0,0.0
5759,Red,Benson Henderson,Frankie Edgar,167.64,172.72,145,175.26,177.8,170,28,30,-7.62,-5.08,-2,S-DEC,1.0,1.0,1.0
5760,Red,Donald Cerrone,Melvin Guillard,175.26,172.72,155,185.42,185.42,155,29,29,-10.16,-12.7,0,KO/TKO,1.0,1.0,
5761,Red,Yushin Okami,Buddy Roberts,187.96,193.0,185,187.96,190.5,170,31,29,0.0,2.5,2,KO/TKO,,0.0,0.0
5763,Red,Dennis Bermudez,Tommy Hayden,175.26,182.88,145,167.64,167.64,155,25,26,7.62,15.24,-1,SUB,0.0,0.0,1.0
5767,Red,Nik Lentz,Eiji Mitsuoka,170.18,173.0,145,172.72,172.72,155,27,36,-2.54,0.28,-9,KO/TKO,1.0,0.0,1.0
5768,Red,Mauricio Rua,Brandon Vera,190.5,193.04,230,185.42,193.04,205,30,34,5.08,0.0,-4,KO/TKO,0.0,,1.0
5769,Red,Lyoto Machida,Ryan Bader,187.96,187.96,205,185.42,187.96,185,34,29,2.54,0.0,5,KO/TKO,0.0,,0.0
5770,Red,Joe Lauzon,Jamie Varner,172.72,182.88,155,177.8,180.34,155,28,27,-5.08,2.54,1,SUB,1.0,0.0,0.0
5771,Red,Mike Swick,DaMarques Johnson,185.42,190.5,170,185.42,195.58,170,33,30,0.0,-5.08,3,KO/TKO,,1.0,0.0
5774,Red,Philip De Fries,Oli Thompson,185.42,190.5,242,195.58,208.28,250,26,32,-10.16,-17.78,-6,SUB,1.0,1.0,1.0
5775,Red,Manvel Gamburyan,Michihiro Omigawa,167.64,172.72,145,165.1,170.18,135,31,36,2.54,2.54,-5,U-DEC,0.0,0.0,1.0
5776,Red,John Moraga,Ulysses Gomez,167.64,167.64,125,167.64,167.64,125,28,29,0.0,0.0,-1,KO/TKO,,,1.0
5779,Red,Cheick Kongo,Shawn Jordan,182.88,190.5,260,193.04,208.28,240,37,27,-10.16,-17.78,10,U-DEC,1.0,1.0,0.0
5783,Red,Bryan Caraway,Mitch Gagnon,165.1,165.1,135,172.72,172.72,135,27,27,-7.62,-7.62,0,SUB,1.0,1.0,
5784,Red,Antonio Carvalho,Daniel Pineda,170.18,175.26,145,175.26,172.72,145,33,26,-5.08,2.54,7,KO/TKO,1.0,0.0,0.0
5787,Red,James Te Huna,Joey Beltran,185.42,190.5,185,187.96,190.5,185,30,30,-2.54,0.0,0,U-DEC,1.0,,
5788,Red,Aaron Simpson,Kenny Robertson,177.8,187.96,170,182.88,185.42,170,37,28,-5.08,2.54,9,U-DEC,1.0,0.0,0.0
5790,Red,TJ Dillashaw,Vaughan Lee,167.64,167.64,125,167.64,170.18,125,26,29,0.0,-2.54,-3,SUB,,1.0,1.0
5791,Red,Rafael Dos Anjos,Anthony Njokuani,185.42,190.5,155,172.72,177.8,170,27,32,12.7,12.7,-5,U-DEC,0.0,0.0,1.0
5793,Red,Chris Cariaso,Josh Ferguson,165.1,167.64,125,160.02,160.02,125,31,24,5.08,7.62,7,U-DEC,0.0,0.0,0.0
5795,Red,Marcelo Guimaraes,Dan Stittgen,185.42,180.0,170,182.88,185.42,185,29,31,2.54,-5.42,-2,S-DEC,0.0,1.0,1.0
5796,Red,Raphael Assuncao,Issei Tamura,165.1,160.02,135,165.1,167.64,135,29,28,0.0,-7.62,1,KO/TKO,,1.0,0.0
5797,Red,Anderson Silva,Chael Sonnen,185.42,187.96,205,187.96,195.58,185,37,35,-2.54,-7.62,2,KO/TKO,1.0,1.0,0.0
5798,Red,Forrest Griffin,Tito Ortiz,190.5,187.96,205,190.5,195.58,205,33,37,0.0,-7.62,-4,U-DEC,,1.0,1.0
5799,Red,Cung Le,Patrick Cote,180.34,180.34,170,175.26,175.26,185,40,32,5.08,5.08,8,U-DEC,0.0,0.0,0.0
5801,Red,Chad Mendes,Cody McKenzie,182.88,182.88,155,167.64,167.64,145,27,24,15.24,15.24,3,KO/TKO,0.0,0.0,0.0
5803,Red,Melvin Guillard,Fabricio Camoes,177.8,185.42,155,175.26,172.72,155,29,33,2.54,12.7,-4,U-DEC,0.0,0.0,1.0
5805,Red,Costas Philippou,Riki Fukuda,182.88,185.42,185,180.34,185.42,185,32,31,2.54,0.0,1,,0.0,,0.0
5807,Red,Rafaello Oliveira,Yoislandy Izquierdo,180.34,184.0,155,172.72,180.34,155,30,28,7.62,3.66,2,U-DEC,0.0,0.0,0.0
5809,Red,Cezar Ferreira,Sergio Moraes,182.88,182.88,170,185.42,198.12,185,27,29,-2.54,-15.24,-2,U-DEC,1.0,1.0,1.0
5811,Red,Fabricio Werdum,Mike Russow,185.42,185.42,255,193.04,195.58,231,34,35,-7.62,-10.16,-1,KO/TKO,1.0,1.0,1.0
5816,Red,Thiago Perpetuo,Leonardo Mafra,177.8,177.8,155,177.8,180.34,170,24,23,0.0,-2.54,1,KO/TKO,,1.0,0.0
5817,Red,Marcos Vinicius,Wagner Campos,167.64,168.0,145,175.26,177.8,125,32,30,-7.62,-9.8,2,KO/TKO,1.0,1.0,0.0
5818,Red,Gray Maynard,Clay Guida,170.18,177.8,155,175.26,177.8,155,33,30,-5.08,0.0,3,S-DEC,1.0,,0.0
5819,Red,Sam Stout,Spencer Fisher,170.18,177.8,155,175.26,177.8,155,28,36,-5.08,0.0,-8,U-DEC,1.0,,1.0
5820,Red,Brian Ebersole,TJ Waldburger,180.34,190.5,170,182.88,185.42,170,31,24,-2.54,5.08,7,U-DEC,1.0,0.0,0.0
5823,Red,Ramsey Nijem,CJ Keith,182.88,185.0,155,180.34,190.5,155,24,25,2.54,-5.5,-1,KO/TKO,0.0,1.0,1.0
5824,Red,Rick Story,Brock Jardine,180.34,185.42,170,175.26,180.34,170,27,26,5.08,5.08,1,U-DEC,0.0,0.0,0.0
5825,Red,Steven Siler,Joey Gambino,170.18,178.0,145,180.34,177.8,145,25,23,-10.16,0.2,2,SUB,1.0,0.0,0.0
5827,Red,Matt Brown,Luis Ramos,172.72,183.0,170,182.88,190.5,170,31,31,-10.16,-7.5,0,KO/TKO,1.0,1.0,
5828,Red,Dan Miller,Ricardo Funch,177.8,193.04,170,185.42,187.96,185,30,31,-7.62,5.08,-1,SUB,1.0,0.0,1.0
5829,Red,Ken Stone,Dustin Pague,175.26,187.96,135,172.72,180.34,135,29,24,2.54,7.62,5,S-DEC,0.0,0.0,0.0
5830,Red,Demetrious Johnson,Ian McCall,165.1,162.56,125,160.02,167.64,125,25,28,5.08,-5.08,-3,U-DEC,0.0,1.0,1.0
5831,Red,Erick Silva,Charlie Brenneman,177.8,182.88,155,182.88,187.96,170,27,31,-5.08,-5.08,-4,SUB,1.0,1.0,1.0
5832,Red,Mike Pyle,Josh Neer,180.34,182.88,170,182.88,187.96,170,36,29,-2.54,-5.08,7,KO/TKO,1.0,1.0,0.0
5833,Red,Eddie Wineland,Scott Jorgensen,165.1,167.64,135,170.18,175.26,135,27,29,-5.08,-7.62,-2,KO/TKO,1.0,1.0,1.0
5834,Red,Mike Pierce,Carlos Eduardo Rocha,177.8,177.8,170,172.72,177.8,170,31,30,5.08,0.0,1,U-DEC,0.0,,0.0
5835,Red,Seth Baczynski,Lance Benoist,180.34,185.42,170,190.5,187.96,170,30,23,-10.16,-2.54,7,S-DEC,1.0,1.0,0.0
5837,Red,Dustin Pague,Jared Papazian,172.72,170.18,135,175.26,187.96,135,24,24,-2.54,-17.78,0,SUB,1.0,1.0,
5838,Red,Tim Means,Justin Salas,172.72,177.8,155,187.96,190.5,170,28,30,-15.24,-12.7,-2,KO/TKO,1.0,1.0,1.0
5839,Red,Buddy Roberts,Caio Magalhaes,185.42,185.42,185,187.96,193.0,185,29,24,-2.54,-7.58,5,U-DEC,1.0,1.0,0.0
5840,Red,Henry Martinez,Bernardo Magalhaes,175.26,165.1,155,170.18,172.72,155,28,31,5.08,-7.62,-3,S-DEC,0.0,1.0,1.0
5843,Red,Michael Chiesa,Al Iaquinta,177.8,177.8,155,185.42,190.5,170,24,25,-7.62,-12.7,-1,SUB,1.0,1.0,1.0
5845,Red,Max Holloway,Pat Schilling,172.72,175.26,145,180.34,175.26,155,20,23,-7.62,0.0,-3,U-DEC,1.0,,1.0
5846,Red,Justin Lawrence,John Cofer,175.26,185.42,155,172.72,170.18,145,22,28,2.54,15.24,-6,KO/TKO,0.0,0.0,1.0
5847,Red,Daron Cruickshank,Chris Tickle,175.26,178.0,155,172.72,182.88,155,26,30,2.54,-4.88,-4,U-DEC,0.0,1.0,1.0
5848,Red,Myles Jury,Chris Saunders,172.72,175.0,155,177.8,185.42,145,23,26,-5.08,-10.42,-3,SUB,1.0,1.0,1.0
5850,Red,Joe Proctor,Jeremy Larsen,177.8,177.8,145,177.8,182.88,155,26,28,0.0,-5.08,-2,KO/TKO,,1.0,1.0
5852,Red,Junior Dos Santos,Frank Mir,190.5,200.66,264,193.04,195.58,238,28,33,-2.54,5.08,-5,KO/TKO,1.0,0.0,1.0
5853,Red,Cain Velasquez,Antonio Silva,193.04,203.2,264,185.42,195.58,240,29,32,7.62,7.62,-3,KO/TKO,0.0,0.0,1.0
5854,Red,Roy Nelson,Dave Herman,193.04,193.04,242,182.88,182.88,263,35,27,10.16,10.16,8,KO/TKO,0.0,0.0,0.0
5855,Red,Stipe Miocic,Shane del Rosario,193.04,200.66,250,193.04,203.2,240,29,28,0.0,-2.54,1,KO/TKO,,1.0,0.0
5856,Red,Stefan Struve,Lavar Johnson,193.04,208.28,240,210.82,213.36,265,24,34,-17.78,-5.08,-10,SUB,1.0,1.0,1.0
5860,Red,Dan Hardy,Duane Ludwig,177.8,177.8,170,182.88,187.96,170,30,33,-5.08,-10.16,-3,KO/TKO,1.0,1.0,1.0
5863,Red,Mike Brown,Daniel Pineda,170.18,175.26,145,167.64,177.8,145,36,26,2.54,-2.54,10,U-DEC,0.0,1.0,0.0
5864,Red,Chan Sung Jung,Dustin Poirier,175.26,182.88,155,170.18,182.88,145,25,23,5.08,0.0,2,SUB,0.0,,0.0
5865,Red,Amir Sadollah,Jorge Lopez,177.8,183.0,170,177.8,187.96,170,31,23,0.0,-4.96,8,S-DEC,,1.0,0.0
5866,Red,Donald Cerrone,Jeremy Stephens,172.72,180.34,145,185.42,185.42,155,29,25,-12.7,-5.08,4,U-DEC,1.0,1.0,0.0
5867,Red,Yves Jabouin,Jeff Hougland,170.18,172.72,135,170.18,172.72,135,32,33,0.0,0.0,-1,U-DEC,,,1.0
5868,Red,Igor Pokrajac,Fabio Maldonado,185.42,190.5,205,182.88,193.04,205,33,32,2.54,-2.54,1,U-DEC,0.0,1.0,0.0
5870,Red,Brad Tavares,Dongi Yang,177.8,180.34,185,185.42,187.96,185,24,27,-7.62,-7.62,-3,U-DEC,1.0,1.0,1.0
5871,Red,Cody McKenzie,Marcus LeVesseur,175.26,177.8,155,182.88,182.88,155,24,29,-7.62,-5.08,-5,SUB,1.0,1.0,1.0
5872,Red,TJ Grant,Carlo Prater,180.34,182.88,155,177.8,182.88,155,28,30,2.54,0.0,-2,U-DEC,0.0,,1.0
5873,Red,Rafael Dos Anjos,Kamal Shalorus,172.72,172.72,155,172.72,177.8,170,27,39,0.0,-5.08,-12,SUB,,1.0,1.0
5876,Red,Nate Diaz,Jim Miller,172.72,180.34,155,182.88,193.04,170,27,28,-10.16,-12.7,-1,SUB,1.0,1.0,1.0
5881,Red,John Dodson,Tim Elliott,170.18,167.64,135,160.02,167.64,135,27,25,10.16,0.0,2,U-DEC,0.0,,0.0
5882,Red,John Hathaway,Pascal Krauss,185.42,182.88,170,185.42,190.5,170,24,25,0.0,-7.62,-1,U-DEC,,1.0,1.0
5883,Red,Louis Gaudinot,John Lineker,160.02,170.18,135,160.02,160.02,125,27,21,0.0,10.16,6,SUB,,0.0,0.0
5884,Red,Danny Castillo,John Cholish,180.34,182.88,155,175.26,180.34,155,32,28,5.08,2.54,4,U-DEC,0.0,0.0,0.0
5885,Red,Dennis Bermudez,Pablo Garza,185.42,185.42,145,167.64,167.64,155,25,28,17.78,17.78,-3,U-DEC,0.0,0.0,1.0
5886,Red,Roland Delorme,Nick Denis,170.18,178.0,135,175.26,180.34,135,28,28,-5.08,-2.34,0,SUB,1.0,1.0,
5888,Red,Jon Jones,Rashad Evans,182.88,190.5,205,193.04,213.36,205,24,32,-10.16,-22.86,-8,U-DEC,1.0,1.0,1.0
5889,Red,Rory MacDonald,Che Mills,185.42,193.04,170,182.88,193.04,170,22,29,2.54,0.0,-7,KO/TKO,0.0,,1.0
5893,Red,Mark Bocek,John Alessio,177.8,182.88,155,172.72,190.5,155,30,32,5.08,-7.62,-2,U-DEC,0.0,1.0,1.0
5894,Red,Travis Browne,Chad Griggs,185.42,185.42,205,198.12,200.66,255,29,33,-12.7,-15.24,-4,SUB,1.0,1.0,1.0
5895,Red,Matt Brown,Stephen Thompson,182.88,190.5,170,182.88,190.5,170,31,29,0.0,0.0,2,U-DEC,,,0.0
5897,Red,Mac Danzig,Efrain Escudero,175.26,177.8,155,172.72,177.8,155,32,26,2.54,0.0,6,U-DEC,0.0,,0.0
5899,Red,Marcus Brimage,Maximo Blanco,172.72,180.34,145,162.56,180.34,135,27,28,10.16,0.0,-1,S-DEC,0.0,,1.0
5900,Red,Alexander Gustafsson,Thiago Silva,187.96,187.96,205,195.58,200.66,205,25,29,-7.62,-12.7,-4,U-DEC,1.0,1.0,1.0
5901,Red,Brian Stann,Alessio Sakara,182.88,182.88,185,185.42,187.96,205,31,30,-2.54,-5.08,1,KO/TKO,1.0,1.0,0.0
5903,Red,Dennis Siver,Diego Nunes,167.64,170.18,145,167.64,177.8,145,33,29,0.0,-7.62,4,U-DEC,,1.0,0.0
5905,Red,Brad Pickett,Damacio Page,167.64,167.64,135,167.64,172.72,135,33,29,0.0,-5.08,4,SUB,,1.0,0.0
5907,Red,Cyrille Diabate,Tom DeBlass,182.88,190.5,185,198.12,205.74,205,38,29,-15.24,-15.24,9,M-DEC,1.0,1.0,0.0
5908,Red,Francis Carmont,Magnus Cedenblad,195.58,200.66,185,190.5,198.12,205,30,30,5.08,2.54,0,SUB,0.0,0.0,
5909,Red,Reza Madadi,Yoislandy Izquierdo,180.34,184.0,155,180.34,182.88,155,33,28,0.0,1.12,5,SUB,,0.0,0.0
5910,Red,Simeon Thoresen,Besam Yousef,180.34,180.34,170,185.42,200.66,170,28,27,-5.08,-20.32,1,SUB,1.0,1.0,0.0
5911,Red,Jason Young,Eric Wisely,172.72,178.0,145,175.26,185.42,145,25,27,-2.54,-7.42,-2,U-DEC,1.0,1.0,1.0
5913,Red,Joseph Benavidez,Yasuhiro Urushitani,165.1,170.0,125,162.56,165.1,125,27,35,2.54,4.9,-8,KO/TKO,0.0,0.0,1.0
5915,Red,James Te Huna,Aaron Rosa,193.04,198.12,205,187.96,190.5,185,30,28,5.08,7.62,2,KO/TKO,0.0,0.0,0.0
5916,Red,Anthony Perosh,Nick Penner,193.04,195.58,205,190.5,190.5,205,39,31,2.54,5.08,8,KO/TKO,0.0,0.0,0.0
5919,Red,TJ Waldburger,Jake Hecht,182.88,193.04,170,180.34,190.5,170,23,28,2.54,2.54,-5,SUB,0.0,0.0,1.0
5924,Red,Mark Hunt,Cheick Kongo,193.04,208.28,240,177.8,182.88,265,37,36,15.24,25.4,1,KO/TKO,0.0,0.0,0.0
5927,Red,Hatsu Hioki,Bart Palaszewski,175.26,177.8,145,180.34,177.8,145,28,28,-5.08,0.0,0,U-DEC,1.0,,
5928,Red,Anthony Pettis,Joe Lauzon,177.8,180.34,155,177.8,182.88,170,25,27,0.0,-2.54,-2,KO/TKO,,1.0,1.0
5929,Red,Takanori Gomi,Eiji Mitsuoka,170.18,173.0,145,170.18,177.8,155,33,36,0.0,-4.8,-3,KO/TKO,,1.0,1.0
5931,Red,Riki Fukuda,Steve Cantwell,187.96,190.5,185,182.88,185.42,185,31,25,5.08,5.08,6,U-DEC,0.0,0.0,0.0
5935,Red,Stefan Struve,Dave Herman,193.04,193.04,242,210.82,213.36,265,23,27,-17.78,-20.32,-4,KO/TKO,1.0,1.0,1.0
5937,Red,Stipe Miocic,Philip De Fries,195.58,208.28,250,193.04,203.2,240,29,25,2.54,5.08,4,KO/TKO,0.0,0.0,0.0
5938,Red,TJ Dillashaw,Walel Watson,180.34,175.26,135,167.64,170.18,125,26,27,12.7,5.08,-1,U-DEC,0.0,0.0,1.0
5939,Red,Ivan Menjivar,John Albert,172.72,172.72,135,167.64,162.56,145,29,25,5.08,10.16,4,SUB,0.0,0.0,0.0
5940,Red,Jonathan Brookins,Vagner Rocha,177.8,185.42,155,182.88,185.42,145,26,29,-5.08,0.0,-3,KO/TKO,1.0,,1.0
5942,Red,Tim Means,Bernardo Magalhaes,175.26,165.1,155,187.96,190.5,170,27,30,-12.7,-25.4,-3,U-DEC,1.0,1.0,1.0
5945,Red,Josh Koscheck,Mike Pierce,172.72,177.8,170,177.8,185.42,170,34,31,-5.08,-7.62,3,S-DEC,1.0,1.0,0.0
5946,Red,Renan Barao,Scott Jorgensen,165.1,167.64,135,167.64,177.8,135,25,29,-2.54,-10.16,-4,U-DEC,1.0,1.0,1.0
5947,Red,Ed Herman,Clifford Starks,182.88,195.58,185,185.42,195.58,205,31,30,-2.54,0.0,1,SUB,1.0,,0.0
5948,Red,Dustin Poirier,Max Holloway,180.34,175.26,155,175.26,182.88,155,23,20,5.08,-7.62,3,SUB,0.0,1.0,0.0
5950,Red,Matt Brown,Chris Cope,182.88,182.88,170,182.88,190.5,170,31,28,0.0,-7.62,3,KO/TKO,,1.0,0.0
5951,Red,Matthew Riddle,Henry Martinez,170.18,172.72,155,185.42,187.96,170,26,28,-15.24,-15.24,-2,S-DEC,1.0,1.0,1.0
5952,Red,Rafael Natal,Michael Kuiper,182.88,185.42,185,182.88,193.04,185,29,22,0.0,-7.62,7,U-DEC,,1.0,0.0
5954,Red,Rashad Evans,Phil Davis,187.96,200.66,205,182.88,190.5,205,32,27,5.08,10.16,5,U-DEC,0.0,0.0,0.0
5955,Red,Chael Sonnen,Michael Bisping,185.42,190.5,185,185.42,187.96,205,34,32,0.0,2.54,2,U-DEC,,0.0,0.0
5957,Red,Evan Dunham,Nik Lentz,172.72,172.72,155,177.8,177.8,155,30,27,-5.08,-5.08,3,KO/TKO,1.0,1.0,0.0
5958,Red,Mike Russow,Jon Olav Einemo,198.12,206.0,253,185.42,185.42,255,35,36,12.7,20.58,-1,U-DEC,0.0,0.0,1.0
5959,Red,Cub Swanson,George Roop,185.42,182.88,135,172.72,177.8,145,28,30,12.7,5.08,-2,KO/TKO,0.0,0.0,1.0
5960,Red,Charles Oliveira,Eric Wisely,172.72,178.0,145,177.8,187.96,155,22,27,-5.08,-9.96,-5,SUB,1.0,1.0,1.0
5961,Red,Michael Johnson,Shane Roller,177.8,182.88,155,177.8,185.42,145,25,32,0.0,-2.54,-7,U-DEC,,1.0,1.0
5963,Red,Chris Camozzi,Dustin Jacoby,193.04,198.12,185,187.96,193.04,185,25,23,5.08,5.08,2,SUB,0.0,0.0,0.0
5966,Red,Mike Easton,Jared Papazian,172.72,170.18,135,167.64,177.8,135,27,23,5.08,-7.62,4,M-DEC,0.0,1.0,0.0
5967,Red,Pat Barry,Christian Morecraft,198.12,205.74,260,180.34,187.96,235,32,25,17.78,17.78,7,KO/TKO,0.0,0.0,0.0
5968,Red,Jorge Rivera,Eric Schafer,190.5,190.5,185,185.42,185.42,185,39,34,5.08,5.08,5,KO/TKO,0.0,0.0,0.0
5970,Red,Charlie Brenneman,Daniel Roberts,177.8,187.96,170,177.8,182.88,155,30,31,0.0,5.08,-1,U-DEC,,0.0,1.0
5971,Red,Fabricio Camoes,Tommy Hayden,175.26,182.88,145,177.8,185.42,155,33,25,-2.54,-2.54,8,SUB,1.0,1.0,0.0
5972,Red,Daniel Pineda,Pat Schilling,172.72,175.26,145,170.18,175.26,145,26,23,2.54,0.0,3,SUB,0.0,,0.0
5974,Red,Jose Aldo,Chad Mendes,167.64,167.64,145,170.18,177.8,145,25,26,-2.54,-10.16,-1,KO/TKO,1.0,1.0,1.0
5975,Red,Vitor Belfort,Anthony Johnson,187.96,198.12,205,182.88,187.96,185,34,27,5.08,10.16,7,SUB,0.0,0.0,0.0
5976,Red,Rousimar Palhares,Mike Massenzio,187.96,185.42,185,172.72,180.34,170,31,29,15.24,5.08,2,SUB,0.0,0.0,0.0
5978,Red,Edson Barboza,Terry Etim,185.42,185.42,155,180.34,190.5,155,25,26,5.08,-5.08,-1,KO/TKO,0.0,1.0,1.0
5979,Red,Thiago Tavares,Sam Stout,175.26,177.8,155,170.18,172.72,145,27,27,5.08,5.08,0,U-DEC,0.0,0.0,
5980,Red,Gabriel Gonzaga,Ednaldo Oliveira,195.58,200.66,205,187.96,193.04,242,32,27,7.62,7.62,5,SUB,0.0,0.0,0.0
5981,Red,Iuri Alcantara,Michihiro Omigawa,167.64,172.72,145,175.26,180.34,135,31,36,-7.62,-7.62,-5,U-DEC,1.0,1.0,1.0
5983,Red,Felipe Arantes,Antonio Carvalho,175.26,172.72,145,172.72,185.42,135,23,32,2.54,-12.7,-9,U-DEC,0.0,1.0,1.0
5985,Red,Nate Diaz,Donald Cerrone,185.42,185.42,155,182.88,193.04,170,26,28,2.54,-7.62,-2,U-DEC,0.0,1.0,1.0
5989,Red,Ross Pearson,Junior Assuncao,175.26,182.88,145,172.72,175.26,155,27,30,2.54,7.62,-3,U-DEC,0.0,0.0,1.0
5991,Red,Dong Hyun Kim,Sean Pierson,182.88,193.04,170,187.96,193.04,170,30,35,-5.08,0.0,-5,U-DEC,1.0,,1.0
5992,Red,Jacob Volkmann,Efrain Escudero,175.26,177.8,155,175.26,180.34,155,31,25,0.0,-2.54,6,U-DEC,,1.0,0.0
5994,Red,Jon Jones,Lyoto Machida,185.42,187.96,185,193.04,213.36,205,24,33,-7.62,-25.4,-9,SUB,1.0,1.0,1.0
5995,Red,Frank Mir,Minotauro Nogueira,190.5,195.58,240,190.5,200.66,264,32,35,0.0,-5.08,-3,,,1.0,1.0
6003,Red,Mark Bocek,Nik Lentz,172.72,172.72,155,172.72,190.5,155,30,27,0.0,-17.78,3,U-DEC,,1.0,0.0
6006,Red,Michael Bisping,Jason Miller,185.42,182.88,185,185.42,190.5,185,32,30,0.0,-7.62,2,KO/TKO,,1.0,0.0
6007,Red,Diego Brandao,Dennis Bermudez,167.64,167.64,155,170.18,172.72,145,24,24,-2.54,-5.08,0,SUB,1.0,1.0,
6009,Red,Tony Ferguson,Yves Edwards,175.26,185.42,155,180.34,193.04,155,27,35,-5.08,-7.62,-8,U-DEC,1.0,1.0,1.0
6011,Red,Marcus Brimage,Stephen Bass,175.26,185.0,145,162.56,180.34,135,26,29,12.7,4.66,-3,U-DEC,0.0,0.0,1.0
6013,Red,Roland Delorme,Josh Ferguson,165.1,167.64,125,175.26,180.34,135,27,23,-10.16,-12.7,4,SUB,1.0,1.0,0.0
6014,Red,Steven Siler,Josh Clopton,167.64,172.72,145,180.34,177.8,145,24,30,-12.7,-5.08,-6,U-DEC,1.0,1.0,1.0
6015,Red,Bryan Caraway,Dustin Neace,175.26,175.0,145,172.72,172.72,135,27,25,2.54,2.28,2,SUB,0.0,0.0,0.0
6017,Red,Wanderlei Silva,Cung Le,175.26,175.26,185,180.34,187.96,205,35,39,-5.08,-12.7,-4,KO/TKO,1.0,1.0,1.0
6018,Red,Urijah Faber,Brian Bowles,170.18,177.8,135,167.64,170.18,135,32,31,2.54,7.62,1,SUB,0.0,0.0,0.0
6020,Red,Stephan Bonnar,Kyle Kingsbury,193.04,193.04,205,193.04,198.12,205,34,29,0.0,-5.08,5,U-DEC,,1.0,0.0
6021,Red,Ryan Bader,Jason Brilz,180.34,180.34,205,187.96,187.96,205,28,36,-7.62,-7.62,-8,KO/TKO,1.0,1.0,1.0
6022,Red,Michael McDonald,Alex Soto,172.72,180.34,135,175.26,177.8,135,20,27,-2.54,2.54,-7,KO/TKO,1.0,0.0,1.0
6024,Red,Gleison Tibau,Rafael Dos Anjos,172.72,177.8,170,177.8,180.34,155,28,27,-5.08,-2.54,1,S-DEC,1.0,1.0,0.0
6025,Red,Miguel Torres,Nick Pace,170.18,172.72,135,175.26,193.04,135,30,24,-5.08,-20.32,6,U-DEC,1.0,1.0,0.0
6027,Red,Danny Castillo,Shamar Bailey,175.26,190.5,155,175.26,180.34,155,32,29,0.0,10.16,3,KO/TKO,,0.0,0.0
6030,Red,Dustin Poirier,Pablo Garza,185.42,185.42,145,175.26,182.88,155,22,28,10.16,2.54,-6,SUB,0.0,0.0,1.0
6032,Red,DaMarques Johnson,Clay Harvison,185.42,187.96,170,185.42,190.5,170,29,31,0.0,-2.54,-2,KO/TKO,,1.0,1.0
6034,Red,Alex Caceres,Cole Escovedo,170.18,182.88,135,177.8,185.42,145,23,30,-7.62,-2.54,-7,U-DEC,1.0,1.0,1.0
6035,Red,Mike Pierce,Paul Bradley,175.26,183.0,170,172.72,177.8,170,31,28,2.54,5.2,3,S-DEC,0.0,0.0,0.0
6036,Red,Aaron Rosa,Matt Lucas,185.42,185.0,205,193.04,198.12,205,28,38,-7.62,-13.12,-10,M-DEC,1.0,1.0,1.0
6039,Red,Thiago Alves,Papy Abedi,180.34,187.96,185,175.26,177.8,170,28,33,5.08,10.16,-5,SUB,0.0,0.0,1.0
6041,Red,Terry Etim,Edward Faaloloto,185.42,177.8,155,185.42,185.42,155,25,27,0.0,-7.62,-2,SUB,,1.0,1.0
6042,Red,John Maguire,Justin Edwards,177.8,177.8,155,175.26,175.26,155,28,28,2.54,2.54,0,U-DEC,0.0,0.0,
6044,Red,Michihiro Omigawa,Jason Young,175.26,185.42,145,167.64,172.72,145,35,25,7.62,12.7,10,U-DEC,0.0,0.0,0.0
6046,Red,Chris Cariaso,Vaughan Lee,167.64,167.64,125,160.02,160.02,125,30,29,7.62,7.62,1,S-DEC,0.0,0.0,0.0
6048,Red,Cheick Kongo,Matt Mitrione,190.5,200.66,265,193.04,208.28,240,36,33,-2.54,-7.62,3,U-DEC,1.0,1.0,0.0
6050,Red,Scott Jorgensen,Jeff Curran,167.64,175.26,135,165.1,167.64,135,29,34,2.54,7.62,-5,U-DEC,0.0,0.0,1.0
6051,Red,Hatsu Hioki,George Roop,185.42,182.88,135,180.34,177.8,145,28,29,5.08,5.08,-1,S-DEC,0.0,0.0,1.0
6054,Red,Brandon Vera,Eliot Marshall,187.96,195.58,205,190.5,193.04,230,34,31,-2.54,2.54,3,U-DEC,1.0,0.0,0.0
6055,Red,Ramsey Nijem,Danny Downes,182.88,182.88,155,180.34,190.5,155,23,25,2.54,-7.62,-2,U-DEC,0.0,1.0,1.0
6058,Red,Frankie Edgar,Gray Maynard,175.26,177.8,155,167.64,172.72,145,29,32,7.62,5.08,-3,KO/TKO,0.0,0.0,1.0
6059,Red,Jose Aldo,Kenny Florian,177.8,187.96,145,170.18,177.8,145,25,35,7.62,10.16,-10,U-DEC,0.0,0.0,1.0
6060,Red,Chael Sonnen,Brian Stann,185.42,187.96,205,185.42,187.96,205,34,31,0.0,0.0,3,SUB,,,0.0
6063,Red,Demian Maia,Jorge Santiago,185.42,187.96,170,185.42,182.88,170,33,30,0.0,5.08,3,U-DEC,,0.0,0.0
6064,Red,Anthony Pettis,Jeremy Stephens,172.72,180.34,145,177.8,182.88,170,24,25,-5.08,-2.54,-1,S-DEC,1.0,1.0,1.0
6067,Red,Aaron Simpson,Eric Schafer,190.5,190.5,185,182.88,185.42,170,37,34,7.62,5.08,3,U-DEC,0.0,0.0,0.0
6069,Red,Dominick Cruz,Demetrious Johnson,160.02,167.64,125,172.72,172.72,135,26,25,-12.7,-5.08,1,U-DEC,1.0,1.0,0.0
6071,Red,Anthony Johnson,Charlie Brenneman,177.8,182.88,155,187.96,198.12,205,27,30,-10.16,-15.24,-3,KO/TKO,1.0,1.0,1.0
6072,Red,Matt Wiman,Mac Danzig,172.72,177.8,155,177.8,172.72,155,28,31,-5.08,5.08,-3,U-DEC,1.0,0.0,1.0
6073,Red,Yves Edwards,Rafaello Oliveira,172.72,180.34,155,175.26,185.42,155,35,29,-2.54,-5.08,6,KO/TKO,1.0,1.0,0.0
6075,Red,Mike Easton,Byron Bloodworth,172.72,175.26,135,167.64,177.8,135,27,28,5.08,-2.54,-1,KO/TKO,0.0,1.0,1.0
6077,Red,Josh Neer,Keith Wisniewski,182.88,190.5,170,180.34,182.88,170,28,29,2.54,7.62,-1,KO/TKO,0.0,0.0,1.0
6078,Red,Walel Watson,Joseph Sandoval,170.18,168.0,135,180.34,175.26,135,27,25,-10.16,-7.26,2,KO/TKO,1.0,1.0,0.0
6079,Red,Jon Jones,Rampage Jackson,185.42,185.42,205,193.04,213.36,205,24,33,-7.62,-27.94,-9,,1.0,1.0,1.0
6082,Red,Travis Browne,Rob Broughton,187.96,187.96,265,198.12,200.66,255,29,28,-10.16,-12.7,1,U-DEC,1.0,1.0,0.0
6083,Red,Nate Diaz,Takanori Gomi,170.18,177.8,155,182.88,193.04,170,26,33,-12.7,-15.24,-7,SUB,1.0,1.0,1.0
6084,Red,Tony Ferguson,Aaron Riley,172.72,175.26,155,180.34,193.04,155,27,30,-7.62,-17.78,-3,KO/TKO,1.0,1.0,1.0
6086,Red,Junior Assuncao,Eddie Yagin,170.18,175.0,145,175.26,182.88,145,30,32,-5.08,-7.88,-2,U-DEC,1.0,1.0,1.0
6087,Red,Takeya Mizugaki,Cole Escovedo,170.18,182.88,135,170.18,172.72,135,27,30,0.0,10.16,-3,KO/TKO,,0.0,1.0
6088,Red,James Te Huna,Ricardo Romero,182.88,193.04,205,187.96,190.5,185,29,33,-5.08,2.54,-4,KO/TKO,1.0,0.0,1.0
6090,Red,Court McGee,Dongi Yang,177.8,180.34,185,180.34,190.5,170,26,26,-2.54,-10.16,0,U-DEC,1.0,1.0,
6092,Red,Alan Belcher,Jason MacDonald,190.5,203.2,185,187.96,185.42,185,27,36,2.54,17.78,-9,KO/TKO,0.0,0.0,1.0
6094,Red,Evan Dunham,Shamar Bailey,175.26,190.5,155,177.8,177.8,155,29,28,-2.54,12.7,1,U-DEC,1.0,0.0,0.0
6096,Red,Ken Stone,Donny Walker,175.26,180.0,135,172.72,180.34,135,28,31,2.54,-0.34,-3,SUB,0.0,1.0,1.0
6098,Red,TJ Waldburger,Mike Stumpf,177.8,180.34,170,180.34,190.5,170,23,25,-2.54,-10.16,-2,SUB,1.0,1.0,1.0
6099,Red,Robert Peralta,Mike Lullo,172.72,178.0,145,172.72,180.34,145,25,32,0.0,-2.34,-7,U-DEC,,1.0,1.0
6100,Red,Justin Edwards,Jorge Lopez,177.8,183.0,170,177.8,177.8,155,28,22,0.0,5.2,6,U-DEC,,0.0,0.0
6101,Red,Anderson Silva,Yushin Okami,187.96,190.5,170,187.96,195.58,185,36,30,0.0,-5.08,6,KO/TKO,,1.0,0.0
6102,Red,Mauricio Rua,Forrest Griffin,190.5,195.58,205,185.42,193.04,205,29,32,5.08,2.54,-3,KO/TKO,0.0,0.0,1.0
6104,Red,Minotauro Nogueira,Brendan Schaub,193.04,198.12,245,190.5,195.58,240,35,28,2.54,2.54,7,,0.0,0.0,0.0
6106,Red,Thiago Tavares,Spencer Fisher,170.18,177.8,155,170.18,172.72,145,26,35,0.0,5.08,-9,KO/TKO,,0.0,1.0
6107,Red,Rousimar Palhares,Dan Miller,185.42,187.96,185,172.72,180.34,170,31,30,12.7,7.62,1,U-DEC,0.0,0.0,0.0
6108,Red,Paulo Thiago,David Mitchell,182.88,193.04,170,180.34,185.42,170,30,31,2.54,7.62,-1,U-DEC,0.0,0.0,1.0
6109,Red,Raphael Assuncao,Johnny Eduardo,170.18,180.34,135,165.1,167.64,135,29,33,5.08,12.7,-4,U-DEC,0.0,0.0,1.0
6110,Red,Erick Silva,Luis Ramos,172.72,183.0,170,182.88,187.96,170,27,30,-10.16,-4.96,-3,KO/TKO,1.0,1.0,1.0
6111,Red,Iuri Alcantara,Felipe Arantes,172.72,185.42,135,175.26,180.34,135,31,23,-2.54,5.08,8,U-DEC,1.0,0.0,0.0
6112,Red,Yves Jabouin,Ian Loveland,172.72,178.0,145,170.18,172.72,135,32,27,2.54,5.28,5,S-DEC,0.0,0.0,0.0
6115,Red,Donald Cerrone,Charles Oliveira,177.8,187.96,155,185.42,185.42,155,28,21,-7.62,2.54,7,KO/TKO,1.0,0.0,0.0
6118,Red,Joseph Benavidez,Eddie Wineland,170.18,175.26,135,162.56,165.1,125,27,27,7.62,10.16,0,U-DEC,0.0,0.0,
6119,Red,Ed Herman,Kyle Noke,185.42,193.04,170,185.42,195.58,205,30,31,0.0,-2.54,-1,SUB,,1.0,1.0
6120,Red,Ronny Markes,Karlos Vemola,182.88,190.5,185,185.42,190.5,185,23,26,-2.54,0.0,-3,U-DEC,1.0,,1.0
6121,Red,Jimy Hettes,Alex Caceres,177.8,185.42,145,175.26,180.34,145,24,23,2.54,5.08,1,SUB,0.0,0.0,0.0
6122,Red,Cole Miller,TJ O'Brien,187.96,196.0,155,185.42,187.96,145,27,24,2.54,8.04,3,SUB,0.0,0.0,0.0
6123,Red,Jacob Volkmann,Danny Castillo,175.26,180.34,155,175.26,180.34,155,30,31,0.0,0.0,-1,U-DEC,,,1.0
6124,Red,Edwin Figueroa,Jason Reinhardt,167.64,163.0,135,170.18,175.26,135,27,41,-2.54,-12.26,-14,KO/TKO,1.0,1.0,1.0
6125,Red,Rashad Evans,Tito Ortiz,190.5,187.96,205,182.88,190.5,205,31,36,7.62,-2.54,-5,KO/TKO,0.0,1.0,1.0
6126,Red,Vitor Belfort,Yoshihiro Akiyama,177.8,185.42,170,182.88,187.96,185,34,36,-5.08,-2.54,-2,KO/TKO,1.0,1.0,1.0
6129,Red,Rory MacDonald,Mike Pyle,182.88,187.96,170,182.88,193.04,170,22,35,0.0,-5.08,-13,KO/TKO,,1.0,1.0
6131,Red,Chad Mendes,Rani Yahya,167.64,170.18,135,167.64,167.64,145,26,26,0.0,2.54,0,U-DEC,,0.0,
6132,Red,Ivan Menjivar,Nick Pace,170.18,172.72,135,167.64,162.56,145,29,24,2.54,10.16,5,U-DEC,0.0,0.0,0.0
6133,Red,Johny Hendricks,Mike Pierce,172.72,177.8,170,175.26,175.26,185,27,30,-2.54,2.54,-3,S-DEC,1.0,0.0,1.0
6134,Red,Mike Brown,Nam Phan,167.64,177.8,135,167.64,177.8,145,35,28,0.0,0.0,7,U-DEC,,,0.0
6135,Red,Rafael Natal,Paul Bradley,175.26,183.0,170,182.88,193.04,185,28,28,-7.62,-10.04,0,U-DEC,1.0,1.0,
6136,Red,Dominick Cruz,Urijah Faber,167.64,170.18,135,172.72,172.72,135,26,32,-5.08,-2.54,-6,U-DEC,1.0,1.0,1.0
6138,Red,Dennis Siver,Matt Wiman,177.8,172.72,155,167.64,177.8,145,32,27,10.16,-5.08,5,U-DEC,0.0,1.0,0.0
6139,Red,Tito Ortiz,Ryan Bader,187.96,187.96,205,190.5,187.96,205,36,28,-2.54,0.0,8,SUB,1.0,,0.0
6140,Red,Carlos Condit,Dong Hyun Kim,187.96,193.04,170,187.96,190.5,170,27,29,0.0,2.54,-2,KO/TKO,,0.0,1.0
6141,Red,Melvin Guillard,Shane Roller,177.8,182.88,155,175.26,172.72,155,28,31,2.54,10.16,-3,KO/TKO,0.0,0.0,1.0
6143,Red,Brian Bowles,Takeya Mizugaki,170.18,172.72,135,170.18,177.8,135,31,27,0.0,-5.08,4,U-DEC,,1.0,0.0
6145,Red,Anthony Njokuani,Andre Winner,180.34,185.42,155,185.42,190.5,155,31,29,-5.08,-5.08,2,U-DEC,1.0,1.0,0.0
6146,Red,Jeff Hougland,Donny Walker,175.26,180.0,135,170.18,172.72,135,32,31,5.08,7.28,1,U-DEC,0.0,0.0,0.0
6147,Red,Cheick Kongo,Pat Barry,180.34,187.96,235,193.04,208.28,240,36,31,-12.7,-20.32,5,KO/TKO,1.0,1.0,0.0
6148,Red,Charlie Brenneman,Rick Story,175.26,180.34,170,177.8,182.88,155,30,26,-2.54,-2.54,4,U-DEC,1.0,1.0,0.0
6149,Red,Matt Brown,John Howard,170.18,180.34,170,182.88,190.5,170,30,28,-12.7,-10.16,2,U-DEC,1.0,1.0,0.0
6151,Red,Tyson Griffin,Manvel Gamburyan,165.1,170.18,135,167.64,172.72,145,27,30,-2.54,-2.54,-3,U-DEC,1.0,1.0,1.0
6153,Red,Joe Lauzon,Curt Warburton,182.88,185.42,155,177.8,180.34,155,27,30,5.08,5.08,-3,SUB,0.0,0.0,1.0
6155,Red,Ricardo Lamas,Matt Grice,172.72,177.8,145,172.72,180.34,145,29,29,0.0,-2.54,0,KO/TKO,,1.0,
6156,Red,Michael Johnson,Edward Faaloloto,177.8,177.8,155,177.8,185.42,145,25,26,0.0,-7.62,-1,KO/TKO,,1.0,1.0
6158,Red,Kenny Florian,Diego Nunes,167.64,170.18,145,177.8,187.96,145,35,28,-10.16,-17.78,7,U-DEC,1.0,1.0,0.0
6159,Red,Mark Munoz,Demian Maia,185.42,182.88,170,182.88,182.88,185,33,33,2.54,0.0,0,U-DEC,0.0,,
6160,Red,Dave Herman,Jon Olav Einemo,198.12,206.0,253,193.04,193.04,242,26,35,5.08,12.96,-9,KO/TKO,0.0,0.0,1.0
6165,Red,Nick Ring,James Head,185.42,185.42,170,182.88,187.96,185,32,27,2.54,-2.54,5,SUB,0.0,1.0,0.0
6166,Red,Dustin Poirier,Jason Young,175.26,185.42,145,175.26,182.88,155,22,24,0.0,2.54,-2,U-DEC,,0.0,1.0
6167,Red,Joey Beltran,Aaron Rosa,193.04,198.12,205,185.42,190.5,185,29,28,7.62,7.62,1,KO/TKO,0.0,0.0,0.0
6168,Red,Darren Elkins,Michihiro Omigawa,167.64,172.72,145,177.8,180.34,145,27,35,-10.16,-7.62,-8,U-DEC,1.0,1.0,1.0
6170,Red,Clay Guida,Anthony Pettis,177.8,182.88,170,170.18,177.8,155,29,24,7.62,5.08,5,U-DEC,0.0,0.0,0.0
6171,Red,Ed Herman,Tim Credeur,190.5,190.5,185,185.42,195.58,205,30,33,5.08,-5.08,-3,KO/TKO,0.0,1.0,1.0
6177,Red,Clay Harvison,Justin Edwards,177.8,177.8,155,185.42,187.96,170,30,28,-7.62,-10.16,2,S-DEC,1.0,1.0,0.0
6178,Red,Scott Jorgensen,Ken Stone,172.72,180.34,135,165.1,167.64,135,28,28,7.62,12.7,0,KO/TKO,0.0,0.0,
6179,Red,Reuben Duran,Francisco Rivera,172.72,172.72,135,170.18,175.26,135,27,29,2.54,-2.54,-2,SUB,0.0,1.0,1.0
6180,Red,Rampage Jackson,Matt Hamill,185.42,193.04,205,185.42,185.42,205,32,34,0.0,7.62,-2,,,0.0,1.0
6181,Red,Frank Mir,Roy Nelson,182.88,182.88,263,190.5,200.66,264,32,34,-7.62,-17.78,-2,U-DEC,1.0,1.0,1.0
6184,Red,Brian Stann,Jorge Santiago,185.42,187.96,170,185.42,187.96,205,30,30,0.0,0.0,0,KO/TKO,,,
6187,Red,Gleison Tibau,Rafaello Oliveira,172.72,180.34,155,177.8,180.34,155,27,29,-5.08,0.0,-2,SUB,1.0,,1.0
6188,Red,Michael McDonald,Chris Cariaso,160.02,160.02,125,175.26,177.8,135,20,30,-15.24,-17.78,-10,S-DEC,1.0,1.0,1.0
6190,Red,Georges St-Pierre,Jake Shields,182.88,182.88,170,180.34,193.04,185,29,32,2.54,-10.16,-3,U-DEC,0.0,1.0,1.0
6191,Red,Jose Aldo,Mark Hominick,172.72,172.72,145,170.18,177.8,145,24,28,2.54,-5.08,-4,U-DEC,0.0,1.0,1.0
6192,Red,Lyoto Machida,Randy Couture,185.42,190.5,205,185.42,187.96,185,32,47,0.0,2.54,-15,KO/TKO,,0.0,1.0
6193,Red,Vladimir Matyushenko,Jason Brilz,180.34,180.34,205,182.88,187.96,205,40,35,-2.54,-7.62,5,KO/TKO,1.0,1.0,0.0
6196,Red,Jake Ellenberger,Sean Pierson,182.88,193.04,170,175.26,180.34,170,26,35,7.62,12.7,-9,KO/TKO,0.0,0.0,1.0
6198,Red,Ivan Menjivar,Charlie Valencia,160.02,162.56,135,167.64,162.56,145,28,36,-7.62,0.0,-8,KO/TKO,1.0,,1.0
6199,Red,Jason MacDonald,Ryan Jensen,185.42,193.04,185,190.5,203.2,185,35,33,-5.08,-10.16,2,SUB,1.0,1.0,0.0
6200,Red,John Makdessi,Kyle Watson,182.88,178.0,155,172.72,172.72,155,25,31,10.16,5.28,-6,KO/TKO,0.0,0.0,1.0
6202,Red,Phil Davis,Rogerio Nogueira,187.96,190.5,205,187.96,200.66,205,26,34,0.0,-10.16,-8,U-DEC,,1.0,1.0
6203,Red,Anthony Johnson,Dan Hardy,182.88,187.96,170,187.96,198.12,205,27,28,-5.08,-10.16,-1,U-DEC,1.0,1.0,1.0
6205,Red,Chan Sung Jung,Leonard Garcia,177.8,175.26,145,170.18,182.88,145,24,31,7.62,-7.62,-7,SUB,0.0,1.0,1.0
6208,Red,John Hathaway,Kris McCray,182.88,193.04,170,185.42,190.5,170,23,29,-2.54,2.54,-6,S-DEC,1.0,0.0,1.0
6209,Red,Michael McDonald,Edwin Figueroa,170.18,175.26,135,175.26,177.8,135,20,26,-5.08,-2.54,-6,U-DEC,1.0,1.0,1.0
6211,Red,Johny Hendricks,TJ Waldburger,180.34,190.5,170,175.26,175.26,185,27,22,5.08,15.24,5,KO/TKO,0.0,0.0,0.0
6215,Red,Urijah Faber,Eddie Wineland,170.18,175.26,135,167.64,170.18,135,31,26,2.54,5.08,5,U-DEC,0.0,0.0,0.0
6216,Red,Jim Miller,Kamal Shalorus,172.72,172.72,155,172.72,180.34,155,27,38,0.0,-7.62,-11,KO/TKO,,1.0,1.0
6219,Red,Luiz Cane,Eliot Marshall,187.96,195.58,205,187.96,195.58,185,29,30,0.0,0.0,-1,KO/TKO,,,1.0
6220,Red,Edson Barboza,Anthony Njokuani,185.42,190.5,155,180.34,190.5,155,25,31,5.08,0.0,-6,U-DEC,0.0,,1.0
6223,Red,Joseph Benavidez,Ian Loveland,172.72,178.0,145,162.56,165.1,125,26,27,10.16,12.9,-1,U-DEC,0.0,0.0,1.0
6225,Red,Erik Koch,Raphael Assuncao,165.1,167.64,135,177.8,180.34,155,22,28,-12.7,-12.7,-6,KO/TKO,1.0,1.0,1.0
6226,Red,Diego Sanchez,Martin Kampmann,182.88,182.88,170,177.8,182.88,170,29,28,5.08,0.0,1,U-DEC,0.0,,0.0
6229,Red,Brian Bowles,Damacio Page,167.64,167.64,135,170.18,177.8,135,30,28,-2.54,-10.16,2,SUB,1.0,1.0,0.0
6233,Red,Takeya Mizugaki,Reuben Duran,170.18,175.26,135,170.18,172.72,135,27,27,0.0,2.54,0,S-DEC,,0.0,
6236,Red,Igor Pokrajac,Todd Brown,180.34,188.0,205,182.88,193.04,205,32,34,-2.54,-5.04,-2,KO/TKO,1.0,1.0,1.0
6237,Red,Michael Bisping,Jorge Rivera,185.42,185.42,185,185.42,190.5,185,31,38,0.0,-5.08,-7,KO/TKO,,1.0,1.0
6239,Red,Brian Ebersole,Chris Lytle,180.34,172.72,170,182.88,185.42,170,30,36,-2.54,-12.7,-6,U-DEC,1.0,1.0,1.0
6241,Red,Ross Pearson,Spencer Fisher,170.18,177.8,155,172.72,175.26,155,26,34,-2.54,2.54,-8,U-DEC,1.0,0.0,1.0
6242,Red,Alexander Gustafsson,James Te Huna,187.96,190.5,185,195.58,200.66,205,24,29,-7.62,-10.16,-5,SUB,1.0,1.0,1.0
6243,Red,Nick Ring,Riki Fukuda,182.88,185.42,185,182.88,187.96,185,32,30,0.0,-2.54,2,U-DEC,,1.0,0.0
6245,Red,Tiequan Zhang,Jason Reinhardt,167.64,163.0,135,172.72,177.8,155,32,41,-5.08,-14.8,-9,SUB,1.0,1.0,1.0
6246,Red,Mark Hunt,Chris Tuchscherer,187.96,193.04,258,177.8,182.88,265,36,35,10.16,10.16,1,KO/TKO,0.0,0.0,0.0
6248,Red,Anderson Silva,Vitor Belfort,182.88,187.96,185,187.96,195.58,185,35,33,-5.08,-7.62,2,KO/TKO,1.0,1.0,0.0
6249,Red,Forrest Griffin,Rich Franklin,185.42,190.5,185,190.5,195.58,205,31,36,-5.08,-5.08,-5,U-DEC,1.0,1.0,1.0
6250,Red,Jon Jones,Ryan Bader,187.96,187.96,205,193.04,213.36,205,23,27,-5.08,-25.4,-4,SUB,1.0,1.0,1.0
6251,Red,Jake Ellenberger,Carlos Eduardo Rocha,177.8,177.8,170,175.26,180.34,170,25,29,2.54,-2.54,-4,S-DEC,0.0,1.0,1.0
6252,Red,Miguel Torres,Antonio Banuelos,165.1,160.02,135,175.26,193.04,135,30,31,-10.16,-33.02,-1,U-DEC,1.0,1.0,1.0
6253,Red,Donald Cerrone,Paul Kelly,175.26,177.8,155,185.42,185.42,155,27,26,-10.16,-7.62,1,SUB,1.0,1.0,0.0
6254,Red,Chad Mendes,Michihiro Omigawa,167.64,172.72,145,167.64,167.64,145,25,35,0.0,5.08,-10,U-DEC,,0.0,1.0
6256,Red,Paul Taylor,Gabe Ruediger,177.8,178.0,155,182.88,182.88,155,31,33,-5.08,-4.88,-2,KO/TKO,1.0,1.0,1.0
6257,Red,Kyle Kingsbury,Ricardo Romero,182.88,193.04,205,193.04,193.04,205,28,32,-10.16,0.0,-4,KO/TKO,1.0,,1.0
6258,Red,Mike Pierce,Kenny Robertson,177.8,187.96,170,172.72,177.8,170,30,26,5.08,10.16,4,KO/TKO,0.0,0.0,0.0
6259,Red,Melvin Guillard,Evan Dunham,177.8,177.8,155,175.26,172.72,155,27,29,2.54,5.08,-2,KO/TKO,0.0,0.0,1.0
6260,Red,Matt Mitrione,Tim Hague,193.04,193.04,260,190.5,200.66,265,32,27,2.54,-7.62,5,KO/TKO,0.0,1.0,0.0
6261,Red,Mark Hominick,George Roop,185.42,182.88,135,172.72,172.72,145,28,29,12.7,10.16,-1,KO/TKO,0.0,0.0,1.0
6262,Red,Pat Barry,Joey Beltran,185.42,190.5,185,180.34,187.96,235,31,29,5.08,2.54,2,U-DEC,0.0,0.0,0.0
6265,Red,DaMarques Johnson,Mike Guymon,182.88,187.96,170,185.42,190.5,170,28,36,-2.54,-2.54,-8,SUB,1.0,1.0,1.0
6266,Red,Rani Yahya,Mike Brown,167.64,177.8,145,167.64,170.18,135,26,35,0.0,7.62,-9,U-DEC,,0.0,1.0
6267,Red,Waylon Lowe,Willamy Freire,172.72,178.0,155,170.18,174.0,145,30,23,2.54,4.0,7,U-DEC,0.0,0.0,0.0
6268,Red,Charlie Brenneman,Amilcar Alves,182.88,185.42,170,177.8,182.88,155,29,22,5.08,2.54,7,U-DEC,0.0,0.0,0.0
6272,Red,Clay Guida,Takanori Gomi,170.18,177.8,155,170.18,177.8,155,29,32,0.0,0.0,-3,SUB,,,1.0
6273,Red,Jeremy Stephens,Marcus Davis,177.8,177.8,170,172.72,180.34,145,24,37,5.08,-2.54,-13,KO/TKO,0.0,1.0,1.0
6274,Red,Dustin Poirier,Josh Grispi,180.34,187.96,145,175.26,182.88,155,21,22,5.08,5.08,-1,U-DEC,0.0,0.0,1.0
6277,Red,Daniel Roberts,Greg Soto,180.34,185.42,170,177.8,187.96,170,30,24,2.54,-2.54,6,SUB,0.0,1.0,0.0
6278,Red,Jacob Volkmann,Antonio McKee,172.72,183.0,155,175.26,180.34,155,30,40,-2.54,2.66,-10,S-DEC,1.0,0.0,1.0
6279,Red,Georges St-Pierre,Josh Koscheck,177.8,185.42,170,180.34,193.04,185,29,33,-2.54,-7.62,-4,U-DEC,1.0,1.0,1.0
6280,Red,Stefan Struve,Sean McCorkle,200.66,205.74,265,210.82,213.36,265,22,34,-10.16,-7.62,-12,KO/TKO,1.0,1.0,1.0
6281,Red,Jim Miller,Charles Oliveira,177.8,187.96,155,172.72,180.34,155,27,21,5.08,7.62,6,SUB,0.0,0.0,0.0
6283,Red,Thiago Alves,John Howard,170.18,180.34,170,175.26,177.8,170,27,27,-5.08,2.54,0,U-DEC,1.0,0.0,
6285,Red,Mark Bocek,Dustin Hazelett,185.42,193.04,170,172.72,190.5,155,29,24,12.7,2.54,5,SUB,0.0,0.0,0.0
6289,Red,Jonathan Brookins,Michael Johnson,177.8,185.42,145,182.88,185.42,145,25,24,-5.08,0.0,1,U-DEC,1.0,,0.0
6290,Red,Stephan Bonnar,Igor Pokrajac,182.88,193.04,205,193.04,198.12,205,33,31,-10.16,-5.08,2,U-DEC,1.0,1.0,0.0
6294,Red,Cody McKenzie,Aaron Wilkinson,177.8,183.0,155,182.88,182.88,155,22,23,-5.08,0.12,-1,SUB,1.0,0.0,1.0
6295,Red,Ian Loveland,Tyler Toner,172.72,177.8,145,172.72,177.8,145,27,27,0.0,0.0,0,U-DEC,,,
6300,Red,Rampage Jackson,Lyoto Machida,185.42,187.96,185,185.42,185.42,205,32,32,0.0,2.54,0,,,0.0,
6303,Red,Phil Davis,Tim Boetsch,182.88,187.96,185,187.96,200.66,205,26,29,-5.08,-12.7,-3,SUB,1.0,1.0,1.0
6304,Red,George Sotiropoulos,Joe Lauzon,177.8,180.34,155,177.8,180.34,155,33,26,0.0,0.0,7,SUB,,,0.0
6309,Red,Paul Kelly,TJ O'Brien,187.96,196.0,155,175.26,177.8,155,26,23,12.7,18.2,3,KO/TKO,0.0,0.0,0.0
6312,Red,Dennis Siver,Andre Winner,180.34,185.42,155,167.64,177.8,145,31,29,12.7,7.62,2,SUB,0.0,0.0,0.0
6313,Red,Amir Sadollah,Peter Sobotta,182.88,190.5,170,177.8,187.96,170,30,23,5.08,2.54,7,U-DEC,0.0,0.0,0.0
6314,Red,Krzysztof Soszynski,Goran Reljic,190.5,205.74,205,185.42,195.58,205,33,26,5.08,10.16,7,U-DEC,0.0,0.0,0.0
6315,Red,Duane Ludwig,Nick Osipczak,187.96,193.04,170,177.8,177.8,170,32,25,10.16,15.24,7,S-DEC,0.0,0.0,0.0
6316,Red,Vladimir Matyushenko,Alexandre Ferreira,170.18,170.18,205,182.88,187.96,205,39,31,-12.7,-17.78,8,KO/TKO,1.0,1.0,0.0
6317,Red,Pascal Krauss,Mark Scanlon,175.26,177.8,170,185.42,182.88,170,23,27,-10.16,-5.08,-4,U-DEC,1.0,1.0,1.0
6318,Red,Kyle Noke,Rob Kimmons,177.8,185.42,185,185.42,193.04,170,30,29,-7.62,-7.62,1,SUB,1.0,1.0,0.0
6322,Red,Jake Shields,Martin Kampmann,182.88,182.88,170,182.88,182.88,170,31,28,0.0,0.0,3,S-DEC,,,0.0
6323,Red,Diego Sanchez,Paulo Thiago,180.34,185.42,170,177.8,182.88,170,28,29,2.54,2.54,-1,U-DEC,0.0,0.0,1.0
6325,Red,Brendan Schaub,Gabriel Gonzaga,187.96,193.04,242,193.04,198.12,245,27,31,-5.08,-5.08,-4,U-DEC,1.0,1.0,1.0
6326,Red,Court McGee,Ryan Jensen,185.42,193.04,185,180.34,190.5,170,25,33,5.08,2.54,-8,SUB,0.0,0.0,1.0
6329,Red,Sam Stout,Paul Taylor,182.88,182.88,155,175.26,177.8,155,26,30,7.62,5.08,-4,S-DEC,0.0,0.0,1.0
6330,Red,Chris Camozzi,Dongi Yang,177.8,180.34,185,187.96,193.04,185,23,25,-10.16,-12.7,-2,S-DEC,1.0,1.0,1.0
6331,Red,Jon Madsen,Gilbert Yvel,187.96,195.58,225,182.88,182.88,240,30,34,5.08,12.7,-4,KO/TKO,0.0,0.0,1.0
6332,Red,Michael Bisping,Yoshihiro Akiyama,177.8,185.42,170,185.42,190.5,185,31,35,-7.62,-5.08,-4,U-DEC,1.0,1.0,1.0
6337,Red,Rob Broughton,Vinicius Queiroz,200.66,202.0,220,187.96,187.96,265,27,27,12.7,14.04,0,SUB,0.0,0.0,
6338,Red,Paul Sass,Mark Holst,182.88,190.0,155,182.88,185.42,155,22,25,0.0,4.58,-3,SUB,,0.0,1.0
6339,Red,Spencer Fisher,Curt Warburton,182.88,185.42,155,170.18,177.8,155,34,29,12.7,7.62,5,U-DEC,0.0,0.0,0.0
6341,Red,Frank Mir,Mirko Cro Cop,187.96,185.42,230,190.5,200.66,264,31,36,-2.54,-15.24,-5,,1.0,1.0,1.0
6344,Red,Sean Sherk,Evan Dunham,177.8,177.8,155,167.64,170.18,155,37,28,10.16,7.62,9,S-DEC,0.0,0.0,0.0
6345,Red,Melvin Guillard,Jeremy Stephens,172.72,180.34,145,175.26,172.72,155,27,24,-2.54,7.62,3,S-DEC,1.0,0.0,0.0
6346,Red,CB Dollaway,Joe Doerksen,182.88,190.5,185,187.96,193.04,185,27,32,-5.08,-2.54,-5,SUB,1.0,1.0,1.0
6347,Red,Matt Mitrione,Joey Beltran,185.42,190.5,185,190.5,200.66,265,32,28,-5.08,-10.16,4,U-DEC,1.0,1.0,0.0
6348,Red,Thiago Tavares,Pat Audinwood,182.88,188.0,155,170.18,172.72,145,25,24,12.7,15.28,1,SUB,0.0,0.0,0.0
6350,Red,TJ Grant,Julio Paulino,182.88,185.42,170,177.8,182.88,155,26,34,5.08,2.54,-8,U-DEC,0.0,0.0,1.0
6352,Red,Nate Marquardt,Rousimar Palhares,172.72,180.34,170,182.88,187.96,185,31,30,-10.16,-7.62,1,KO/TKO,1.0,1.0,0.0
6354,Red,Jim Miller,Gleison Tibau,177.8,180.34,155,172.72,180.34,155,27,26,5.08,0.0,1,U-DEC,0.0,,0.0
6355,Red,Cole Miller,Ross Pearson,172.72,175.26,155,185.42,187.96,145,26,25,-12.7,-12.7,1,SUB,1.0,1.0,0.0
6356,Red,Yves Edwards,John Gunderson,175.26,175.26,155,175.26,185.42,155,33,31,0.0,-10.16,2,U-DEC,,1.0,0.0
6359,Red,Rich Attonito,Rafael Natal,182.88,193.04,185,177.8,182.88,170,33,27,5.08,10.16,6,U-DEC,0.0,0.0,0.0
6360,Red,TJ Waldburger,David Mitchell,182.88,193.04,170,180.34,190.5,170,22,30,2.54,2.54,-8,U-DEC,0.0,0.0,1.0
6361,Red,Brian Foster,Forrest Petz,175.26,180.34,170,175.26,180.34,170,26,34,0.0,0.0,-8,KO/TKO,,,1.0
6362,Red,Frankie Edgar,BJ Penn,175.26,177.8,155,167.64,172.72,145,28,31,7.62,5.08,-3,U-DEC,0.0,0.0,1.0
6363,Red,Randy Couture,James Toney,175.26,183.0,220,185.42,190.5,205,47,42,-10.16,-7.5,5,SUB,1.0,1.0,0.0
6364,Red,Demian Maia,Mario Miranda,190.5,187.96,185,185.42,182.88,170,32,31,5.08,5.08,1,U-DEC,0.0,0.0,0.0
6366,Red,Nate Diaz,Marcus Davis,177.8,177.8,170,182.88,193.04,170,25,37,-5.08,-15.24,-12,SUB,1.0,1.0,1.0
6367,Red,Joe Lauzon,Gabe Ruediger,177.8,178.0,155,177.8,180.34,155,26,32,0.0,-2.34,-6,SUB,,1.0,1.0
6369,Red,Dan Miller,John Salter,185.42,187.96,185,185.42,187.96,185,29,25,0.0,0.0,4,SUB,,,0.0
6371,Red,Mike Pierce,Amilcar Alves,182.88,185.42,170,172.72,177.8,170,29,22,10.16,7.62,7,SUB,0.0,0.0,0.0
6372,Red,Anderson Silva,Chael Sonnen,185.42,187.96,205,187.96,195.58,185,35,33,-2.54,-7.62,2,SUB,1.0,1.0,0.0
6373,Red,Jon Fitch,Thiago Alves,175.26,177.8,170,182.88,193.04,170,32,26,-7.62,-15.24,6,U-DEC,1.0,1.0,0.0
6374,Red,Clay Guida,Rafael Dos Anjos,172.72,177.8,170,170.18,177.8,155,28,25,2.54,0.0,3,SUB,0.0,,0.0
6375,Red,Matt Hughes,Ricardo Almeida,182.88,187.96,170,175.26,185.42,170,36,33,7.62,2.54,3,SUB,0.0,0.0,0.0
6379,Red,Johny Hendricks,Charlie Brenneman,177.8,182.88,155,175.26,175.26,185,26,29,2.54,7.62,-3,KO/TKO,0.0,0.0,1.0
6381,Red,Stefan Struve,Christian Morecraft,198.12,205.74,260,210.82,213.36,265,22,23,-12.7,-7.62,-1,KO/TKO,1.0,1.0,1.0
6383,Red,Jon Jones,Vladimir Matyushenko,182.88,187.96,205,193.04,213.36,205,23,39,-10.16,-25.4,-16,KO/TKO,1.0,1.0,1.0
6390,Red,Brian Stann,Mike Massenzio,187.96,185.42,185,185.42,187.96,205,29,27,2.54,-2.54,2,SUB,0.0,1.0,0.0
6392,Red,Rob Kimmons,Steve Steinbeiss,190.5,190.5,185,177.8,185.42,185,29,29,12.7,5.08,0,U-DEC,0.0,0.0,
6393,Red,Brock Lesnar,Shane Carwin,187.96,203.2,265,190.5,205.74,265,32,35,-2.54,-2.54,-3,SUB,1.0,1.0,1.0
6394,Red,Chris Leben,Yoshihiro Akiyama,177.8,185.42,170,180.34,187.96,185,29,34,-2.54,-2.54,-5,SUB,1.0,1.0,1.0
6395,Red,Chris Lytle,Matt Brown,182.88,190.5,170,180.34,172.72,170,35,29,2.54,17.78,6,SUB,0.0,0.0,0.0
6397,Red,George Sotiropoulos,Kurt Pellegrino,172.72,177.8,155,177.8,180.34,155,32,31,-5.08,-2.54,1,U-DEC,1.0,1.0,0.0
6398,Red,Brendan Schaub,Chris Tuchscherer,187.96,193.04,258,193.04,198.12,245,27,34,-5.08,-5.08,-7,KO/TKO,1.0,1.0,1.0
6400,Red,Kendall Grove,Goran Reljic,190.5,205.74,205,198.12,200.66,185,27,26,-7.62,5.08,1,S-DEC,1.0,0.0,0.0
6401,Red,Gerald Harris,David Branch,185.42,198.12,185,180.34,195.58,185,30,28,5.08,2.54,2,KO/TKO,0.0,0.0,0.0
6403,Red,Jon Madsen,Karlos Vemola,182.88,190.5,185,182.88,182.88,240,30,24,0.0,7.62,6,U-DEC,,0.0,0.0
6404,Red,Court McGee,Kris McCray,182.88,193.04,170,180.34,190.5,170,25,28,2.54,2.54,-3,SUB,0.0,0.0,1.0
6406,Red,Chris Leben,Aaron Simpson,182.88,185.42,170,180.34,187.96,185,29,35,2.54,-2.54,-6,KO/TKO,0.0,1.0,1.0
6409,Red,John Gunderson,Mark Holst,182.88,190.0,155,175.26,175.26,155,31,24,7.62,14.74,7,U-DEC,0.0,0.0,0.0
6410,Red,Brad Tavares,Seth Baczynski,190.5,187.96,170,185.42,187.96,185,22,28,5.08,0.0,-6,U-DEC,0.0,,1.0
6412,Red,Chris Camozzi,James Hammortree,190.5,191.77,185,187.96,193.04,185,23,26,2.54,-1.27,-3,U-DEC,0.0,1.0,1.0
6415,Red,Mirko Cro Cop,Pat Barry,180.34,187.96,235,187.96,185.42,230,35,30,-7.62,2.54,5,,1.0,0.0,0.0
6417,Red,Ben Rothwell,Gilbert Yvel,187.96,195.58,225,193.04,198.12,265,28,33,-5.08,-2.54,-5,U-DEC,1.0,1.0,1.0
6418,Red,Carlos Condit,Rory MacDonald,182.88,193.04,170,187.96,190.5,170,26,20,-5.08,2.54,6,KO/TKO,1.0,0.0,0.0
6422,Red,James Wilks,Peter Sobotta,182.88,190.5,170,185.42,190.5,170,32,23,-2.54,0.0,9,U-DEC,1.0,,0.0
6424,Red,Mike Pyle,Jesse Lennox,175.26,182.88,170,182.88,187.96,170,34,28,-7.62,-5.08,6,SUB,1.0,1.0,0.0
6426,Red,Michael Bisping,Dan Miller,185.42,187.96,185,185.42,190.5,185,31,28,0.0,-2.54,3,U-DEC,,1.0,0.0
6431,Red,Efrain Escudero,Dan Lauzon,177.8,183.0,155,175.26,177.8,155,24,22,2.54,5.2,2,U-DEC,0.0,0.0,0.0
6432,Red,Melvin Guillard,Waylon Lowe,170.18,165.0,145,175.26,172.72,155,27,29,-5.08,-7.72,-2,KO/TKO,1.0,1.0,1.0
6434,Red,Aaron Riley,Joe Brammer,172.72,177.8,155,172.72,175.26,155,29,26,0.0,2.54,3,U-DEC,,0.0,0.0
6437,Red,Josh Koscheck,Paul Daley,175.26,193.04,170,177.8,185.42,170,32,27,-2.54,7.62,5,U-DEC,1.0,0.0,0.0
6442,Red,Marcus Davis,Jonathan Goulet,182.88,185.42,170,177.8,177.8,170,36,30,5.08,7.62,6,KO/TKO,0.0,0.0,0.0
6444,Red,Joey Beltran,Tim Hague,193.04,193.04,260,185.42,190.5,185,28,26,7.62,2.54,2,U-DEC,0.0,0.0,0.0
6447,Red,Anderson Silva,Demian Maia,185.42,182.88,170,187.96,195.58,185,34,32,-2.54,-12.7,2,U-DEC,1.0,1.0,0.0
6449,Red,Matt Hughes,Renzo Gracie,177.8,177.8,185,175.26,185.42,170,36,43,2.54,-7.62,-7,KO/TKO,0.0,1.0,1.0
6454,Red,DaMarques Johnson,Brad Blackburn,177.8,185.42,170,185.42,190.5,170,27,32,-7.62,-5.08,-5,KO/TKO,1.0,1.0,1.0
6455,Red,Paul Kelly,Matt Veach,180.34,176.53,155,175.26,177.8,155,25,28,5.08,-1.27,-3,SUB,0.0,1.0,1.0
6456,Red,Jon Madsen,Mostapha Al-Turk,187.96,195.58,245,182.88,182.88,240,30,36,5.08,12.7,-6,U-DEC,0.0,0.0,1.0
6457,Red,Kenny Florian,Takanori Gomi,170.18,177.8,155,177.8,187.96,145,33,31,-7.62,-10.16,2,SUB,1.0,1.0,0.0
6458,Red,Roy Nelson,Stefan Struve,210.82,213.36,265,182.88,182.88,263,33,22,27.94,30.48,11,KO/TKO,0.0,0.0,0.0
6460,Red,Ross Pearson,Dennis Siver,167.64,177.8,145,172.72,175.26,155,25,31,-5.08,2.54,-6,U-DEC,1.0,0.0,1.0
6461,Red,Andre Winner,Rafaello Oliveira,172.72,180.34,155,180.34,185.42,155,28,28,-7.62,-5.08,0,U-DEC,1.0,1.0,
6462,Red,Jacob Volkmann,Ronys Torres,170.18,180.3,155,175.26,180.34,155,29,34,-5.08,-0.04,-5,S-DEC,1.0,1.0,1.0
6465,Red,Yushin Okami,Lucio Linhares,187.96,189.2,185,187.96,190.5,170,28,36,0.0,-1.3,-8,KO/TKO,,1.0,1.0
6466,Red,Gerald Harris,Mario Miranda,190.5,187.96,185,180.34,195.58,185,30,30,10.16,-7.62,0,KO/TKO,0.0,1.0,
6467,Red,Charlie Brenneman,Jason High,172.72,180.34,155,177.8,182.88,155,29,28,-5.08,-2.54,1,U-DEC,1.0,1.0,0.0
6468,Red,Georges St-Pierre,Dan Hardy,182.88,187.96,170,180.34,193.04,185,28,27,2.54,-5.08,1,U-DEC,0.0,1.0,0.0
6470,Red,Kurt Pellegrino,Fabricio Camoes,177.8,185.42,155,172.72,177.8,155,30,31,5.08,7.62,-1,SUB,0.0,0.0,1.0
6472,Red,Jim Miller,Mark Bocek,172.72,190.5,155,172.72,180.34,155,26,28,0.0,10.16,-2,U-DEC,,0.0,1.0
6473,Red,Nate Diaz,Rory Markham,182.88,180.34,170,182.88,193.04,170,24,28,0.0,-12.7,-4,KO/TKO,,1.0,1.0
6474,Red,Ricardo Almeida,Matt Brown,182.88,190.5,170,182.88,187.96,170,33,29,0.0,2.54,4,SUB,,0.0,0.0
6475,Red,Rousimar Palhares,Tomasz Drwal,185.42,193.04,205,172.72,180.34,170,30,28,12.7,12.7,2,SUB,0.0,0.0,0.0
6477,Red,Matthew Riddle,Greg Soto,180.34,185.42,170,185.42,187.96,170,24,23,-5.08,-2.54,1,DQ,1.0,1.0,0.0
6479,Red,Junior Dos Santos,Gabriel Gonzaga,187.96,193.04,242,193.04,195.58,238,26,30,-5.08,-2.54,-4,KO/TKO,1.0,1.0,1.0
6480,Red,Cheick Kongo,Paul Buentello,187.96,195.58,245,193.04,208.28,240,34,36,-5.08,-12.7,-2,KO/TKO,1.0,1.0,1.0
6481,Red,Alessio Sakara,James Irvin,187.96,190.5,205,182.88,182.88,185,28,31,5.08,7.62,-3,KO/TKO,0.0,0.0,1.0
6482,Red,Clay Guida,Shannon Gugerty,177.8,180.34,155,170.18,177.8,155,28,28,7.62,2.54,0,SUB,0.0,0.0,
6485,Red,John Howard,Daniel Roberts,177.8,187.96,170,170.18,180.34,170,27,29,7.62,7.62,-2,KO/TKO,0.0,0.0,1.0
6486,Red,Brendan Schaub,Chase Gormley,190.5,196.0,265,193.04,198.12,245,27,27,-2.54,-2.12,0,KO/TKO,1.0,1.0,
6487,Red,Mike Pierce,Julio Paulino,182.88,185.42,170,172.72,177.8,170,29,34,10.16,7.62,-5,U-DEC,0.0,0.0,1.0
0,Blue,Neil Magny,Carlos Prates,185.42,198.12,170,190.5,203.2,170,37,31,-5.08,-5.08,-6,KO/TKO,0.0,0.0,0.0
1,Blue,Gerald Meerschaert,Reinier de Ridder,193.04,198.12,185,185.42,195.58,185,36,34,7.62,2.54,-2,SUB,1.0,1.0,0.0
3,Blue,Luana Pinheiro,Gillian Robertson,165.1,160.02,115,157.48,157.48,115,31,29,7.62,2.54,-2,U-DEC,1.0,1.0,0.0
5,Blue,Karolina Kowalkiewicz,Denise Gomes,157.48,160.02,115,160.02,162.56,115,39,24,-2.54,-2.54,-15,U-DEC,0.0,0.0,0.0
7,Blue,Matthew Semelsberger,Charles Radtke,175.26,182.88,170,185.42,190.5,170,31,34,-10.16,-7.62,3,KO/TKO,0.0,0.0,1.0
8,Blue,Cody Stamann,Da'Mon Blackshear,177.8,182.88,135,167.64,162.56,135,35,30,10.16,20.32,-5,SUB,1.0,1.0,0.0
13,Blue,Caio Machado,Brendson Ribeiro,190.5,205.74,205,193.04,198.12,250,30,28,-2.54,7.62,-2,S-DEC,0.0,1.0,0.0
14,Blue,Ariane da Silva,Jasmine Jasudavicius,170.18,172.72,125,167.64,170.18,125,30,35,2.54,2.54,5,SUB,1.0,1.0,1.0
15,Blue,Marc-Andre Barriault,Dustin Stoltzfus,182.88,190.5,185,185.42,187.96,185,34,32,-2.54,2.54,-2,KO/TKO,0.0,1.0,0.0
19,Blue,Jack Shore,Youssef Zalal,177.8,182.88,145,172.72,180.34,145,29,28,5.08,2.54,-1,SUB,1.0,1.0,0.0
22,Blue,Chad Anheliger,Cody Gibson,177.8,180.34,135,167.64,162.56,135,37,37,10.16,17.78,0,U-DEC,1.0,1.0,
25,Blue,Robert Whittaker,Khamzat Chimaev,187.96,190.5,185,182.88,185.42,185,33,30,5.08,5.08,-3,SUB,1.0,1.0,0.0
40,Blue,Jake Hadley,Cameron Smotherman,175.26,175.26,135,170.18,177.8,135,28,27,5.08,-2.54,-1,U-DEC,1.0,0.0,0.0
42,Blue,Matheus Nicolau,Asu Almabayev,162.56,165.1,125,167.64,167.64,125,31,30,-5.08,-2.54,-1,U-DEC,0.0,0.0,0.0
43,Blue,Brad Katona,Jean Matsumoto,167.64,172.72,135,167.64,162.56,135,32,25,0.0,10.16,-7,U-DEC,,1.0,0.0
45,Blue,Jessica Penne,Elise Reed,160.02,160.02,115,165.1,170.18,115,41,31,-5.08,-10.16,-10,U-DEC,0.0,0.0,0.0
49,Blue,Brad Tavares,JunYong Park,177.8,185.42,185,185.42,187.96,185,36,33,-7.62,-2.54,-3,S-DEC,0.0,0.0,0.0
53,Blue,CJ Vergara,Ramazan Temirov,162.56,160.02,125,167.64,172.72,125,33,27,-5.08,-12.7,-6,KO/TKO,0.0,0.0,0.0
54,Blue,Jonathan Pearce,Pat Sabatini,172.72,177.8,145,182.88,180.34,145,32,33,-10.16,-2.54,1,SUB,0.0,0.0,1.0
58,Blue,Dan Argueta,Cody Haddon,170.18,175.26,135,170.18,172.72,135,31,26,0.0,2.54,-5,U-DEC,,1.0,0.0
61,Blue,Raquel Pennington,Julianna Pena,167.64,175.26,135,170.18,170.18,135,36,35,-2.54,5.08,-1,S-DEC,0.0,1.0,0.0
62,Blue,Jose Aldo,Mario Bautista,175.26,175.26,135,170.18,177.8,135,38,31,5.08,-2.54,-7,S-DEC,1.0,0.0,0.0
64,Blue,Ketlen Vieira,Kayla Harrison,172.72,167.64,135,172.72,172.72,135,33,34,0.0,-5.08,1,U-DEC,,0.0,1.0
65,Blue,Stephen Thompson,Joaquin Buckley,177.8,193.04,170,182.88,190.5,170,41,30,-5.08,2.54,-11,KO/TKO,0.0,1.0,0.0
66,Blue,Marina Rodriguez,Iasmin Lucindo,160.02,167.64,115,167.64,165.1,115,37,22,-7.62,2.54,-15,S-DEC,0.0,1.0,0.0
67,Blue,Austin Hubbard,Alexander Hernandez,175.26,182.88,155,177.8,180.34,155,32,32,-2.54,2.54,0,S-DEC,0.0,1.0,
70,Blue,Carla Esparza,Tecia Pennington,154.94,152.4,115,154.94,160.02,115,36,35,0.0,-7.62,-1,U-DEC,,0.0,0.0
75,Blue,Kevin Jousset,Bryan Battle,185.42,195.58,170,187.96,190.5,170,31,30,-2.54,5.08,-1,KO/TKO,0.0,1.0,0.0
84,Blue,Nora Cornolle,Jacqueline Cavalcanti,172.72,177.8,135,170.18,170.18,135,34,27,2.54,7.62,-7,S-DEC,1.0,1.0,0.0
85,Blue,Bolaji Oki,Chris Duncan,177.8,180.34,155,177.8,185.42,155,28,31,0.0,-5.08,3,SUB,,0.0,1.0
86,Blue,Sean O'Malley,Merab Dvalishvili,167.64,172.72,135,180.34,182.88,135,29,33,-12.7,-10.16,4,U-DEC,0.0,0.0,1.0
87,Blue,Alexa Grasso,Valentina Shevchenko,165.1,167.64,125,165.1,167.64,125,31,36,0.0,0.0,5,U-DEC,,,1.0
88,Blue,Brian Ortega,Diego Lopes,180.34,182.88,145,172.72,175.26,145,33,29,7.62,7.62,-4,U-DEC,1.0,1.0,0.0
89,Blue,Daniel Zellhuber,Esteban Ribovics,177.8,175.26,155,185.42,195.58,155,25,28,-7.62,-20.32,3,S-DEC,0.0,0.0,1.0
91,Blue,Irene Aldana,Norma Dumont,170.18,170.18,135,175.26,172.72,135,36,33,-5.08,-2.54,-3,U-DEC,0.0,0.0,0.0
92,Blue,Manuel Torres,Ignacio Bahamondes,190.5,190.5,155,177.8,185.42,155,29,27,12.7,5.08,-2,KO/TKO,1.0,1.0,0.0
93,Blue,Yazmin Jauregui,Ketlen Souza,160.02,160.02,115,160.02,162.56,115,25,30,0.0,-2.54,5,SUB,,0.0,1.0
94,Blue,Edgar Chairez,Joshua Van,165.1,165.1,125,170.18,180.34,125,28,22,-5.08,-15.24,-6,U-DEC,0.0,0.0,0.0
96,Blue,Gilbert Burns,Sean Brady,177.8,182.88,170,177.8,180.34,170,38,31,0.0,2.54,-7,U-DEC,,1.0,0.0
97,Blue,Jessica Andrade,Natalia Silva,162.56,165.1,125,154.94,157.48,125,32,27,7.62,7.62,-5,U-DEC,1.0,1.0,0.0
99,Blue,Matt Schnell,Cody Durden,170.18,170.18,125,172.72,177.8,125,34,33,-2.54,-7.62,-1,SUB,0.0,0.0,0.0
100,Blue,Trevor Peek,Yanal Ashmouz,175.26,175.26,155,175.26,177.8,155,29,29,0.0,-2.54,0,U-DEC,,0.0,
101,Blue,Rongzhu,Chris Padilla,175.26,187.96,155,175.26,182.88,155,24,28,0.0,5.08,4,KO/TKO,,1.0,1.0
103,Blue,Felipe dos Santos,Andre Lima,170.18,170.18,125,170.18,177.8,125,23,25,0.0,-7.62,2,U-DEC,,0.0,1.0
104,Blue,Yizha,Gabriel Santos,175.26,177.8,145,170.18,180.34,145,27,27,5.08,-2.54,0,U-DEC,1.0,0.0,
107,Blue,Zygimantas Ramaska,Nathan Fletcher,170.18,177.8,145,180.34,180.34,145,27,26,-10.16,-2.54,-1,SUB,0.0,0.0,0.0
108,Blue,Jared Cannonier,Caio Borralho,185.42,190.5,185,180.34,195.58,185,40,31,5.08,-5.08,-9,U-DEC,1.0,0.0,0.0
109,Blue,Angela Hill,Tabatha Ricci,154.94,154.94,115,160.02,162.56,115,39,29,-5.08,-7.62,-10,U-DEC,0.0,0.0,0.0
110,Blue,Robert Valentin,Ryan Loder,187.96,193.04,185,187.96,195.58,185,29,33,0.0,-2.54,4,KO/TKO,,0.0,1.0
111,Blue,Kaan Ofli,Mairon Santos,170.18,182.88,145,170.18,167.64,145,31,24,0.0,15.24,-7,KO/TKO,,1.0,0.0
112,Blue,Neil Magny,Michael Morales,182.88,200.66,170,190.5,203.2,170,37,25,-7.62,-2.54,-12,KO/TKO,0.0,0.0,0.0
113,Blue,Edmen Shahbazyan,Gerald Meerschaert,185.42,195.58,185,190.5,190.5,185,26,36,-5.08,5.08,10,SUB,0.0,1.0,1.0
114,Blue,Dennis Buzukja,Francis Marshall,175.26,182.88,145,175.26,177.8,145,26,25,0.0,5.08,-1,S-DEC,,1.0,0.0
121,Blue,Mateusz Gamrot,Dan Hooker,182.88,190.5,155,177.8,177.8,155,33,34,5.08,12.7,1,S-DEC,1.0,1.0,1.0
122,Blue,Tai Tuivasa,Jairzinho Rozenstruik,187.96,198.12,242,187.96,190.5,264,31,36,0.0,7.62,5,S-DEC,,1.0,1.0
123,Blue,Li Jingliang,Carlos Prates,185.42,198.12,170,182.88,180.34,170,36,31,2.54,17.78,-5,KO/TKO,1.0,1.0,0.0
124,Blue,Junior Tafa,Valter Walker,198.12,198.12,265,190.5,190.5,240,27,26,7.62,7.62,-1,SUB,1.0,1.0,0.0
125,Blue,Josh Culibao,Ricardo Ramos,175.26,182.88,145,177.8,185.42,145,30,29,-2.54,-2.54,-1,S-DEC,0.0,0.0,0.0
130,Blue,Stewart Nicoll,Jesus Aguilar,162.56,157.48,125,165.1,165.1,125,29,28,-2.54,-7.62,-1,SUB,0.0,0.0,0.0
131,Blue,Marcin Tybura,Serghei Spivac,190.5,198.12,260,190.5,198.12,249,38,29,0.0,0.0,-9,SUB,,,0.0
132,Blue,Damon Jackson,Chepe Mariscal,170.18,175.26,145,180.34,180.34,155,36,31,-10.16,-5.08,-5,U-DEC,0.0,0.0,0.0
141,Blue,Cory Sandhagen,Umar Nurmagomedov,172.72,175.26,135,180.34,177.8,135,32,28,-7.62,-2.54,-4,U-DEC,0.0,0.0,0.0
143,Blue,Marlon Vera,Deiveson Figueiredo,165.1,172.72,135,172.72,177.8,135,31,36,-7.62,-5.08,5,U-DEC,0.0,0.0,1.0
144,Blue,Tony Ferguson,Michael Chiesa,185.42,190.5,170,180.34,193.04,170,40,36,5.08,-2.54,-4,SUB,1.0,0.0,0.0
148,Blue,Mohammad Yahya,Kaue Fernandes,175.26,185.42,155,175.26,185.42,155,30,29,0.0,0.0,-1,KO/TKO,,,0.0
151,Blue,Viktoriia Dudakova,Sam Hughes,165.1,162.56,115,165.1,170.18,115,25,32,0.0,-7.62,7,S-DEC,,0.0,1.0
154,Blue,Leon Edwards,Belal Muhammad,180.34,182.88,170,187.96,187.96,170,32,36,-7.62,-5.08,4,U-DEC,0.0,0.0,1.0
156,Blue,King Green,Paddy Pimblett,177.8,185.42,155,177.8,180.34,155,37,29,0.0,5.08,-8,SUB,,1.0,0.0
157,Blue,Christian Leroy Duncan,Gregory Rodrigues,190.5,190.5,185,187.96,200.66,185,29,32,2.54,-10.16,3,U-DEC,1.0,0.0,1.0
160,Blue,Molly McCann,Bruna Brasil,167.64,165.1,115,162.56,157.48,115,34,30,5.08,7.62,-4,U-DEC,1.0,1.0,0.0
168,Blue,Amanda Lemos,Virna Jandiroba,160.02,162.56,115,162.56,165.1,115,37,36,-2.54,-2.54,-1,SUB,0.0,0.0,0.0
171,Blue,Cody Durden,Bruno Silva,162.56,165.1,125,170.18,170.18,125,33,34,-7.62,-5.08,1,KO/TKO,0.0,0.0,1.0
173,Blue,JeongYeong Lee,Hyder Amil,175.26,177.8,145,177.8,185.42,145,28,34,-2.54,-7.62,6,KO/TKO,0.0,0.0,1.0
174,Blue,Brian Kelleher,Cody Gibson,177.8,180.34,135,167.64,167.64,135,37,36,10.16,12.7,-1,SUB,1.0,1.0,0.0
176,Blue,Loik Radzhabov,Trey Ogden,180.34,182.88,155,180.34,175.26,155,33,34,0.0,7.62,1,U-DEC,,1.0,1.0
178,Blue,Mohammed Usman,Thomas Petersen,185.42,187.96,264,187.96,200.66,239,35,29,-2.54,-12.7,-6,U-DEC,0.0,0.0,0.0
180,Blue,Santiago Ponzinibbio,Muslim Salikhov,180.34,177.8,170,182.88,185.42,170,37,40,-2.54,-7.62,3,S-DEC,0.0,0.0,1.0
181,Blue,Drew Dober,Jean Silva,170.18,175.26,145,172.72,177.8,155,35,27,-2.54,-2.54,-8,KO/TKO,0.0,0.0,0.0
184,Blue,Joshua Van,Charles Johnson,175.26,177.8,125,165.1,165.1,125,22,33,10.16,12.7,11,KO/TKO,1.0,1.0,1.0
188,Blue,Josh Fremd,Andre Petroski,182.88,185.42,185,193.04,193.04,185,30,33,-10.16,-7.62,3,U-DEC,0.0,0.0,1.0
191,Blue,Dan Ige,Diego Lopes,180.34,182.88,145,170.18,180.34,145,32,29,10.16,2.54,-3,U-DEC,1.0,1.0,0.0
192,Blue,Anthony Smith,Roman Dolidze,187.96,193.04,185,193.04,193.04,205,35,35,-5.08,0.0,0,U-DEC,0.0,,
193,Blue,Mayra Bueno Silva,Macy Chiasson,180.34,182.88,135,167.64,167.64,135,32,32,12.7,15.24,0,KO/TKO,1.0,1.0,
196,Blue,Cub Swanson,Andre Fili,180.34,187.96,145,172.72,177.8,145,40,34,7.62,10.16,-6,S-DEC,1.0,1.0,0.0
197,Blue,Charles Jourdain,Jean Silva,170.18,175.26,145,175.26,175.26,135,28,27,-5.08,0.0,-1,KO/TKO,0.0,,0.0
199,Blue,Michelle Waterson-Gomez,Gillian Robertson,165.1,160.02,115,160.02,157.48,115,38,29,5.08,2.54,-9,U-DEC,1.0,1.0,0.0
200,Blue,Andrei Arlovski,Martin Buday,193.04,195.58,265,190.5,195.58,240,45,32,2.54,0.0,-13,S-DEC,1.0,,0.0
202,Blue,Ricky Simon,Vinicius Oliveira,175.26,177.8,135,167.64,175.26,135,31,28,7.62,2.54,-3,U-DEC,1.0,1.0,0.0
204,Blue,Sergei Pavlovich,Alexander Volkov,200.66,203.2,250,190.5,213.36,257,32,35,10.16,-10.16,3,U-DEC,1.0,0.0,1.0
207,Blue,Johnny Walker,Volkan Oezdemir,187.96,190.5,205,198.12,208.28,205,32,34,-10.16,-17.78,2,KO/TKO,0.0,0.0,1.0
209,Blue,Muhammad Naimov,Felipe Lima,167.64,172.72,145,175.26,177.8,145,29,26,-7.62,-5.08,-3,SUB,0.0,0.0,0.0
211,Blue,Kyung Ho Kang,Muin Gafurov,170.18,172.72,135,175.26,185.42,135,36,28,-5.08,-12.7,-8,U-DEC,0.0,0.0,0.0
213,Blue,Xiao Long,ChangHo Lee,172.72,175.26,135,172.72,177.8,135,26,30,0.0,-2.54,4,S-DEC,,0.0,1.0
214,Blue,Alex Perez,Tatsuro Taira,170.18,177.8,125,167.64,165.1,125,32,24,2.54,12.7,-8,KO/TKO,1.0,1.0,0.0
215,Blue,Douglas Silva de Andrade,Miles Johns,170.18,167.64,135,170.18,172.72,135,38,30,0.0,-5.08,-8,U-DEC,,0.0,0.0
216,Blue,Timmy Cuamba,Lucas Almeida,180.34,180.34,145,175.26,180.34,145,25,33,5.08,0.0,8,U-DEC,1.0,,1.0
219,Blue,Josh Quinlan,Adam Fugitt,185.42,195.58,170,182.88,182.88,170,31,35,2.54,12.7,4,S-DEC,1.0,1.0,1.0
220,Blue,Jimmy Flick,Nate Maness,177.8,182.88,125,170.18,172.72,125,33,32,7.62,10.16,-1,U-DEC,1.0,1.0,0.0
221,Blue,Carli Judice,Gabriella Fernandes,167.64,167.64,125,170.18,172.72,125,25,30,-2.54,-5.08,5,S-DEC,0.0,0.0,1.0
222,Blue,Jeka Saragih,Westin Wilson,185.42,185.42,145,172.72,175.26,145,29,35,12.7,10.16,6,SUB,1.0,1.0,1.0
225,Blue,Jared Cannonier,Nassourdine Imavov,190.5,190.5,185,180.34,195.58,185,40,29,10.16,-5.08,-11,KO/TKO,1.0,0.0,0.0
229,Blue,Julian Marquez,Zachary Reese,193.04,195.58,185,187.96,182.88,185,34,30,5.08,12.7,-4,KO/TKO,1.0,1.0,0.0
230,Blue,Miguel Baeza,Punahele Soriano,180.34,182.88,170,187.96,187.96,170,31,31,-7.62,-5.08,0,U-DEC,0.0,0.0,
231,Blue,Thiago Moises,Ludovit Klein,170.18,182.88,155,175.26,177.8,155,29,29,-5.08,5.08,0,U-DEC,0.0,1.0,
232,Blue,Charles Radtke,Carlos Prates,185.42,198.12,170,175.26,182.88,170,33,30,10.16,15.24,-3,KO/TKO,1.0,1.0,0.0
234,Blue,Andrea Lee,Montana De La Rosa,170.18,172.72,125,167.64,175.26,125,35,29,2.54,-2.54,-6,S-DEC,1.0,0.0,0.0
235,Blue,John Castaneda,Daniel Marcos,170.18,175.26,135,167.64,180.34,135,32,31,2.54,-5.08,-1,U-DEC,1.0,0.0,0.0
236,Blue,Eduarda Moura,Denise Gomes,157.48,160.02,115,167.64,167.64,125,30,24,-10.16,-7.62,-6,S-DEC,0.0,0.0,0.0
237,Blue,Cody Stamann,Taylor Lapilus,167.64,185.42,135,167.64,162.56,135,34,32,0.0,22.86,-2,U-DEC,,1.0,0.0
238,Blue,Rayanne dos Santos,Puja Tomar,162.56,149.86,115,157.48,157.48,115,29,30,5.08,-7.62,1,S-DEC,1.0,0.0,1.0
244,Blue,Cesar Almeida,Roman Kopylov,182.88,190.5,185,185.42,187.96,185,36,33,-2.54,2.54,-3,S-DEC,0.0,1.0,0.0
247,Blue,Phil Rowe,Jake Matthews,180.34,185.42,170,190.5,203.2,170,33,29,-10.16,-17.78,-4,U-DEC,0.0,0.0,0.0
248,Blue,Mickey Gall,Bassil Hafez,180.34,182.88,170,187.96,187.96,170,32,32,-7.62,-5.08,0,U-DEC,0.0,0.0,
250,Blue,Mitch Raposo,Andre Lima,170.18,170.18,125,165.1,162.56,125,25,25,5.08,7.62,0,S-DEC,1.0,1.0,
251,Blue,Edson Barboza,Lerone Murphy,175.26,185.42,145,180.34,190.5,145,38,32,-5.08,-5.08,-6,U-DEC,0.0,0.0,0.0
255,Blue,Luana Pinheiro,Angela Hill,160.02,162.56,115,157.48,157.48,115,31,39,2.54,5.08,8,SUB,1.0,1.0,1.0
256,Blue,Victor Martinez,Tom Nolan,190.5,185.42,155,172.72,177.8,155,32,24,17.78,7.62,-8,KO/TKO,1.0,1.0,0.0
258,Blue,Tamires Vidal,Melissa Gatto,165.1,175.26,135,167.64,172.72,135,25,28,-2.54,2.54,3,KO/TKO,0.0,1.0,1.0
260,Blue,Piera Rodriguez,Ariane Carnelossi,157.48,154.94,115,160.02,160.02,115,31,31,-2.54,-5.08,0,DQ,0.0,0.0,
265,Blue,Alonzo Menifield,Carlos Ulberg,193.04,195.58,205,182.88,193.04,205,36,33,10.16,2.54,-3,KO/TKO,1.0,1.0,0.0
267,Blue,Alex Caceres,Sean Woodson,187.96,198.12,145,177.8,185.42,145,35,31,10.16,12.7,-4,U-DEC,1.0,1.0,0.0
270,Blue,Terrance McKinney,Esteban Ribovics,177.8,175.26,155,177.8,185.42,155,29,28,0.0,-10.16,-1,KO/TKO,,0.0,0.0
272,Blue,Billy Ray Goff,Trey Waters,195.58,195.58,170,177.8,182.88,170,25,29,17.78,12.7,4,U-DEC,1.0,1.0,1.0
274,Blue,JJ Aldrich,Veronica Hardy,162.56,162.56,125,165.1,170.18,125,31,28,-2.54,-7.62,-3,U-DEC,0.0,0.0,0.0
279,Blue,Paul Craig,Caio Borralho,185.42,190.5,185,190.5,193.04,185,36,31,-5.08,-2.54,-5,KO/TKO,0.0,0.0,0.0
280,Blue,Jack Shore,Joanderson Brito,172.72,182.88,145,172.72,180.34,145,29,29,0.0,2.54,0,KO/TKO,,1.0,
281,Blue,Karolina Kowalkiewicz,Iasmin Lucindo,160.02,167.64,115,160.02,162.56,115,38,22,0.0,5.08,-16,U-DEC,,1.0,0.0
282,Blue,Elves Brener,Myktybek Orolbai,177.8,187.96,155,177.8,182.88,155,26,26,0.0,5.08,0,U-DEC,,1.0,
283,Blue,Joaquim Silva,Drakkar Klose,175.26,177.8,155,172.72,175.26,155,35,36,2.54,2.54,1,U-DEC,1.0,1.0,1.0
288,Blue,Matheus Nicolau,Alex Perez,167.64,165.1,125,167.64,167.64,125,31,32,0.0,-2.54,1,KO/TKO,,0.0,1.0
289,Blue,Ryan Spann,Bogdan Guskov,190.5,193.04,205,195.58,200.66,205,32,31,-5.08,-7.62,-1,KO/TKO,0.0,0.0,0.0
290,Blue,Ariane da Silva,Karine Silva,165.1,170.18,125,167.64,170.18,125,30,30,-2.54,0.0,0,U-DEC,0.0,,
291,Blue,Austen Lane,Jhonata Diniz,193.04,200.66,254,198.12,203.2,245,36,32,-5.08,-2.54,-4,KO/TKO,0.0,0.0,0.0
292,Blue,Jonathan Pearce,David Onama,180.34,187.96,145,182.88,180.34,145,31,29,-2.54,7.62,-2,U-DEC,0.0,1.0,0.0
293,Blue,Tim Means,Uros Medic,185.42,180.34,170,187.96,190.5,170,40,31,-2.54,-10.16,-9,KO/TKO,0.0,0.0,0.0
294,Blue,Rani Yahya,Victor Henry,170.18,172.72,135,167.64,170.18,135,39,36,2.54,2.54,-3,KO/TKO,1.0,1.0,0.0
297,Blue,Marnic Mann,Ketlen Souza,160.02,160.02,115,152.4,162.56,115,31,29,7.62,-2.54,-2,U-DEC,1.0,0.0,0.0
298,Blue,James Llontop,Chris Padilla,175.26,187.96,155,182.88,185.42,155,24,28,-7.62,2.54,4,SUB,0.0,1.0,1.0
300,Blue,Gabriel Benitez,Maheshate,182.88,180.34,155,172.72,180.34,155,35,24,10.16,0.0,-11,S-DEC,1.0,,0.0
303,Blue,Justin Gaethje,Max Holloway,180.34,175.26,145,180.34,177.8,155,35,32,0.0,-2.54,-3,KO/TKO,,0.0,0.0
304,Blue,Charles Oliveira,Arman Tsarukyan,170.18,182.88,155,177.8,187.96,155,34,27,-7.62,-5.08,-7,S-DEC,0.0,0.0,0.0
307,Blue,Calvin Kattar,Aljamain Sterling,170.18,180.34,145,180.34,182.88,145,36,34,-10.16,-2.54,-2,U-DEC,0.0,0.0,0.0
308,Blue,Holly Holm,Kayla Harrison,172.72,167.64,135,172.72,175.26,135,42,33,0.0,-7.62,-9,SUB,,0.0,0.0
309,Blue,Sodiq Yusuff,Diego Lopes,180.34,182.88,145,175.26,180.34,145,30,29,5.08,2.54,-1,KO/TKO,1.0,1.0,0.0
310,Blue,Jalin Turner,Renato Moicano,180.34,182.88,155,190.5,195.58,155,28,34,-10.16,-12.7,6,KO/TKO,0.0,0.0,1.0
315,Blue,Alexander Hernandez,Damon Jackson,180.34,180.34,145,175.26,182.88,145,31,35,5.08,-2.54,4,S-DEC,1.0,0.0,1.0
316,Blue,Morgan Charriere,Chepe Mariscal,170.18,175.26,145,172.72,175.26,145,28,31,-2.54,0.0,3,S-DEC,0.0,,1.0
318,Blue,Trevor Peek,Charlie Campbell,182.88,182.88,155,175.26,177.8,155,29,28,7.62,5.08,-1,U-DEC,1.0,1.0,0.0
319,Blue,Court McGee,Alex Morono,180.34,182.88,170,180.34,190.5,170,39,33,0.0,-7.62,-6,U-DEC,,0.0,0.0
320,Blue,Valter Walker,Lukasz Brzeski,193.04,198.12,236,198.12,198.12,265,26,31,-5.08,0.0,5,U-DEC,0.0,,1.0
322,Blue,Pedro Falcao,Victor Hugo,170.18,180.34,135,167.64,167.64,135,31,31,2.54,12.7,0,U-DEC,1.0,1.0,
323,Blue,Dan Argueta,Jean Matsumoto,167.64,172.72,135,170.18,172.72,135,30,24,-2.54,0.0,-6,SUB,0.0,,0.0
324,Blue,Dylan Budka,Cesar Almeida,185.42,187.96,185,182.88,190.5,185,24,36,2.54,-2.54,12,KO/TKO,1.0,0.0,1.0
325,Blue,Melissa Mullins,Nora Cornolle,170.18,170.18,135,170.18,172.72,135,32,34,0.0,-2.54,2,KO/TKO,,0.0,1.0
326,Blue,Erin Blanchfield,Manon Fiorot,170.18,165.1,125,162.56,167.64,125,24,34,7.62,-2.54,10,U-DEC,1.0,0.0,1.0
327,Blue,Vicente Luque,Joaquin Buckley,177.8,193.04,170,180.34,190.5,170,32,29,-2.54,2.54,-3,KO/TKO,0.0,1.0,0.0
330,Blue,Bill Algeo,Kyle Nelson,180.34,180.34,145,182.88,185.42,145,34,32,-2.54,-5.08,-2,KO/TKO,0.0,0.0,0.0
337,Blue,Andre Petroski,Jacob Malkoun,175.26,185.42,185,182.88,185.42,185,32,28,-7.62,0.0,-4,KO/TKO,0.0,,0.0
338,Blue,Angel Pacheco,Caolan Loughran,167.64,172.72,135,172.72,177.8,135,32,27,-5.08,-5.08,-5,U-DEC,0.0,0.0,0.0
339,Blue,Amanda Ribas,Rose Namajunas,165.1,165.1,125,160.02,167.64,125,30,31,5.08,-2.54,1,U-DEC,1.0,0.0,1.0
343,Blue,Billy Quarantillo,Youssef Zalal,177.8,182.88,145,177.8,177.8,145,35,27,0.0,5.08,-8,SUB,,1.0,0.0
345,Blue,Kurt Holobaugh,Trey Ogden,180.34,182.88,155,180.34,177.8,155,37,34,0.0,5.08,-3,U-DEC,,1.0,0.0
346,Blue,Ricardo Ramos,Julian Erosa,185.42,187.96,145,175.26,182.88,145,28,34,10.16,5.08,6,SUB,1.0,1.0,1.0
349,Blue,Montserrat Rendon,Daria Zhelezniakova,175.26,172.72,135,172.72,172.72,135,35,28,2.54,0.0,-7,U-DEC,1.0,,0.0
350,Blue,Igor Severino,Andre Lima,170.18,170.18,125,170.18,175.26,125,20,25,0.0,-5.08,5,DQ,,0.0,1.0
351,Blue,Mohammed Usman,Mick Parkin,193.04,200.66,265,187.96,200.66,239,34,28,5.08,0.0,-6,U-DEC,1.0,,0.0
352,Blue,Tai Tuivasa,Marcin Tybura,190.5,198.12,249,187.96,190.5,264,31,38,2.54,7.62,7,SUB,1.0,1.0,1.0
355,Blue,Pannie Kianzad,Macy Chiasson,180.34,182.88,135,170.18,167.64,135,32,32,10.16,15.24,0,SUB,1.0,1.0,
357,Blue,Natan Levy,Mike Davis,182.88,182.88,155,175.26,180.34,155,32,31,7.62,2.54,-1,SUB,1.0,1.0,0.0
358,Blue,Josiane Nunes,Chelsea Chandler,172.72,172.72,135,157.48,170.18,135,30,33,15.24,2.54,3,U-DEC,1.0,1.0,1.0
360,Blue,Josh Culibao,Danny Silva,180.34,177.8,145,177.8,185.42,145,29,27,2.54,-7.62,-2,S-DEC,1.0,0.0,0.0
363,Blue,Charalampos Grigoriou,Chad Anheliger,167.64,162.56,135,170.18,170.18,135,31,37,-2.54,-7.62,6,U-DEC,0.0,0.0,1.0
366,Blue,Kevin Holland,Michael Page,190.5,200.66,170,190.5,205.74,185,31,36,0.0,-5.08,5,U-DEC,,0.0,1.0
367,Blue,Gilbert Burns,Jack Della Maddalena,180.34,185.42,170,177.8,180.34,170,37,27,2.54,5.08,-10,KO/TKO,1.0,1.0,0.0
370,Blue,Katlyn Cerminara,Maycee Barber,165.1,165.1,125,175.26,172.72,125,35,25,-10.16,-7.62,-10,U-DEC,0.0,0.0,0.0
372,Blue,Pedro Munhoz,Kyler Phillips,172.72,182.88,135,167.64,165.1,135,37,28,5.08,17.78,-9,U-DEC,1.0,1.0,0.0
373,Blue,Ion Cutelaba,Philipe Lins,187.96,198.12,205,185.42,190.5,205,30,38,2.54,7.62,8,U-DEC,1.0,1.0,1.0
376,Blue,CJ Vergara,Asu Almabayev,162.56,165.1,125,167.64,172.72,125,32,30,-5.08,-7.62,-2,U-DEC,0.0,0.0,0.0
380,Blue,Alex Perez,Muhammad Mokaev,170.18,177.8,125,167.64,165.1,125,31,23,2.54,12.7,-8,U-DEC,1.0,1.0,0.0
382,Blue,Matt Schnell,Steve Erceg,172.72,172.72,125,172.72,177.8,125,34,28,0.0,-5.08,-6,KO/TKO,,0.0,0.0
388,Blue,Abdul-Kareem Al-Selwady,Loik Radzhabov,180.34,175.26,155,172.72,175.26,155,28,33,7.62,0.0,5,KO/TKO,1.0,,1.0
389,Blue,Brandon Moreno,Brandon Royval,175.26,172.72,125,170.18,177.8,125,30,31,5.08,-5.08,1,S-DEC,1.0,0.0,1.0
390,Blue,Yair Rodriguez,Brian Ortega,172.72,175.26,145,180.34,180.34,145,31,33,-7.62,-5.08,2,SUB,0.0,0.0,1.0
394,Blue,Cristian Quinonez,Raoni Barcelos,170.18,170.18,135,172.72,177.8,135,27,36,-2.54,-7.62,9,SUB,0.0,0.0,1.0
397,Blue,Claudio Puelles,Fares Ziam,185.42,190.5,155,177.8,182.88,155,27,26,7.62,7.62,-1,S-DEC,1.0,1.0,0.0
399,Blue,Victor Altamirano,Felipe dos Santos,170.18,177.8,125,172.72,177.8,125,33,23,-2.54,0.0,-10,S-DEC,0.0,,0.0
400,Blue,Erik Silva,Muhammad Naimov,175.26,177.8,145,175.26,180.34,145,36,29,0.0,-2.54,-7,KO/TKO,,0.0,0.0
401,Blue,Alexander Volkanovski,Ilia Topuria,170.18,175.26,145,167.64,180.34,145,35,27,2.54,-5.08,-8,KO/TKO,1.0,0.0,0.0
403,Blue,Geoff Neal,Ian Machado Garry,190.5,187.96,170,180.34,190.5,170,33,26,10.16,-2.54,-7,S-DEC,1.0,0.0,0.0
410,Blue,Josh Quinlan,Danny Barlow,187.96,200.66,170,182.88,182.88,170,31,28,5.08,17.78,-3,KO/TKO,1.0,1.0,0.0
412,Blue,Andrea Lee,Miranda Maverick,160.02,165.1,125,167.64,175.26,125,35,26,-7.62,-10.16,-9,U-DEC,0.0,0.0,0.0
415,Blue,Robert Bryczek,Ihor Potieria,190.5,190.5,185,182.88,190.5,185,33,27,7.62,0.0,-6,U-DEC,1.0,,0.0
416,Blue,Brad Tavares,Gregory Rodrigues,190.5,190.5,185,185.42,187.96,185,36,31,5.08,2.54,-5,KO/TKO,1.0,1.0,0.0
419,Blue,Trevin Giles,Carlos Prates,185.42,198.12,170,182.88,187.96,170,31,30,2.54,10.16,-1,KO/TKO,1.0,1.0,0.0
422,Blue,Devin Clark,Marcin Prachnio,190.5,187.96,205,182.88,190.5,205,33,35,7.62,-2.54,2,U-DEC,1.0,0.0,1.0
424,Blue,Zac Pauga,Bogdan Guskov,190.5,193.04,205,187.96,193.04,205,35,31,2.54,0.0,-4,KO/TKO,1.0,,0.0
425,Blue,Fernie Garcia,Hyder Amil,175.26,177.8,145,170.18,170.18,135,31,33,5.08,7.62,2,KO/TKO,1.0,1.0,1.0
426,Blue,Roman Dolidze,Nassourdine Imavov,190.5,190.5,185,187.96,193.04,185,35,28,2.54,-2.54,-7,M-DEC,1.0,0.0,0.0
429,Blue,Viviane Araujo,Natalia Silva,162.56,165.1,125,162.56,172.72,125,37,27,0.0,-7.62,-10,U-DEC,,0.0,0.0
430,Blue,Gilbert Urbina,Charles Radtke,175.26,182.88,170,190.5,190.5,170,27,33,-15.24,-7.62,6,KO/TKO,0.0,0.0,1.0
432,Blue,Azat Maksum,Charles Johnson,175.26,177.8,125,170.18,177.8,125,29,33,5.08,0.0,4,U-DEC,1.0,,1.0
436,Blue,Landon Quinones,MarQuel Mederos,177.8,175.26,155,175.26,177.8,155,28,27,2.54,-2.54,-1,U-DEC,1.0,0.0,0.0
437,Blue,Thomas Petersen,Jamal Pogues,190.5,195.58,205,185.42,187.96,264,28,28,5.08,7.62,0,U-DEC,1.0,1.0,
438,Blue,Sean Strickland,Dricus Du Plessis,185.42,193.04,185,185.42,193.04,185,32,30,0.0,0.0,-2,S-DEC,,,0.0
442,Blue,Arnold Allen,Movsar Evloev,170.18,182.88,145,172.72,177.8,145,29,29,-2.54,5.08,0,U-DEC,0.0,1.0,
443,Blue,Brad Katona,Garrett Armfield,167.64,177.8,135,167.64,162.56,135,32,27,0.0,15.24,-5,U-DEC,,1.0,0.0
444,Blue,Charles Jourdain,Sean Woodson,187.96,198.12,145,175.26,175.26,145,28,31,12.7,22.86,3,S-DEC,1.0,1.0,1.0
445,Blue,Serhiy Sidey,Ramon Taveras,172.72,177.8,135,180.34,182.88,135,27,30,-7.62,-5.08,3,S-DEC,0.0,0.0,1.0
447,Blue,Yohan Lainesse,Sam Patterson,190.5,198.12,170,185.42,193.04,170,31,27,5.08,5.08,-4,SUB,1.0,1.0,0.0
449,Blue,Malcolm Gordon,Jimmy Flick,170.18,172.72,125,170.18,180.34,125,33,33,0.0,-7.62,0,SUB,,0.0,
452,Blue,Ricky Simon,Mario Bautista,175.26,175.26,135,167.64,175.26,135,31,30,7.62,0.0,-1,U-DEC,1.0,,0.0
453,Blue,Phil Hawes,Brunno Ferreira,177.8,182.88,185,182.88,195.58,185,35,31,-5.08,-12.7,-4,KO/TKO,0.0,0.0,0.0
454,Blue,Andrei Arlovski,Waldo Cortes-Acosta,193.04,198.12,260,190.5,195.58,240,44,32,2.54,2.54,-12,U-DEC,1.0,1.0,0.0
455,Blue,Matthew Semelsberger,Preston Parsons,180.34,180.34,170,185.42,190.5,170,31,28,-5.08,-10.16,-3,U-DEC,0.0,0.0,0.0
458,Blue,Westin Wilson,Jean Silva,170.18,175.26,145,185.42,185.42,145,34,27,-15.24,-10.16,-7,KO/TKO,0.0,0.0,0.0
464,Blue,Tony Ferguson,Paddy Pimblett,177.8,185.42,155,180.34,193.04,170,39,28,-2.54,-7.62,-11,U-DEC,0.0,0.0,0.0
469,Blue,Casey O'Neill,Ariane da Silva,167.64,170.18,125,167.64,175.26,125,26,29,0.0,-5.08,3,SUB,,0.0,1.0
472,Blue,Martin Buday,Shamil Gaziev,193.04,198.12,265,193.04,195.58,265,32,33,0.0,2.54,1,KO/TKO,,1.0,1.0
474,Blue,Anthony Smith,Khalil Rountree Jr.,185.42,193.04,205,193.04,193.04,205,35,33,-7.62,0.0,-2,KO/TKO,0.0,,0.0
477,Blue,JunYong Park,Andre Muniz,185.42,198.12,185,177.8,185.42,185,32,33,7.62,12.7,1,S-DEC,1.0,1.0,1.0
478,Blue,Song Kenan,Kevin Jousset,187.96,190.5,170,182.88,180.34,170,33,30,5.08,10.16,-3,U-DEC,1.0,1.0,0.0
483,Blue,Rayanne dos Santos,Talita Alencar,154.94,147.32,115,157.48,157.48,115,28,33,-2.54,-10.16,5,S-DEC,0.0,0.0,1.0
484,Blue,Beneil Dariush,Arman Tsarukyan,170.18,182.88,155,177.8,182.88,155,34,27,-7.62,0.0,-7,KO/TKO,0.0,,0.0
486,Blue,Rob Font,Deiveson Figueiredo,165.1,172.72,135,172.72,180.34,135,36,35,-7.62,-7.62,-1,U-DEC,0.0,0.0,0.0
488,Blue,Clay Guida,Joaquim Silva,172.72,175.26,155,170.18,177.8,155,41,34,2.54,-2.54,-7,U-DEC,1.0,0.0,0.0
489,Blue,Punahele Soriano,Dustin Stoltzfus,182.88,190.5,185,180.34,182.88,170,31,32,2.54,7.62,1,SUB,1.0,1.0,1.0
491,Blue,Zachary Reese,Cody Brundage,182.88,182.88,185,193.04,195.58,185,29,29,-10.16,-12.7,0,KO/TKO,0.0,0.0,
494,Blue,Wellington Turman,Jared Gooden,182.88,195.58,170,182.88,182.88,170,27,29,0.0,12.7,2,SUB,,1.0,1.0
500,Blue,Luana Pinheiro,Amanda Ribas,160.02,167.64,125,157.48,157.48,115,31,30,2.54,10.16,-1,KO/TKO,1.0,1.0,0.0
501,Blue,Uros Medic,Myktybek Orolbai,177.8,187.96,155,185.42,180.34,170,30,25,-7.62,7.62,-5,SUB,0.0,1.0,0.0
502,Blue,Jonathan Pearce,Joanderson Brito,172.72,182.88,145,182.88,180.34,145,31,28,-10.16,2.54,-3,SUB,0.0,1.0,0.0
503,Blue,Chad Anheliger,Jose Johnson,182.88,180.34,125,167.64,162.56,135,36,28,15.24,17.78,-8,SUB,1.0,1.0,0.0
507,Blue,Lucie Pudilova,Ailin Perez,165.1,167.64,135,172.72,170.18,125,29,29,-7.62,-2.54,0,U-DEC,0.0,0.0,
508,Blue,Charles Johnson,Rafael Estevam,172.72,175.26,125,175.26,177.8,125,32,27,-2.54,-2.54,-5,U-DEC,0.0,0.0,0.0
509,Blue,Jiri Prochazka,Alex Pereira,193.04,200.66,205,190.5,203.2,205,31,36,2.54,-2.54,5,KO/TKO,1.0,0.0,1.0
510,Blue,Sergei Pavlovich,Tom Aspinall,195.58,198.12,256,190.5,213.36,257,31,30,5.08,-15.24,-1,KO/TKO,1.0,0.0,0.0
512,Blue,Matt Frevola,Benoit Saint Denis,180.34,185.42,155,175.26,180.34,155,33,27,5.08,5.08,-6,KO/TKO,1.0,1.0,0.0
515,Blue,Tabatha Ricci,Loopy Godinez,157.48,154.94,115,154.94,154.94,115,28,30,2.54,0.0,2,S-DEC,1.0,,1.0
520,Blue,Dennis Buzukja,Jamall Emmers,177.8,187.96,145,175.26,177.8,145,26,34,2.54,10.16,8,KO/TKO,1.0,1.0,1.0
522,Blue,Gabriel Bonfim,Nicolas Dalby,180.34,187.96,170,185.42,182.88,170,26,38,-5.08,5.08,12,KO/TKO,0.0,1.0,1.0
529,Blue,Kaue Fernandes,Marc Diakiese,177.8,185.42,155,175.26,185.42,155,28,30,2.54,0.0,2,S-DEC,1.0,,1.0
531,Blue,Kamaru Usman,Khamzat Chimaev,187.96,190.5,185,182.88,193.04,170,36,29,5.08,-2.54,-7,M-DEC,1.0,0.0,0.0
534,Blue,Tim Elliott,Muhammad Mokaev,170.18,177.8,125,170.18,167.64,125,36,23,0.0,10.16,-13,SUB,,1.0,0.0
535,Blue,Mohammad Yahya,Trevor Peek,175.26,177.8,155,175.26,185.42,155,29,28,0.0,-7.62,-1,U-DEC,,0.0,0.0
536,Blue,Abu Azaitar,Sedriques Dumas,187.96,200.66,185,175.26,193.04,185,37,28,12.7,7.62,-9,U-DEC,1.0,1.0,0.0
538,Blue,Nathaniel Wood,Muhammad Naimov,175.26,177.8,145,167.64,175.26,145,30,29,7.62,2.54,-1,U-DEC,1.0,1.0,0.0
541,Blue,Sodiq Yusuff,Edson Barboza,180.34,190.5,145,175.26,180.34,145,30,37,5.08,10.16,7,U-DEC,1.0,1.0,1.0
542,Blue,Jennifer Maia,Viviane Araujo,162.56,172.72,125,162.56,162.56,125,35,36,0.0,10.16,1,U-DEC,,1.0,1.0
544,Blue,Andre Petroski,Michel Pereira,185.42,185.42,185,182.88,185.42,185,32,30,2.54,0.0,-2,KO/TKO,1.0,,0.0
549,Blue,Irina Alekseeva,Melissa Mullins,170.18,172.72,135,172.72,170.18,135,33,32,-2.54,2.54,-1,U-DEC,0.0,1.0,0.0
551,Blue,Ashley Yoder,Emily Ducote,157.48,160.02,115,170.18,175.26,115,35,29,-12.7,-15.24,-6,U-DEC,0.0,0.0,0.0
552,Blue,Grant Dawson,King Green,177.8,180.34,155,177.8,182.88,155,29,37,0.0,-2.54,8,KO/TKO,,0.0,1.0
554,Blue,Alex Morono,Joaquin Buckley,177.8,193.04,170,180.34,182.88,170,33,29,-2.54,10.16,-4,U-DEC,0.0,1.0,0.0
556,Blue,Alexander Hernandez,Bill Algeo,182.88,185.42,145,175.26,182.88,145,31,34,7.62,2.54,3,U-DEC,1.0,1.0,1.0
561,Blue,Montana De La Rosa,JJ Aldrich,165.1,170.18,125,170.18,172.72,125,28,31,-5.08,-2.54,3,U-DEC,0.0,0.0,1.0
562,Blue,Rafael Fiziev,Mateusz Gamrot,177.8,177.8,155,172.72,180.34,155,30,32,5.08,-2.54,2,KO/TKO,1.0,0.0,1.0
566,Blue,Ricardo Ramos,Charles Jourdain,175.26,175.26,145,175.26,182.88,145,28,27,0.0,-7.62,-1,SUB,,0.0,0.0
568,Blue,Jacob Malkoun,Cody Brundage,182.88,182.88,185,175.26,185.42,185,28,29,7.62,-2.54,1,DQ,1.0,0.0,1.0
571,Blue,Tamires Vidal,Montserrat Rendon,172.72,172.72,135,167.64,172.72,135,25,34,5.08,0.0,9,S-DEC,1.0,,1.0
572,Blue,Kevin Holland,Jack Della Maddalena,180.34,185.42,170,190.5,205.74,185,30,27,-10.16,-20.32,-3,S-DEC,0.0,0.0,0.0
575,Blue,Fernando Padilla,Kyle Nelson,180.34,180.34,145,185.42,193.04,145,26,32,-5.08,-12.7,6,U-DEC,0.0,0.0,1.0
579,Blue,Alex Reyes,Charlie Campbell,182.88,182.88,155,180.34,185.42,155,36,28,2.54,-2.54,-8,KO/TKO,1.0,0.0,0.0
581,Blue,Israel Adesanya,Sean Strickland,185.42,193.04,185,193.04,203.2,185,34,32,-7.62,-10.16,-2,U-DEC,0.0,0.0,0.0
582,Blue,Tai Tuivasa,Alexander Volkov,200.66,203.2,250,187.96,190.5,264,30,34,12.7,12.7,4,SUB,1.0,1.0,1.0
587,Blue,Jack Jenkins,Chepe Mariscal,170.18,175.26,145,170.18,172.72,145,29,30,0.0,2.54,1,KO/TKO,,1.0,1.0
590,Blue,Blood Diamond,Charles Radtke,175.26,182.88,170,180.34,193.04,170,35,33,-5.08,-10.16,-2,U-DEC,0.0,0.0,0.0
591,Blue,Shane Young,Gabriel Miranda,180.34,180.34,145,172.72,182.88,145,30,33,7.62,-2.54,3,SUB,1.0,0.0,1.0
603,Blue,Zarah Fairn,Jacqueline Cavalcanti,172.72,177.8,135,172.72,182.88,135,39,26,0.0,-5.08,-13,U-DEC,,0.0,0.0
611,Blue,Toshiomi Kazama,Garrett Armfield,167.64,177.8,135,170.18,175.26,135,26,26,-2.54,2.54,0,KO/TKO,0.0,1.0,
612,Blue,Chidi Njokuani,Michal Oleksiejczuk,182.88,187.96,185,190.5,203.2,170,34,28,-7.62,-15.24,-6,KO/TKO,0.0,0.0,0.0
615,Blue,Liang Na,JJ Aldrich,165.1,170.18,125,165.1,170.18,125,27,30,0.0,0.0,3,KO/TKO,,,1.0
617,Blue,Aljamain Sterling,Sean O'Malley,180.34,182.88,135,170.18,180.34,145,34,28,10.16,2.54,-6,KO/TKO,1.0,1.0,0.0
619,Blue,Neil Magny,Ian Machado Garry,190.5,187.96,170,190.5,203.2,170,36,25,0.0,-15.24,-11,U-DEC,,0.0,0.0
620,Blue,Da'Mon Blackshear,Mario Bautista,175.26,175.26,135,177.8,182.88,135,29,30,-2.54,-7.62,1,U-DEC,0.0,0.0,1.0
622,Blue,Chris Weidman,Brad Tavares,185.42,187.96,185,187.96,198.12,185,39,35,-2.54,-10.16,-4,U-DEC,0.0,0.0,0.0
627,Blue,Andrea Lee,Natalia Silva,162.56,165.1,125,167.64,175.26,125,34,26,-5.08,-10.16,-8,U-DEC,0.0,0.0,0.0
632,Blue,Polyana Viana,Iasmin Lucindo,160.02,167.64,115,165.1,170.18,115,31,21,-5.08,-2.54,-10,SUB,0.0,0.0,0.0
635,Blue,JP Buys,Marcus McGhee,172.72,175.26,135,165.1,170.18,135,27,33,7.62,5.08,6,KO/TKO,1.0,1.0,1.0
637,Blue,Francis Marshall,Isaac Dulgarian,170.18,180.34,145,175.26,182.88,145,24,27,-5.08,-2.54,3,KO/TKO,0.0,0.0,1.0
638,Blue,Josh Parisian,Martin Buday,193.04,195.58,265,193.04,200.66,265,34,31,0.0,-5.08,-3,SUB,,0.0,0.0
641,Blue,Juliana Miller,Luana Santos,167.64,170.18,125,170.18,167.64,125,27,23,-2.54,2.54,-4,KO/TKO,0.0,1.0,0.0
643,Blue,Jessica Andrade,Tatiana Suarez,165.1,167.64,115,154.94,157.48,125,31,32,10.16,10.16,1,SUB,1.0,1.0,1.0
647,Blue,Ignacio Bahamondes,Ludovit Klein,170.18,182.88,155,190.5,190.5,155,25,28,-20.32,-7.62,3,U-DEC,0.0,0.0,1.0
649,Blue,Jeremiah Wells,Carlston Harris,182.88,193.04,170,175.26,187.96,170,36,36,7.62,5.08,0,SUB,1.0,1.0,
653,Blue,Ode Osbourne,Asu Almabayev,162.56,165.1,125,170.18,185.42,125,31,29,-7.62,-20.32,-2,SUB,0.0,0.0,0.0
654,Blue,Dustin Poirier,Justin Gaethje,180.34,177.8,155,175.26,182.88,155,34,34,5.08,-5.08,0,KO/TKO,1.0,0.0,
655,Blue,Jan Blachowicz,Alex Pereira,193.04,200.66,205,187.96,198.12,205,40,36,5.08,2.54,-4,S-DEC,1.0,1.0,0.0
657,Blue,Tony Ferguson,King Green,177.8,180.34,155,180.34,193.04,170,39,36,-2.54,-12.7,-3,SUB,0.0,0.0,0.0
658,Blue,Michael Chiesa,Kevin Holland,190.5,205.74,185,185.42,190.5,170,35,30,5.08,15.24,-5,SUB,1.0,1.0,0.0
663,Blue,Matthew Semelsberger,Uros Medic,185.42,180.34,170,185.42,190.5,170,30,30,0.0,-10.16,0,KO/TKO,,0.0,
666,Blue,Molly McCann,Julija Stoliarenko,170.18,167.64,125,162.56,157.48,115,33,30,7.62,10.16,-3,SUB,1.0,1.0,0.0
669,Blue,Jai Herbert,Fares Ziam,185.42,190.5,155,185.42,195.58,155,35,26,0.0,-5.08,-9,U-DEC,,0.0,0.0
671,Blue,Davey Grant,Daniel Marcos,170.18,175.26,135,172.72,175.26,135,37,30,-2.54,0.0,-7,S-DEC,0.0,,0.0
672,Blue,Danny Roberts,Jonny Parsons,175.26,175.26,170,185.42,187.96,170,36,31,-10.16,-12.7,-5,KO/TKO,0.0,0.0,0.0
673,Blue,Marc Diakiese,Joel Alvarez,190.5,195.58,155,177.8,185.42,155,30,30,12.7,10.16,0,SUB,1.0,1.0,
678,Blue,Shauna Bannon,Bruna Brasil,167.64,165.1,115,165.1,165.1,115,29,29,2.54,0.0,0,U-DEC,1.0,,
681,Blue,Ottman Azaitar,Francisco Prado,177.8,175.26,155,172.72,180.34,155,33,21,5.08,-5.08,-12,KO/TKO,1.0,0.0,0.0
682,Blue,Albert Duraev,JunYong Park,177.8,185.42,185,180.34,190.5,185,34,32,-2.54,-5.08,-2,SUB,0.0,0.0,0.0
685,Blue,Tucker Lutz,Melsik Baghdasaryan,175.26,177.8,145,172.72,182.88,145,29,31,2.54,-5.08,2,U-DEC,1.0,0.0,1.0
687,Blue,Austin Lingo,Melquizael Costa,177.8,180.34,145,177.8,177.8,145,29,26,0.0,2.54,-3,U-DEC,,1.0,0.0
689,Blue,Tyson Nam,Azat Maksum,170.18,177.8,125,170.18,172.72,125,39,28,0.0,5.08,-11,S-DEC,,1.0,0.0
691,Blue,Ashlee Evans-Smith,Ailin Perez,165.1,167.64,135,172.72,170.18,135,36,28,-7.62,-2.54,-8,U-DEC,0.0,0.0,0.0
693,Blue,Brandon Moreno,Alexandre Pantoja,165.1,170.18,125,170.18,177.8,125,29,33,-5.08,-7.62,4,S-DEC,0.0,0.0,1.0
694,Blue,Robert Whittaker,Dricus Du Plessis,185.42,193.04,185,182.88,185.42,185,32,29,2.54,7.62,-3,KO/TKO,1.0,1.0,0.0
695,Blue,Jalin Turner,Dan Hooker,182.88,190.5,155,190.5,195.58,155,28,33,-7.62,-5.08,5,S-DEC,0.0,0.0,1.0
699,Blue,Yazmin Jauregui,Denise Gomes,157.48,160.02,115,160.02,162.56,115,24,23,-2.54,-2.54,-1,KO/TKO,0.0,0.0,0.0
700,Blue,Jimmy Crute,Alonzo Menifield,182.88,193.04,205,187.96,187.96,205,27,35,-5.08,5.08,8,SUB,0.0,1.0,1.0
703,Blue,Shannon Ross,Jesus Aguilar,162.56,157.48,125,167.64,167.64,125,34,27,-5.08,-10.16,-7,KO/TKO,0.0,0.0,0.0
704,Blue,Kamuela Kirk,Esteban Ribovics,177.8,175.26,155,177.8,190.5,155,29,27,0.0,-15.24,-2,U-DEC,,0.0,0.0
706,Blue,Damir Ismagulov,Grant Dawson,177.8,182.88,155,177.8,187.96,155,32,29,0.0,-5.08,-3,U-DEC,,0.0,0.0
707,Blue,Max Griffin,Michael Morales,182.88,200.66,170,180.34,193.04,170,37,24,2.54,7.62,-13,U-DEC,1.0,1.0,0.0
709,Blue,Ismael Bonfim,Benoit Saint Denis,180.34,185.42,155,172.72,180.34,155,27,27,7.62,5.08,0,SUB,1.0,1.0,
710,Blue,Brunno Ferreira,Nursulton Ruziboev,195.58,193.04,170,177.8,182.88,185,30,29,17.78,10.16,-1,KO/TKO,1.0,1.0,0.0
711,Blue,Kevin Lee,Rinat Fakhretdinov,182.88,187.96,170,175.26,195.58,170,30,31,7.62,-7.62,1,SUB,1.0,0.0,1.0
713,Blue,Yana Santos,Karol Rosa,165.1,170.18,135,167.64,172.72,135,33,28,-2.54,-2.54,-5,S-DEC,0.0,0.0,0.0
714,Blue,Guram Kutateladze,Elves Brener,177.8,182.88,155,180.34,182.88,155,31,25,-2.54,0.0,-6,KO/TKO,0.0,,0.0
715,Blue,Ivana Petrovic,Luana Carolina,167.64,175.26,125,172.72,177.8,125,29,30,-5.08,-2.54,1,U-DEC,0.0,0.0,1.0
717,Blue,Josh Emmett,Ilia Topuria,170.18,175.26,145,167.64,177.8,145,38,26,2.54,-2.54,-12,U-DEC,1.0,0.0,0.0
718,Blue,Amanda Ribas,Maycee Barber,165.1,165.1,125,160.02,167.64,125,29,25,5.08,-2.54,-4,KO/TKO,1.0,0.0,0.0
725,Blue,Zhalgas Zhumagulov,Joshua Van,165.1,165.1,125,162.56,167.64,125,34,21,2.54,-2.54,-13,S-DEC,1.0,0.0,0.0
726,Blue,Trevor Peek,Chepe Mariscal,170.18,175.26,145,175.26,177.8,155,28,30,-5.08,-2.54,2,U-DEC,0.0,0.0,1.0
727,Blue,Jamall Emmers,Jack Jenkins,170.18,172.72,145,177.8,187.96,145,33,29,-7.62,-15.24,-4,S-DEC,0.0,0.0,0.0
728,Blue,Cody Brundage,Sedriques Dumas,187.96,200.66,185,182.88,182.88,185,29,27,5.08,17.78,-2,U-DEC,1.0,1.0,0.0
729,Blue,Marvin Vettori,Jared Cannonier,180.34,195.58,185,182.88,187.96,185,29,39,-2.54,7.62,10,U-DEC,0.0,1.0,1.0
735,Blue,Jimmy Flick,Alessandro Costa,162.56,170.18,125,170.18,172.72,125,32,27,-7.62,-2.54,-5,KO/TKO,0.0,0.0,0.0
739,Blue,Zac Pauga,Modestas Bukauskas,190.5,198.12,205,187.96,193.04,205,35,29,2.54,5.08,-6,U-DEC,1.0,1.0,0.0
745,Blue,Miranda Maverick,Jasmine Jasudavicius,170.18,172.72,125,160.02,165.1,125,25,34,10.16,7.62,9,U-DEC,1.0,1.0,1.0
748,Blue,David Dvorak,Steve Erceg,172.72,172.72,125,165.1,172.72,125,31,27,7.62,0.0,-4,U-DEC,1.0,,0.0
750,Blue,Kai Kara-France,Amir Albazi,165.1,172.72,125,162.56,175.26,125,30,29,2.54,-2.54,-1,S-DEC,1.0,0.0,0.0
755,Blue,Abubakar Nurmagomedov,Elizeu Zaleski dos Santos,180.34,185.42,170,180.34,182.88,170,33,36,0.0,2.54,3,S-DEC,,1.0,1.0
757,Blue,Andrei Arlovski,Don'Tale Mayes,198.12,205.74,260,190.5,195.58,240,44,31,7.62,10.16,-13,KO/TKO,1.0,1.0,0.0
759,Blue,Jamie Mullarkey,Muhammad Naimov,175.26,177.8,145,182.88,187.96,155,28,28,-7.62,-10.16,0,KO/TKO,0.0,0.0,
764,Blue,Edmen Shahbazyan,Anthony Hernandez,182.88,190.5,185,190.5,190.5,185,25,29,-7.62,0.0,4,KO/TKO,0.0,,1.0
765,Blue,Emily Ducote,Loopy Godinez,157.48,154.94,115,157.48,160.02,115,29,29,0.0,-5.08,0,U-DEC,,0.0,
766,Blue,Andre Fialho,Joaquin Buckley,177.8,193.04,170,182.88,187.96,170,29,29,-5.08,5.08,0,KO/TKO,0.0,1.0,
768,Blue,Maheshate,Viacheslav Borshchev,180.34,175.26,155,182.88,180.34,155,23,31,-2.54,-5.08,8,KO/TKO,0.0,0.0,1.0
770,Blue,Orion Cosce,Gilbert Urbina,190.5,190.5,170,180.34,180.34,170,28,27,10.16,10.16,-1,KO/TKO,1.0,1.0,0.0
771,Blue,Ilir Latifi,Rodrigo Nascimento,187.96,203.2,246,177.8,185.42,230,40,30,10.16,17.78,-10,S-DEC,1.0,1.0,0.0
774,Blue,Takashi Sato,Themba Gorimbo,185.42,195.58,170,177.8,185.42,170,32,32,7.62,10.16,0,U-DEC,1.0,1.0,
775,Blue,Jairzinho Rozenstruik,Jailton Almeida,190.5,200.66,205,187.96,198.12,242,35,31,2.54,2.54,-4,SUB,1.0,1.0,0.0
776,Blue,Anthony Smith,Johnny Walker,198.12,208.28,205,193.04,193.04,205,34,31,5.08,15.24,-3,U-DEC,1.0,1.0,0.0
777,Blue,Daniel Rodriguez,Ian Machado Garry,190.5,187.96,170,185.42,187.96,170,36,25,5.08,0.0,-11,KO/TKO,1.0,,0.0
779,Blue,Tim Means,Alex Morono,180.34,182.88,170,187.96,190.5,170,39,32,-7.62,-7.62,-7,SUB,0.0,0.0,0.0
782,Blue,Cody Stamann,Douglas Silva de Andrade,170.18,172.72,135,167.64,162.56,135,33,37,2.54,10.16,4,U-DEC,1.0,1.0,1.0
783,Blue,Ji Yeon Kim,Mandy Bohm,170.18,180.34,125,170.18,182.88,125,33,33,0.0,-2.54,0,S-DEC,,0.0,
785,Blue,Jessica-Rose Clark,Tainara Lisboa,170.18,170.18,135,165.1,162.56,135,35,32,5.08,7.62,-3,SUB,1.0,1.0,0.0
788,Blue,Jessica Andrade,Yan Xiaonan,165.1,160.02,115,154.94,157.48,125,31,33,10.16,2.54,2,KO/TKO,1.0,1.0,1.0
790,Blue,Kron Gracie,Charles Jourdain,175.26,175.26,145,175.26,177.8,145,34,27,0.0,-2.54,-7,U-DEC,,0.0,0.0
791,Blue,Drew Dober,Matt Frevola,175.26,180.34,155,172.72,177.8,155,34,32,2.54,2.54,-2,KO/TKO,1.0,1.0,0.0
794,Blue,Marina Rodriguez,Virna Jandiroba,160.02,162.56,115,167.64,165.1,115,36,34,-7.62,-2.54,-2,U-DEC,0.0,0.0,0.0
795,Blue,Braxton Smith,Parker Porter,182.88,190.5,265,180.34,182.88,257,33,38,2.54,7.62,5,KO/TKO,1.0,1.0,1.0
796,Blue,Phil Hawes,Ikram Aliskerov,182.88,193.04,185,182.88,195.58,185,34,30,0.0,-2.54,-4,KO/TKO,,0.0,0.0
797,Blue,Joseph Holmes,Claudio Ribeiro,185.42,195.58,185,193.04,203.2,185,27,30,-7.62,-7.62,3,KO/TKO,0.0,0.0,1.0
801,Blue,Julian Erosa,Fernando Padilla,185.42,193.04,145,185.42,187.96,145,33,26,0.0,5.08,-7,KO/TKO,,1.0,0.0
803,Blue,Josh Quinlan,Trey Waters,195.58,195.58,170,182.88,182.88,170,30,28,12.7,12.7,-2,U-DEC,1.0,1.0,0.0
806,Blue,Stephanie Egger,Irina Alekseeva,172.72,170.18,135,167.64,172.72,135,34,32,5.08,-2.54,-2,SUB,1.0,0.0,0.0
807,Blue,Journey Newson,Marcus McGhee,172.72,175.26,135,165.1,170.18,135,34,32,7.62,5.08,-2,SUB,1.0,1.0,0.0
808,Blue,Hailey Cowan,Jamey-Lyn Horth,170.18,167.64,125,172.72,170.18,135,31,33,-2.54,-2.54,2,U-DEC,0.0,0.0,1.0
810,Blue,Brad Tavares,Bruno Silva,182.88,187.96,185,185.42,187.96,185,35,33,-2.54,0.0,-2,KO/TKO,0.0,,0.0
813,Blue,Ricky Glenn,Christos Giagos,177.8,180.34,155,182.88,177.8,170,34,33,-5.08,2.54,-1,KO/TKO,0.0,1.0,0.0
814,Blue,Rani Yahya,Montel Jackson,177.8,190.5,135,167.64,170.18,135,38,30,10.16,20.32,-8,KO/TKO,1.0,1.0,0.0
815,Blue,Karol Rosa,Norma Dumont,170.18,170.18,135,165.1,170.18,135,28,32,5.08,0.0,4,U-DEC,1.0,,1.0
817,Blue,Francis Marshall,William Gomis,182.88,185.42,145,175.26,182.88,145,24,25,7.62,2.54,1,S-DEC,1.0,1.0,1.0
821,Blue,Dustin Jacoby,Azamat Murzakanov,177.8,180.34,205,190.5,193.04,205,35,34,-12.7,-12.7,-1,U-DEC,0.0,0.0,0.0
822,Blue,Tanner Boser,Ion Cutelaba,185.42,190.5,205,187.96,190.5,205,31,29,-2.54,0.0,-2,KO/TKO,0.0,,0.0
824,Blue,Clay Guida,Rafa Garcia,170.18,177.8,155,170.18,177.8,155,41,28,0.0,0.0,-13,U-DEC,,,0.0
829,Blue,Lando Vannata,Daniel Zellhuber,185.42,195.58,155,175.26,180.34,155,31,23,10.16,15.24,-8,U-DEC,1.0,1.0,0.0
830,Blue,Bruna Brasil,Denise Gomes,157.48,160.02,115,167.64,165.1,115,29,23,-10.16,-5.08,-6,KO/TKO,0.0,0.0,0.0
831,Blue,Aaron Phillips,Gaston Bolanos,170.18,175.26,135,175.26,180.34,135,33,30,-5.08,-5.08,-3,U-DEC,0.0,0.0,0.0
833,Blue,Alex Pereira,Israel Adesanya,193.04,203.2,185,193.04,200.66,205,35,33,0.0,2.54,-2,KO/TKO,,1.0,0.0
837,Blue,Raul Rosas Jr.,Christian Rodriguez,170.18,180.34,145,175.26,170.18,135,18,25,-5.08,10.16,7,U-DEC,0.0,1.0,1.0
838,Blue,Chris Curtis,Kelvin Gastelum,175.26,180.34,170,177.8,190.5,185,35,31,-2.54,-10.16,-4,U-DEC,0.0,0.0,0.0
839,Blue,Michelle Waterson-Gomez,Luana Pinheiro,157.48,157.48,115,160.02,157.48,115,37,30,-2.54,0.0,-7,S-DEC,0.0,,0.0
840,Blue,Gerald Meerschaert,Joe Pyfer,187.96,190.5,185,185.42,195.58,185,35,26,2.54,-5.08,-9,KO/TKO,1.0,0.0,0.0
841,Blue,Cynthia Calvillo,Loopy Godinez,157.48,154.94,115,162.56,162.56,115,35,29,-5.08,-7.62,-6,S-DEC,0.0,0.0,0.0
843,Blue,Shayilan Nuerdanbieke,Steve Garcia,182.88,190.5,145,172.72,175.26,145,28,30,10.16,15.24,2,KO/TKO,1.0,1.0,1.0
844,Blue,Jaqueline Amorim,Sam Hughes,165.1,162.56,115,160.02,172.72,115,27,30,5.08,-10.16,3,U-DEC,1.0,0.0,1.0
845,Blue,Marlon Vera,Cory Sandhagen,180.34,177.8,135,172.72,177.8,135,30,30,7.62,0.0,0,S-DEC,1.0,,
848,Blue,Andrea Lee,Maycee Barber,165.1,165.1,125,167.64,175.26,125,34,24,-2.54,-10.16,-10,S-DEC,0.0,0.0,0.0
849,Blue,Chidi Njokuani,Albert Duraev,180.34,190.5,185,190.5,203.2,170,34,34,-10.16,-12.7,0,S-DEC,0.0,0.0,
851,Blue,Steven Peterson,Lucas Alexander,180.34,185.42,145,177.8,177.8,145,32,27,2.54,7.62,-5,U-DEC,1.0,1.0,0.0
862,Blue,Sam Patterson,Yanal Ashmouz,175.26,172.72,155,190.5,198.12,170,26,27,-15.24,-25.4,1,KO/TKO,0.0,0.0,1.0
868,Blue,Juliana Miller,Veronica Hardy,162.56,162.56,125,170.18,167.64,125,26,27,-7.62,-5.08,1,U-DEC,0.0,0.0,1.0
869,Blue,Petr Yan,Merab Dvalishvili,167.64,172.72,135,170.18,170.18,135,30,32,-2.54,2.54,2,U-DEC,0.0,1.0,1.0
872,Blue,Said Nurmagomedov,Jonathan Martinez,172.72,177.8,135,172.72,177.8,135,30,28,0.0,0.0,-2,U-DEC,,,0.0
876,Blue,Raphael Assuncao,Davey Grant,172.72,175.26,135,165.1,167.64,135,40,37,7.62,7.62,-3,SUB,1.0,1.0,0.0
877,Blue,Sedriques Dumas,Josh Fremd,193.04,193.04,185,187.96,200.66,185,27,29,5.08,-7.62,2,SUB,1.0,0.0,1.0
880,Blue,Tyson Nam,Bruno Silva,162.56,165.1,125,170.18,172.72,125,39,32,-7.62,-7.62,-7,SUB,0.0,0.0,0.0
883,Blue,Valentina Shevchenko,Alexa Grasso,165.1,167.64,125,165.1,167.64,125,34,29,0.0,0.0,-5,SUB,,,0.0
884,Blue,Geoff Neal,Shavkat Rakhmonov,185.42,195.58,170,180.34,190.5,170,32,28,5.08,5.08,-4,SUB,1.0,1.0,0.0
888,Blue,Derek Brunson,Dricus Du Plessis,185.42,193.04,185,185.42,195.58,185,39,29,0.0,-2.54,-10,KO/TKO,,0.0,0.0
889,Blue,Viviane Araujo,Amanda Ribas,160.02,167.64,125,162.56,172.72,125,36,29,-2.54,-5.08,-7,U-DEC,0.0,0.0,0.0
890,Blue,Julian Marquez,Marc-Andre Barriault,185.42,187.96,185,187.96,182.88,185,32,33,-2.54,5.08,1,KO/TKO,0.0,1.0,1.0
892,Blue,Mana Martinez,Cameron Saaiman,172.72,170.18,135,177.8,177.8,135,26,22,-5.08,-7.62,-4,M-DEC,0.0,0.0,0.0
893,Blue,Jessica Penne,Tabatha Ricci,154.94,154.94,115,165.1,170.18,115,40,28,-10.16,-15.24,-12,SUB,0.0,0.0,0.0
894,Blue,Da'Mon Blackshear,Farid Basharat,172.72,180.34,135,177.8,182.88,135,28,25,-5.08,-2.54,-3,U-DEC,0.0,0.0,0.0
895,Blue,Esteban Ribovics,Loik Radzhabov,180.34,175.26,155,177.8,175.26,155,26,32,2.54,0.0,6,U-DEC,1.0,,1.0
896,Blue,Andre Muniz,Brendan Allen,187.96,190.5,185,185.42,198.12,185,33,27,2.54,-7.62,-6,SUB,1.0,0.0,0.0
900,Blue,Erick Gonzalez,Trevor Peek,175.26,177.8,155,180.34,190.5,155,31,28,-5.08,-12.7,-3,KO/TKO,0.0,0.0,0.0
905,Blue,Rafael Alves,Nurullo Aliev,177.8,182.88,155,172.72,172.72,155,32,22,5.08,10.16,-10,M-DEC,1.0,1.0,0.0
906,Blue,Jessica Andrade,Erin Blanchfield,162.56,167.64,125,154.94,157.48,125,31,23,7.62,10.16,-8,SUB,1.0,1.0,0.0
907,Blue,Jordan Wright,Zac Pauga,187.96,193.04,205,187.96,195.58,205,31,34,0.0,-2.54,3,U-DEC,,0.0,1.0
908,Blue,Josh Parisian,Jamal Pogues,190.5,195.58,205,193.04,200.66,265,33,27,-2.54,-5.08,-6,U-DEC,0.0,0.0,0.0
909,Blue,William Knight,Marcin Prachnio,190.5,187.96,205,177.8,185.42,205,34,34,12.7,2.54,0,U-DEC,1.0,1.0,
910,Blue,Jim Miller,Alexander Hernandez,175.26,182.88,145,172.72,180.34,155,39,30,2.54,2.54,-9,U-DEC,1.0,1.0,0.0
912,Blue,Lina Lansberg,Mayra Bueno Silva,167.64,167.64,135,170.18,165.1,135,40,31,-2.54,2.54,-9,SUB,0.0,1.0,0.0
914,Blue,Ovince Saint Preux,Philipe Lins,187.96,198.12,205,190.5,203.2,205,39,37,-2.54,-5.08,-2,KO/TKO,0.0,0.0,0.0
921,Blue,Tyson Pedro,Modestas Bukauskas,190.5,198.12,205,190.5,200.66,205,31,29,0.0,-2.54,-2,U-DEC,,0.0,0.0
923,Blue,Shannon Ross,Kleydson Rodrigues,165.1,170.18,135,167.64,167.64,125,33,27,-2.54,2.54,-6,KO/TKO,0.0,1.0,0.0
927,Blue,Shane Young,Blake Bilder,172.72,172.72,145,172.72,182.88,145,29,32,0.0,-10.16,3,U-DEC,,0.0,1.0
928,Blue,Zubaira Tukhugov,Elves Brener,177.8,182.88,155,172.72,172.72,155,32,25,5.08,10.16,-7,S-DEC,1.0,1.0,0.0
929,Blue,Derrick Lewis,Serghei Spivac,190.5,198.12,260,190.5,200.66,260,37,28,0.0,-2.54,-9,SUB,,0.0,0.0
930,Blue,Da Woon Jung,Devin Clark,182.88,190.5,205,193.04,198.12,205,29,32,-10.16,-7.62,3,U-DEC,0.0,0.0,1.0
932,Blue,Yusaku Kinoshita,Adam Fugitt,185.42,195.58,170,182.88,180.34,170,22,34,2.54,15.24,12,KO/TKO,1.0,1.0,1.0
933,Blue,Jeka Saragih,Anshul Jubli,182.88,175.26,155,172.72,175.26,145,28,28,10.16,0.0,0,KO/TKO,1.0,,
935,Blue,Toshiomi Kazama,Rinya Nakamura,170.18,172.72,135,170.18,175.26,135,25,27,0.0,-2.54,2,KO/TKO,,0.0,1.0
936,Blue,SeungGuk Choi,HyunSung Park,170.18,167.64,125,167.64,162.56,125,26,27,2.54,5.08,1,SUB,1.0,1.0,1.0
939,Blue,Glover Teixeira,Jamahal Hill,193.04,200.66,205,187.96,193.04,205,43,31,5.08,7.62,-12,U-DEC,1.0,1.0,0.0
940,Blue,Deiveson Figueiredo,Brandon Moreno,170.18,177.8,125,165.1,172.72,135,35,29,5.08,5.08,-6,KO/TKO,1.0,1.0,0.0
942,Blue,Lauren Murphy,Jessica Andrade,154.94,157.48,125,165.1,170.18,125,39,31,-10.16,-12.7,-8,U-DEC,0.0,0.0,0.0
943,Blue,Paul Craig,Johnny Walker,198.12,208.28,205,190.5,193.04,185,35,30,7.62,15.24,-5,KO/TKO,1.0,1.0,0.0
944,Blue,Mauricio Rua,Ihor Potieria,190.5,190.5,185,185.42,193.04,205,41,26,5.08,-2.54,-15,KO/TKO,1.0,0.0,0.0
945,Blue,Gregory Rodrigues,Brunno Ferreira,177.8,182.88,185,190.5,190.5,185,30,30,-12.7,-7.62,0,KO/TKO,0.0,0.0,
948,Blue,Shamil Abdurakhimov,Jailton Almeida,190.5,200.66,205,190.5,193.04,235,41,31,0.0,7.62,-10,KO/TKO,,1.0,0.0
949,Blue,Luan Lacerda,Cody Stamann,167.64,162.56,135,170.18,180.34,135,30,33,-2.54,-17.78,3,U-DEC,0.0,0.0,1.0
951,Blue,Warlley Alves,Nicolas Dalby,180.34,187.96,170,180.34,182.88,185,32,38,0.0,5.08,6,S-DEC,,1.0,1.0
953,Blue,Saimon Oliveira,Daniel Marcos,170.18,175.26,135,162.56,182.88,135,31,29,7.62,-7.62,-2,KO/TKO,1.0,0.0,0.0
956,Blue,Punahele Soriano,Roman Kopylov,182.88,190.5,185,180.34,182.88,170,30,31,2.54,7.62,1,KO/TKO,1.0,1.0,1.0
957,Blue,Ketlen Vieira,Raquel Pennington,170.18,170.18,135,172.72,172.72,135,31,34,-2.54,-2.54,3,S-DEC,0.0,0.0,1.0
960,Blue,Claudio Ribeiro,Abdul Razak Alhassan,177.8,185.42,185,185.42,195.58,185,30,37,-7.62,-10.16,7,KO/TKO,0.0,0.0,1.0
970,Blue,Cody Brundage,Michal Oleksiejczuk,182.88,187.96,185,182.88,182.88,185,28,27,0.0,5.08,-1,KO/TKO,,1.0,0.0
971,Blue,Cheyanne Vlismas,Cory McKenna,160.02,147.32,115,160.02,160.02,115,27,23,0.0,-12.7,-4,U-DEC,,0.0,0.0
972,Blue,Jake Matthews,Matthew Semelsberger,185.42,190.5,170,180.34,185.42,170,28,30,5.08,5.08,2,U-DEC,1.0,1.0,1.0
975,Blue,Bryan Battle,Rinat Fakhretdinov,182.88,187.96,170,185.42,195.58,170,28,31,-2.54,-7.62,3,U-DEC,0.0,0.0,1.0
976,Blue,David Dvorak,Manel Kape,165.1,172.72,125,165.1,172.72,125,30,29,0.0,0.0,-1,U-DEC,,,0.0
980,Blue,Darren Till,Dricus Du Plessis,185.42,193.04,185,182.88,187.96,185,29,28,2.54,5.08,-1,SUB,1.0,1.0,0.0
981,Blue,Bryce Mitchell,Ilia Topuria,170.18,175.26,145,177.8,177.8,145,28,25,-7.62,-2.54,-3,SUB,0.0,0.0,0.0
990,Blue,Bryan Barberena,Rafael Dos Anjos,172.72,177.8,170,182.88,182.88,185,33,38,-10.16,-5.08,5,SUB,0.0,0.0,1.0
992,Blue,Tai Tuivasa,Sergei Pavlovich,190.5,213.36,257,187.96,190.5,264,29,30,2.54,22.86,1,KO/TKO,1.0,1.0,1.0
993,Blue,Jack Hermansson,Roman Dolidze,187.96,193.04,185,185.42,195.58,185,34,34,2.54,-2.54,0,KO/TKO,1.0,0.0,
995,Blue,Niko Price,Phil Rowe,190.5,203.2,170,182.88,193.04,170,33,32,7.62,10.16,-1,KO/TKO,1.0,1.0,0.0
999,Blue,Darren Elkins,Jonathan Pearce,182.88,180.34,145,177.8,180.34,145,38,30,5.08,0.0,-8,U-DEC,1.0,,0.0
1001,Blue,Marcelo Rojo,Francis Marshall,175.26,182.88,145,172.72,180.34,145,34,23,2.54,2.54,-11,KO/TKO,1.0,1.0,0.0
1004,Blue,Chase Sherman,Waldo Cortes-Acosta,193.04,198.12,260,193.04,198.12,250,33,31,0.0,0.0,-2,U-DEC,,,0.0
1005,Blue,Andre Fialho,Muslim Salikhov,180.34,177.8,170,182.88,187.96,170,28,38,-2.54,-10.16,10,KO/TKO,0.0,0.0,1.0
1009,Blue,Vince Morales,Miles Johns,170.18,167.64,135,175.26,177.8,135,32,28,-5.08,-10.16,-4,U-DEC,0.0,0.0,0.0
1014,Blue,Israel Adesanya,Alex Pereira,193.04,200.66,205,193.04,203.2,185,33,35,0.0,-2.54,2,KO/TKO,,0.0,1.0
1015,Blue,Carla Esparza,Zhang Weili,162.56,160.02,115,154.94,160.02,115,35,33,7.62,0.0,-2,SUB,1.0,,0.0
1017,Blue,Frankie Edgar,Chris Gutierrez,175.26,170.18,135,167.64,172.72,135,41,31,7.62,-2.54,-10,KO/TKO,1.0,0.0,0.0
1019,Blue,Brad Riddell,Renato Moicano,180.34,182.88,155,170.18,180.34,155,31,33,10.16,2.54,2,SUB,1.0,1.0,1.0
1020,Blue,Dominick Reyes,Ryan Spann,195.58,200.66,205,193.04,195.58,205,32,31,2.54,5.08,-1,KO/TKO,1.0,1.0,0.0
1026,Blue,Julio Arce,Montel Jackson,177.8,190.5,135,170.18,177.8,145,33,30,7.62,12.7,-3,U-DEC,1.0,1.0,0.0
1028,Blue,Marina Rodriguez,Amanda Lemos,162.56,165.1,115,167.64,165.1,115,35,35,-5.08,0.0,0,KO/TKO,0.0,,
1030,Blue,Darrick Minner,Shayilan Nuerdanbieke,172.72,175.26,145,170.18,175.26,145,32,28,2.54,0.0,-4,KO/TKO,1.0,,0.0
1036,Blue,Liudvik Sholinian,Johnny Munoz,175.26,180.34,135,177.8,180.34,135,32,29,-2.54,0.0,-3,U-DEC,0.0,,0.0
1037,Blue,Carlos Candelario,Jake Hadley,170.18,177.8,125,172.72,172.72,125,31,26,-2.54,5.08,-5,SUB,0.0,1.0,0.0
1039,Blue,Calvin Kattar,Arnold Allen,172.72,177.8,145,180.34,182.88,145,34,28,-7.62,-5.08,-6,KO/TKO,0.0,0.0,0.0
1040,Blue,Tim Means,Max Griffin,180.34,193.04,170,187.96,190.5,170,38,36,-7.62,2.54,-2,S-DEC,0.0,1.0,0.0
1042,Blue,Josh Fremd,Tresean Gore,182.88,190.5,185,193.04,193.04,185,28,28,-10.16,-2.54,0,SUB,0.0,0.0,
1043,Blue,Dustin Jacoby,Khalil Rountree Jr.,185.42,193.04,205,190.5,193.04,205,34,32,-5.08,0.0,-2,S-DEC,0.0,,0.0
1044,Blue,Phil Hawes,Roman Dolidze,187.96,193.04,185,182.88,195.58,185,33,34,5.08,-2.54,1,KO/TKO,1.0,0.0,1.0
1045,Blue,Andrei Arlovski,Marcos Rogerio de Lima,185.42,190.5,253,190.5,195.58,240,43,37,-5.08,-5.08,-6,SUB,0.0,0.0,0.0
1046,Blue,Joseph Holmes,JunYong Park,177.8,185.42,185,193.04,203.2,185,27,31,-15.24,-17.78,4,SUB,0.0,0.0,1.0
1047,Blue,Chase Hooper,Steve Garcia,182.88,190.5,145,185.42,187.96,155,23,30,-2.54,2.54,7,KO/TKO,0.0,1.0,1.0
1050,Blue,Charles Oliveira,Islam Makhachev,177.8,177.8,155,177.8,187.96,155,33,30,0.0,-10.16,-3,SUB,,0.0,0.0
1052,Blue,Petr Yan,Sean O'Malley,180.34,182.88,135,170.18,170.18,135,29,27,10.16,12.7,-2,S-DEC,1.0,1.0,0.0
1054,Blue,Katlyn Chookagian,Manon Fiorot,170.18,165.1,125,175.26,172.72,125,33,32,-5.08,-7.62,-1,U-DEC,0.0,0.0,0.0
1056,Blue,Makhmud Muradov,Caio Borralho,185.42,190.5,185,187.96,190.5,185,32,29,-2.54,0.0,-3,U-DEC,0.0,,0.0
1057,Blue,Volkan Oezdemir,Nikita Krylov,190.5,195.58,205,187.96,190.5,205,33,30,2.54,5.08,-3,U-DEC,1.0,1.0,0.0
1063,Blue,Cub Swanson,Jonathan Martinez,172.72,177.8,135,172.72,177.8,145,38,28,0.0,0.0,-10,KO/TKO,,,0.0
1064,Blue,Jordan Wright,Dusko Todorovic,185.42,187.96,185,187.96,195.58,205,31,28,-2.54,-7.62,-3,KO/TKO,0.0,0.0,0.0
1066,Blue,Misha Cirkunov,Alonzo Menifield,182.88,193.04,205,190.5,195.58,205,35,34,-7.62,-2.54,-1,KO/TKO,0.0,0.0,0.0
1068,Blue,Nick Maximov,Jacob Malkoun,175.26,185.42,185,182.88,193.04,185,24,27,-7.62,-7.62,3,U-DEC,0.0,0.0,1.0
1072,Blue,Mike Jackson,Pete Rodriguez,175.26,180.34,170,187.96,187.96,170,37,25,-12.7,-7.62,-12,KO/TKO,0.0,0.0,0.0
1073,Blue,Mackenzie Dern,Yan Xiaonan,165.1,160.02,115,162.56,160.02,115,29,33,2.54,0.0,4,M-DEC,1.0,,1.0
1078,Blue,John Castaneda,Daniel Santos,170.18,170.18,135,167.64,180.34,135,30,27,2.54,-10.16,-3,KO/TKO,1.0,0.0,0.0
1081,Blue,Krzysztof Jotko,Brendan Allen,187.96,190.5,185,185.42,195.58,185,33,26,2.54,-5.08,-7,SUB,1.0,0.0,0.0
1082,Blue,Julija Stoliarenko,Chelsea Chandler,172.72,172.72,135,170.18,167.64,125,29,31,2.54,5.08,2,KO/TKO,1.0,1.0,1.0
1085,Blue,Chidi Njokuani,Gregory Rodrigues,190.5,190.5,185,190.5,203.2,170,33,30,0.0,-12.7,-3,KO/TKO,,0.0,0.0
1088,Blue,Tanner Boser,Rodrigo Nascimento,187.96,203.2,246,187.96,190.5,205,31,29,0.0,12.7,-2,S-DEC,,1.0,0.0
1092,Blue,Denise Gomes,Loma Lookboonmee,154.94,154.94,115,157.48,160.02,115,22,26,-2.54,-5.08,4,U-DEC,0.0,0.0,1.0
1094,Blue,Mariya Agapova,Gillian Robertson,165.1,160.02,115,167.64,172.72,125,25,27,-2.54,-12.7,2,SUB,0.0,0.0,1.0
1095,Blue,Tony Gravely,Javid Basharat,175.26,175.26,135,165.1,175.26,135,30,27,10.16,0.0,-3,U-DEC,1.0,,0.0
1099,Blue,Li Jingliang,Daniel Rodriguez,185.42,187.96,170,182.88,180.34,170,34,35,2.54,7.62,1,S-DEC,1.0,1.0,1.0
1102,Blue,Hakeem Dawodu,Julian Erosa,185.42,187.96,145,172.72,185.42,145,31,33,12.7,2.54,2,U-DEC,1.0,1.0,1.0
1105,Blue,Jake Collier,Chris Barnett,175.26,190.5,265,190.5,198.12,230,33,36,-15.24,-7.62,3,KO/TKO,0.0,0.0,1.0
1107,Blue,Chad Anheliger,Alatengheili,165.1,167.64,135,167.64,162.56,135,35,30,-2.54,5.08,-5,U-DEC,0.0,1.0,0.0
1108,Blue,Melissa Martinez,Elise Reed,160.02,160.02,115,157.48,167.64,115,25,29,2.54,-7.62,4,U-DEC,1.0,0.0,1.0
1109,Blue,Darian Weeks,Yohan Lainesse,185.42,193.04,170,180.34,182.88,170,28,30,5.08,10.16,2,S-DEC,1.0,1.0,1.0
1113,Blue,Alessio Di Chirico,Roman Kopylov,182.88,190.5,185,182.88,187.96,185,32,31,0.0,2.54,-1,KO/TKO,,1.0,0.0
1115,Blue,Charles Jourdain,Nathaniel Wood,167.64,175.26,145,175.26,175.26,145,26,29,-7.62,0.0,3,U-DEC,0.0,,1.0
1117,Blue,John Makdessi,Nasrat Haqparast,177.8,182.88,155,172.72,172.72,155,37,27,5.08,10.16,-10,U-DEC,1.0,1.0,0.0
1120,Blue,Khalid Taha,Cristian Quinonez,172.72,177.8,135,165.1,175.26,135,30,26,7.62,2.54,-4,KO/TKO,1.0,1.0,0.0
1122,Blue,Kamaru Usman,Leon Edwards,187.96,187.96,170,182.88,193.04,170,35,30,5.08,-5.08,-5,KO/TKO,1.0,0.0,0.0
1124,Blue,Jose Aldo,Merab Dvalishvili,167.64,172.72,135,170.18,177.8,135,35,31,-2.54,-5.08,-4,U-DEC,0.0,0.0,0.0
1125,Blue,Wu Yanan,Lucie Pudilova,172.72,170.18,125,172.72,167.64,135,26,28,0.0,2.54,2,KO/TKO,,1.0,1.0
1128,Blue,Leonardo Santos,Jared Gordon,175.26,172.72,155,182.88,190.5,155,42,33,-7.62,-17.78,-9,U-DEC,0.0,0.0,0.0
1129,Blue,AJ Fletcher,Ange Loosa,177.8,187.96,170,177.8,170.18,170,25,29,0.0,17.78,4,U-DEC,,1.0,1.0
1132,Blue,Daniel Lacerda,Victor Altamirano,172.72,177.8,125,167.64,177.8,125,26,31,5.08,0.0,5,KO/TKO,1.0,,1.0
1136,Blue,Devin Clark,Azamat Murzakanov,177.8,180.34,205,182.88,190.5,205,32,33,-5.08,-10.16,1,KO/TKO,0.0,0.0,1.0
1138,Blue,Bruno Silva,Gerald Meerschaert,185.42,195.58,185,182.88,187.96,185,33,34,2.54,7.62,1,SUB,1.0,1.0,1.0
1141,Blue,Cynthia Calvillo,Nina Nunes,165.1,162.56,125,162.56,162.56,115,35,36,2.54,0.0,1,S-DEC,1.0,,1.0
1143,Blue,Ode Osbourne,Tyson Nam,170.18,172.72,125,170.18,185.42,125,30,38,0.0,-12.7,8,KO/TKO,,0.0,1.0
1144,Blue,Jason Witt,Josh Quinlan,182.88,182.88,170,177.8,177.8,170,35,29,5.08,5.08,-6,KO/TKO,1.0,1.0,0.0
1145,Blue,Thiago Santos,Jamahal Hill,193.04,200.66,205,187.96,193.04,205,38,31,5.08,7.62,-7,KO/TKO,1.0,1.0,0.0
1146,Blue,Vicente Luque,Geoff Neal,180.34,190.5,170,180.34,190.5,170,30,31,0.0,0.0,1,KO/TKO,,,1.0
1148,Blue,Brogan Walker,Juliana Miller,170.18,167.64,125,162.56,170.18,125,34,26,7.62,-2.54,-8,KO/TKO,1.0,0.0,0.0
1149,Blue,Augusto Sakai,Serghei Spivac,190.5,198.12,260,190.5,195.58,265,31,27,0.0,2.54,-4,KO/TKO,,1.0,0.0
1151,Blue,Sam Alvey,Michal Oleksiejczuk,182.88,187.96,185,187.96,190.5,185,36,27,-5.08,-2.54,-9,KO/TKO,0.0,0.0,0.0
1155,Blue,Julianna Pena,Amanda Nunes,172.72,175.26,135,167.64,175.26,135,32,34,5.08,0.0,2,U-DEC,1.0,,1.0
1157,Blue,Derrick Lewis,Sergei Pavlovich,190.5,213.36,257,190.5,200.66,260,37,30,0.0,12.7,-7,KO/TKO,,1.0,0.0
1172,Blue,Paul Craig,Volkan Oezdemir,187.96,190.5,205,190.5,193.04,185,34,32,-2.54,-2.54,-2,U-DEC,0.0,0.0,0.0
1173,Blue,Mason Jones,Ludovit Klein,170.18,182.88,155,177.8,187.96,155,27,27,-7.62,-5.08,0,U-DEC,0.0,0.0,
1176,Blue,Makwan Amirkhani,Jonathan Pearce,182.88,180.34,145,177.8,182.88,145,33,30,5.08,-2.54,-3,KO/TKO,1.0,0.0,0.0
1179,Blue,Mandy Bohm,Victoria Leonardo,165.1,162.56,125,170.18,180.34,125,32,32,-5.08,-17.78,0,U-DEC,0.0,0.0,
1180,Blue,Claudio Silva,Nicolas Dalby,180.34,187.96,170,180.34,180.34,170,39,37,0.0,7.62,-2,U-DEC,,1.0,0.0
1181,Blue,Brian Ortega,Yair Rodriguez,180.34,180.34,145,172.72,175.26,145,31,29,7.62,5.08,-2,KO/TKO,1.0,1.0,0.0
1182,Blue,Michelle Waterson-Gomez,Amanda Lemos,162.56,165.1,115,160.02,157.48,115,36,35,2.54,7.62,-1,SUB,1.0,1.0,0.0
1191,Blue,Dwight Grant,Dustin Stoltzfus,182.88,190.5,185,185.42,193.04,185,37,30,-2.54,-2.54,-7,U-DEC,0.0,0.0,0.0
1192,Blue,Jessica Penne,Emily Ducote,157.48,160.02,115,165.1,170.18,115,39,28,-7.62,-10.16,-11,U-DEC,0.0,0.0,0.0
1193,Blue,Rafael Dos Anjos,Rafael Fiziev,172.72,180.34,155,172.72,177.8,170,37,29,0.0,2.54,-8,KO/TKO,,1.0,0.0
1195,Blue,Douglas Silva de Andrade,Said Nurmagomedov,172.72,177.8,135,170.18,172.72,135,37,30,2.54,5.08,-7,U-DEC,1.0,1.0,0.0
1196,Blue,Jared Vanderaa,Chase Sherman,193.04,198.12,250,193.04,203.2,265,30,32,0.0,-5.08,2,KO/TKO,,0.0,1.0
1198,Blue,Michael Johnson,Jamie Mullarkey,182.88,187.96,155,177.8,185.42,155,36,27,5.08,2.54,-9,S-DEC,1.0,1.0,0.0
1203,Blue,Ronnie Lawrence,Saidyokub Kakhramonov,172.72,175.26,135,172.72,172.72,135,30,26,0.0,2.54,-4,U-DEC,,1.0,0.0
1206,Blue,Sean Strickland,Alex Pereira,193.04,200.66,205,185.42,193.04,185,31,34,7.62,7.62,3,KO/TKO,1.0,1.0,1.0
1207,Blue,Robbie Lawler,Bryan Barberena,182.88,182.88,185,180.34,187.96,170,40,33,2.54,-5.08,-7,KO/TKO,1.0,0.0,0.0
1208,Blue,Brad Riddell,Jalin Turner,190.5,195.58,155,170.18,180.34,155,30,27,20.32,15.24,-3,SUB,1.0,1.0,0.0
1211,Blue,Brad Tavares,Dricus Du Plessis,185.42,193.04,185,185.42,187.96,185,34,28,0.0,5.08,-6,U-DEC,,1.0,0.0
1212,Blue,Uriah Hall,Andre Muniz,185.42,198.12,185,182.88,200.66,185,37,32,2.54,-2.54,-5,U-DEC,1.0,0.0,0.0
1213,Blue,Jessica Eye,Maycee Barber,165.1,165.1,125,167.64,167.64,125,35,24,-2.54,-2.54,-11,U-DEC,0.0,0.0,0.0
1214,Blue,Jessica-Rose Clark,Julija Stoliarenko,170.18,167.64,125,165.1,162.56,135,34,29,5.08,5.08,-5,SUB,1.0,1.0,0.0
1215,Blue,Arman Tsarukyan,Mateusz Gamrot,177.8,177.8,155,170.18,182.88,155,25,31,7.62,-5.08,6,U-DEC,1.0,0.0,1.0
1216,Blue,Neil Magny,Shavkat Rakhmonov,185.42,195.58,170,190.5,203.2,170,34,27,-5.08,-7.62,-7,SUB,0.0,0.0,0.0
1219,Blue,Nate Maness,Umar Nurmagomedov,172.72,175.26,135,177.8,182.88,125,30,26,-5.08,-7.62,-4,U-DEC,0.0,0.0,0.0
1223,Blue,Raulian Paiva,Sergey Morozov,167.64,170.18,135,172.72,175.26,135,26,33,-5.08,-5.08,7,U-DEC,0.0,0.0,1.0
1224,Blue,JP Buys,Cody Durden,170.18,170.18,125,165.1,170.18,135,26,31,5.08,0.0,5,KO/TKO,1.0,,1.0
1225,Blue,Brian Kelleher,Mario Bautista,175.26,175.26,135,167.64,167.64,135,35,28,7.62,7.62,-7,SUB,1.0,1.0,0.0
1227,Blue,Calvin Kattar,Josh Emmett,167.64,177.8,145,180.34,182.88,145,34,37,-12.7,-5.08,3,S-DEC,0.0,0.0,1.0
1228,Blue,Tim Means,Kevin Holland,190.5,205.74,185,187.96,190.5,170,38,29,2.54,15.24,-9,SUB,1.0,1.0,0.0
1231,Blue,Julian Marquez,Gregory Rodrigues,190.5,190.5,185,187.96,182.88,185,32,30,2.54,7.62,-2,KO/TKO,1.0,1.0,0.0
1233,Blue,Jasmine Jasudavicius,Natalia Silva,162.56,165.1,125,170.18,172.72,125,33,25,-7.62,-7.62,-8,U-DEC,0.0,0.0,0.0
1234,Blue,Court McGee,Jeremiah Wells,175.26,187.96,170,180.34,190.5,170,37,35,-5.08,-2.54,-2,KO/TKO,0.0,0.0,0.0
1237,Blue,Eddie Wineland,Cody Stamann,167.64,162.56,135,170.18,175.26,135,37,32,-2.54,-12.7,-5,KO/TKO,0.0,0.0,0.0
1240,Blue,Glover Teixeira,Jiri Prochazka,190.5,203.2,205,187.96,193.04,205,42,29,2.54,10.16,-13,SUB,1.0,1.0,0.0
1243,Blue,Andre Fialho,Jake Matthews,180.34,185.42,170,182.88,187.96,170,28,27,-2.54,-2.54,-1,KO/TKO,0.0,0.0,0.0
1245,Blue,SeungWoo Choi,Josh Culibao,177.8,185.42,145,182.88,187.96,145,29,28,-5.08,-2.54,-1,S-DEC,0.0,0.0,0.0
1249,Blue,Liang Na,Silvana Gomez Juarez,160.02,165.1,115,165.1,170.18,125,25,37,-5.08,-5.08,12,KO/TKO,0.0,0.0,1.0
1250,Blue,Ramona Pascual,Joselyne Edwards,172.72,177.8,135,170.18,167.64,135,33,26,2.54,10.16,-7,U-DEC,1.0,1.0,0.0
1252,Blue,Dan Ige,Movsar Evloev,170.18,182.88,145,170.18,180.34,145,30,28,0.0,2.54,-2,U-DEC,,1.0,0.0
1253,Blue,Michael Trizano,Lucas Almeida,180.34,180.34,145,180.34,180.34,145,30,31,0.0,0.0,1,KO/TKO,,,1.0
1257,Blue,Felice Herrig,Karolina Kowalkiewicz,160.02,162.56,115,162.56,165.1,115,37,36,-2.54,-2.54,-1,SUB,0.0,0.0,0.0
1260,Blue,Niklas Stolze,Benoit Saint Denis,180.34,185.42,155,185.42,187.96,155,29,26,-5.08,-2.54,-3,SUB,0.0,0.0,0.0
1261,Blue,Johnny Munoz,Tony Gravely,165.1,175.26,135,175.26,180.34,135,29,30,-10.16,-5.08,1,KO/TKO,0.0,0.0,1.0
1265,Blue,Holly Holm,Ketlen Vieira,172.72,172.72,135,172.72,175.26,135,40,30,0.0,-2.54,-10,S-DEC,,0.0,0.0
1266,Blue,Santiago Ponzinibbio,Michel Pereira,185.42,185.42,185,182.88,185.42,170,35,28,2.54,0.0,-7,S-DEC,1.0,,0.0
1268,Blue,Polyana Viana,Tabatha Ricci,154.94,154.94,115,165.1,170.18,115,29,27,-10.16,-15.24,-2,U-DEC,0.0,0.0,0.0
1269,Blue,Eryk Anders,JunYong Park,177.8,185.42,185,185.42,190.5,185,35,31,-7.62,-5.08,-4,S-DEC,0.0,0.0,0.0
1272,Blue,Omar Morales,Uros Medic,185.42,180.34,170,180.34,185.42,155,36,29,5.08,-5.08,-7,KO/TKO,1.0,0.0,0.0
1275,Blue,Elise Reed,Sam Hughes,165.1,162.56,115,160.02,160.02,115,29,29,5.08,2.54,0,KO/TKO,1.0,1.0,
1280,Blue,Frank Camacho,Manuel Torres,177.8,185.42,155,177.8,185.42,155,32,27,0.0,0.0,-5,KO/TKO,,,0.0
1281,Blue,Jake Hadley,Allan Nascimento,172.72,175.26,125,170.18,177.8,125,25,30,2.54,-2.54,5,U-DEC,1.0,0.0,1.0
1286,Blue,Nick Maximov,Andre Petroski,182.88,185.42,185,182.88,193.04,185,24,30,0.0,-7.62,6,SUB,,0.0,1.0
1288,Blue,Rose Namajunas,Carla Esparza,154.94,160.02,115,165.1,165.1,125,29,34,-10.16,-5.08,5,S-DEC,0.0,0.0,1.0
1290,Blue,Mauricio Rua,Ovince Saint Preux,190.5,203.2,205,185.42,193.04,205,40,39,5.08,10.16,-1,S-DEC,1.0,1.0,0.0
1298,Blue,Kleydson Rodrigues,CJ Vergara,167.64,172.72,125,165.1,170.18,135,26,30,2.54,2.54,4,S-DEC,1.0,1.0,1.0
1299,Blue,Ariane Carnelossi,Loopy Godinez,157.48,154.94,115,157.48,154.94,115,29,28,0.0,0.0,-1,U-DEC,,,0.0
1301,Blue,Rob Font,Marlon Vera,172.72,177.8,135,172.72,180.34,135,34,29,0.0,-2.54,-5,U-DEC,,0.0,0.0
1303,Blue,Andre Fili,Joanderson Brito,172.72,182.88,145,180.34,187.96,145,31,27,-7.62,-5.08,-4,KO/TKO,0.0,0.0,0.0
1304,Blue,Jared Gordon,Grant Dawson,177.8,182.88,155,175.26,172.72,155,33,28,2.54,10.16,-5,SUB,1.0,1.0,0.0
1308,Blue,Daniel Lacerda,Francisco Figueiredo,167.64,172.72,125,167.64,177.8,125,25,32,0.0,-5.08,7,SUB,,0.0,1.0
1311,Blue,Gina Mazany,Shanna Young,170.18,165.1,125,167.64,172.72,125,33,31,2.54,-7.62,-2,KO/TKO,1.0,0.0,0.0
1312,Blue,Amanda Lemos,Jessica Andrade,154.94,157.48,125,162.56,165.1,115,34,30,-7.62,-7.62,-4,SUB,0.0,0.0,0.0
1313,Blue,Clay Guida,Claudio Puelles,177.8,182.88,155,170.18,177.8,155,40,26,7.62,5.08,-14,SUB,1.0,1.0,0.0
1315,Blue,Lando Vannata,Charles Jourdain,175.26,175.26,145,175.26,180.34,155,30,26,0.0,-5.08,-4,SUB,,0.0,0.0
1316,Blue,Jordan Wright,Marc-Andre Barriault,185.42,187.96,185,187.96,195.58,205,30,32,-2.54,-7.62,2,SUB,0.0,0.0,1.0
1317,Blue,Dwight Grant,Sergey Khandozhko,185.42,187.96,170,185.42,193.04,185,37,29,0.0,-5.08,-8,KO/TKO,,0.0,0.0
1321,Blue,Marcin Prachnio,Philipe Lins,187.96,198.12,205,190.5,187.96,205,33,36,-2.54,10.16,3,U-DEC,0.0,1.0,1.0
1322,Blue,Dean Barry,Mike Jackson,187.96,187.96,170,177.8,182.88,170,29,37,10.16,5.08,8,DQ,1.0,1.0,1.0
1323,Blue,Vicente Luque,Belal Muhammad,180.34,182.88,170,180.34,190.5,170,30,33,0.0,-7.62,3,U-DEC,,0.0,1.0
1325,Blue,Miguel Baeza,Andre Fialho,182.88,187.96,170,187.96,187.96,170,29,28,-5.08,0.0,-1,KO/TKO,0.0,,0.0
1330,Blue,Lina Lansberg,Pannie Kianzad,170.18,167.64,135,170.18,165.1,135,40,30,0.0,2.54,-10,U-DEC,,1.0,0.0
1333,Blue,Chris Barnett,Martin Buday,193.04,195.58,265,175.26,190.5,265,35,30,17.78,5.08,-5,U-DEC,1.0,1.0,0.0
1335,Blue,Istela Nunes,Sam Hughes,165.1,162.56,115,162.56,167.64,115,29,29,2.54,-5.08,0,M-DEC,1.0,0.0,
1339,Blue,Gilbert Burns,Khamzat Chimaev,187.96,190.5,185,177.8,180.34,170,35,27,10.16,10.16,-8,U-DEC,1.0,1.0,0.0
1341,Blue,Vinc Pichel,Mark Madsen,172.72,182.88,155,177.8,182.88,155,39,37,-5.08,0.0,-2,U-DEC,0.0,,0.0
1344,Blue,Aspen Ladd,Raquel Pennington,170.18,170.18,135,167.64,167.64,135,27,33,2.54,2.54,6,U-DEC,1.0,1.0,1.0
1345,Blue,Mickey Gall,Mike Malott,185.42,185.42,170,187.96,187.96,170,30,30,-2.54,-2.54,0,KO/TKO,0.0,0.0,
1350,Blue,Joanne Wood,Alexa Grasso,165.1,167.64,125,167.64,165.1,125,36,28,-2.54,2.54,-8,SUB,0.0,1.0,0.0
1351,Blue,Matt Brown,Bryan Barberena,182.88,182.88,185,182.88,190.5,170,41,32,0.0,-7.62,-9,S-DEC,,0.0,0.0
1352,Blue,Askar Askarov,Kai Kara-France,162.56,175.26,125,167.64,170.18,125,29,29,-5.08,5.08,0,U-DEC,0.0,1.0,
1358,Blue,Jennifer Maia,Manon Fiorot,170.18,165.1,125,162.56,162.56,125,33,32,7.62,2.54,-1,U-DEC,1.0,1.0,0.0
1361,Blue,Alexander Volkov,Tom Aspinall,195.58,198.12,256,200.66,203.2,250,33,28,-5.08,-5.08,-5,SUB,0.0,0.0,0.0
1366,Blue,Jai Herbert,Ilia Topuria,170.18,175.26,145,185.42,195.58,155,33,25,-15.24,-20.32,-8,KO/TKO,0.0,0.0,0.0
1367,Blue,Mike Grundy,Makwan Amirkhani,177.8,182.88,145,170.18,182.88,145,35,33,7.62,0.0,-2,SUB,1.0,,0.0
1368,Blue,Shamil Abdurakhimov,Sergei Pavlovich,190.5,213.36,257,190.5,193.04,235,40,29,0.0,20.32,-11,KO/TKO,,1.0,0.0
1369,Blue,Nikita Krylov,Paul Craig,190.5,193.04,185,190.5,195.58,205,30,34,0.0,-2.54,4,SUB,,0.0,1.0
1371,Blue,Cory McKenna,Elise Reed,160.02,160.02,115,160.02,147.32,115,22,29,0.0,12.7,7,S-DEC,,1.0,1.0
1373,Blue,Thiago Santos,Magomed Ankalaev,190.5,190.5,205,187.96,193.04,205,38,29,2.54,-2.54,-9,U-DEC,1.0,0.0,0.0
1374,Blue,Marlon Moraes,Song Yadong,172.72,170.18,135,167.64,170.18,135,33,24,5.08,0.0,-9,KO/TKO,1.0,,0.0
1381,Blue,Trevin Jones,Javid Basharat,175.26,175.26,135,170.18,177.8,135,31,26,5.08,-2.54,-5,U-DEC,1.0,0.0,0.0
1383,Blue,Sabina Mazo,Miranda Maverick,160.02,165.1,125,170.18,177.8,125,24,24,-10.16,-12.7,0,SUB,0.0,0.0,
1384,Blue,Dalcha Lungiambula,Cody Brundage,182.88,182.88,185,172.72,193.04,185,34,27,10.16,-10.16,-7,SUB,1.0,0.0,0.0
1385,Blue,Kris Moutinho,Guido Cannetti,167.64,172.72,135,170.18,172.72,135,29,42,-2.54,0.0,13,KO/TKO,0.0,,1.0
1386,Blue,Tafon Nchukwi,Azamat Murzakanov,177.8,180.34,205,182.88,195.58,185,27,32,-5.08,-15.24,5,KO/TKO,0.0,0.0,1.0
1389,Blue,Edson Barboza,Bryce Mitchell,177.8,177.8,145,180.34,190.5,145,36,27,-2.54,-12.7,-9,U-DEC,0.0,0.0,0.0
1396,Blue,Brian Kelleher,Umar Nurmagomedov,172.72,175.26,135,167.64,167.64,135,35,26,5.08,7.62,-9,SUB,1.0,1.0,0.0
1398,Blue,Devonte Smith,Ludovit Klein,170.18,182.88,155,175.26,193.04,155,28,27,-5.08,-10.16,-1,S-DEC,0.0,0.0,0.0
1401,Blue,Misha Cirkunov,Wellington Turman,182.88,182.88,170,190.5,195.58,205,34,25,-7.62,-12.7,-9,SUB,0.0,0.0,0.0
1402,Blue,Ji Yeon Kim,Priscila Cachoeira,170.18,165.1,125,170.18,182.88,125,32,33,0.0,-17.78,1,U-DEC,,0.0,1.0
1405,Blue,Rongzhu,Ignacio Bahamondes,190.5,190.5,155,175.26,182.88,155,21,24,15.24,7.62,3,SUB,1.0,1.0,1.0
1408,Blue,Alejandro Perez,Jonathan Martinez,172.72,177.8,135,167.64,170.18,135,32,27,5.08,7.62,-5,U-DEC,1.0,1.0,0.0
1410,Blue,Victor Altamirano,Carlos Hernandez,172.72,170.18,125,172.72,177.8,125,31,28,0.0,-7.62,-3,S-DEC,,0.0,0.0
1411,Blue,Johnny Walker,Jamahal Hill,193.04,200.66,205,198.12,208.28,205,29,30,-5.08,-7.62,1,KO/TKO,0.0,0.0,1.0
1416,Blue,Gabriel Benitez,David Onama,180.34,187.96,145,172.72,180.34,155,33,27,7.62,7.62,-6,KO/TKO,1.0,1.0,0.0
1417,Blue,Jessica-Rose Clark,Stephanie Egger,167.64,172.72,135,165.1,162.56,135,34,33,2.54,10.16,-1,SUB,1.0,1.0,0.0
1419,Blue,Diana Belbita,Gloria de Paula,165.1,170.18,115,170.18,172.72,115,25,26,-5.08,-2.54,1,U-DEC,0.0,0.0,1.0
1424,Blue,Derrick Lewis,Tai Tuivasa,187.96,190.5,264,190.5,200.66,260,37,28,-2.54,-10.16,-9,KO/TKO,0.0,0.0,0.0
1426,Blue,Alexander Hernandez,Renato Moicano,180.34,182.88,155,175.26,182.88,145,29,32,5.08,0.0,3,SUB,1.0,,1.0
1429,Blue,Roxanne Modafferi,Casey O'Neill,167.64,175.26,125,170.18,175.26,125,39,24,-2.54,0.0,-15,S-DEC,0.0,,0.0
1432,Blue,Mana Martinez,Ronnie Lawrence,172.72,172.72,135,177.8,177.8,135,25,29,-5.08,-5.08,4,U-DEC,0.0,0.0,1.0
1433,Blue,AJ Dobson,Jacob Malkoun,175.26,185.42,185,185.42,193.04,185,30,26,-10.16,-7.62,-4,U-DEC,0.0,0.0,0.0
1436,Blue,William Knight,Maxim Grishin,190.5,198.12,205,177.8,185.42,205,33,37,12.7,12.7,4,U-DEC,1.0,1.0,1.0
1437,Blue,Jack Hermansson,Sean Strickland,185.42,193.04,185,185.42,195.58,185,33,30,0.0,-2.54,-3,S-DEC,,0.0,0.0
1438,Blue,Punahele Soriano,Nick Maximov,182.88,193.04,185,180.34,182.88,170,29,24,2.54,10.16,-5,S-DEC,1.0,1.0,0.0
1440,Blue,Sam Alvey,Brendan Allen,187.96,190.5,185,187.96,190.5,185,35,26,0.0,0.0,-9,SUB,,,0.0
1441,Blue,Tresean Gore,Bryan Battle,185.42,195.58,170,182.88,190.5,185,27,27,2.54,5.08,0,U-DEC,1.0,1.0,
1443,Blue,Miles Johns,John Castaneda,167.64,180.34,135,170.18,167.64,135,27,30,-2.54,12.7,3,SUB,0.0,1.0,1.0
1448,Blue,Jason Witt,Phil Rowe,190.5,203.2,170,177.8,177.8,170,35,31,12.7,25.4,-4,KO/TKO,1.0,1.0,0.0
1451,Blue,Brandon Moreno,Deiveson Figueiredo,165.1,172.72,125,170.18,177.8,125,28,34,-5.08,-5.08,6,U-DEC,0.0,0.0,1.0
1453,Blue,Cody Stamann,Said Nurmagomedov,172.72,177.8,135,167.64,162.56,135,32,29,5.08,15.24,-3,SUB,1.0,1.0,0.0
1455,Blue,Raoni Barcelos,Victor Henry,170.18,172.72,135,170.18,170.18,135,34,34,0.0,2.54,0,U-DEC,,1.0,
1459,Blue,Silvana Gomez Juarez,Vanessa Demopoulos,157.48,149.86,115,160.02,165.1,115,37,33,-2.54,-15.24,-4,SUB,0.0,0.0,0.0
1460,Blue,Kay Hansen,Jasmine Jasudavicius,170.18,172.72,125,157.48,160.02,115,22,32,12.7,12.7,10,U-DEC,1.0,1.0,1.0
1465,Blue,Dakota Bush,Viacheslav Borshchev,180.34,175.26,155,177.8,185.42,155,27,30,2.54,-10.16,3,KO/TKO,1.0,0.0,1.0
1472,Blue,Stephen Thompson,Belal Muhammad,180.34,182.88,170,182.88,190.5,170,38,33,-2.54,-7.62,-5,U-DEC,0.0,0.0,0.0
1474,Blue,Raphael Assuncao,Ricky Simon,167.64,175.26,135,165.1,167.64,135,39,29,2.54,7.62,-10,KO/TKO,1.0,1.0,0.0
1475,Blue,Diego Ferreira,Mateusz Gamrot,177.8,177.8,155,175.26,187.96,155,36,31,2.54,-10.16,-5,KO/TKO,1.0,0.0,0.0
1477,Blue,Dustin Stoltzfus,Gerald Meerschaert,185.42,195.58,185,182.88,190.5,185,30,34,2.54,5.08,4,SUB,1.0,1.0,1.0
1479,Blue,Sijara Eubanks,Melissa Gatto,165.1,175.26,135,162.56,170.18,125,36,25,2.54,5.08,-11,KO/TKO,1.0,1.0,0.0
1485,Blue,Amanda Nunes,Julianna Pena,167.64,175.26,135,172.72,175.26,135,33,32,-5.08,0.0,-1,SUB,0.0,,0.0
1488,Blue,Raulian Paiva,Sean O'Malley,180.34,182.88,135,172.72,175.26,135,26,27,7.62,7.62,1,KO/TKO,1.0,1.0,1.0
1490,Blue,Pedro Munhoz,Dominick Cruz,172.72,172.72,135,167.64,165.1,135,35,36,5.08,7.62,1,U-DEC,1.0,1.0,1.0
1491,Blue,Augusto Sakai,Tai Tuivasa,187.96,190.5,264,190.5,195.58,265,30,28,-2.54,-5.08,-2,KO/TKO,0.0,0.0,0.0
1492,Blue,Jordan Wright,Bruno Silva,182.88,187.96,185,187.96,195.58,205,30,32,-5.08,-7.62,2,KO/TKO,0.0,0.0,1.0
1494,Blue,Miranda Maverick,Erin Blanchfield,162.56,167.64,125,160.02,165.1,125,24,22,2.54,2.54,-2,U-DEC,1.0,1.0,0.0
1496,Blue,Randy Costa,Tony Kelley,175.26,177.8,135,175.26,185.42,135,27,34,0.0,-7.62,7,KO/TKO,,0.0,1.0
1498,Blue,Rob Font,Jose Aldo,170.18,177.8,135,172.72,180.34,135,34,35,-2.54,-2.54,1,U-DEC,0.0,0.0,1.0
1499,Blue,Brad Riddell,Rafael Fiziev,172.72,180.34,155,170.18,180.34,155,30,28,2.54,0.0,-2,KO/TKO,1.0,,0.0
1500,Blue,Jimmy Crute,Jamahal Hill,193.04,200.66,205,187.96,187.96,205,25,30,5.08,12.7,5,KO/TKO,1.0,1.0,1.0
1502,Blue,Brendan Allen,Chris Curtis,177.8,190.5,185,187.96,190.5,185,25,34,-10.16,0.0,9,KO/TKO,0.0,,1.0
1504,Blue,Maki Pitolo,Dusko Todorovic,185.42,187.96,185,177.8,190.5,185,31,27,7.62,-2.54,-4,KO/TKO,1.0,0.0,0.0
1508,Blue,Alonzo Menifield,William Knight,177.8,185.42,205,182.88,193.04,205,34,33,-5.08,-7.62,-1,U-DEC,0.0,0.0,0.0
1510,Blue,Louis Smolka,Vince Morales,175.26,177.8,135,175.26,172.72,135,30,31,0.0,5.08,1,KO/TKO,,1.0,1.0
1512,Blue,Michael Chiesa,Sean Brady,177.8,182.88,170,185.42,190.5,170,33,28,-7.62,-7.62,-5,U-DEC,0.0,0.0,0.0
1513,Blue,Joanne Wood,Taila Santos,167.64,172.72,125,167.64,165.1,125,35,28,0.0,7.62,-7,SUB,,1.0,0.0
1515,Blue,Davey Grant,Adrian Yanez,170.18,177.8,135,172.72,175.26,135,35,27,-2.54,2.54,-8,S-DEC,0.0,1.0,0.0
1518,Blue,Loma Lookboonmee,Loopy Godinez,157.48,154.94,115,154.94,154.94,115,25,28,2.54,0.0,3,U-DEC,1.0,,1.0
1523,Blue,Ben Rothwell,Marcos Rogerio de Lima,185.42,190.5,253,193.04,198.12,265,40,36,-7.62,-7.62,-4,KO/TKO,0.0,0.0,0.0
1525,Blue,Miguel Baeza,Khaos Williams,182.88,195.58,170,187.96,187.96,170,29,27,-5.08,7.62,-2,KO/TKO,0.0,1.0,0.0
1527,Blue,Thiago Moises,Joel Alvarez,190.5,195.58,155,175.26,177.8,155,26,28,15.24,17.78,2,KO/TKO,1.0,1.0,1.0
1528,Blue,Cynthia Calvillo,Andrea Lee,167.64,175.26,125,162.56,162.56,115,34,32,5.08,12.7,-2,KO/TKO,1.0,1.0,0.0
1531,Blue,Marc Diakiese,Rafael Alves,172.72,172.72,155,177.8,185.42,155,28,30,-5.08,-12.7,2,SUB,0.0,0.0,1.0
1532,Blue,Kennedy Nzechukwu,Da Woon Jung,193.04,198.12,205,195.58,210.82,205,29,27,-2.54,-12.7,-2,KO/TKO,0.0,0.0,0.0
1535,Blue,Frankie Edgar,Marlon Vera,172.72,177.8,135,167.64,172.72,135,40,28,5.08,5.08,-12,KO/TKO,1.0,1.0,0.0
1539,Blue,Al Iaquinta,Bobby Green,177.8,180.34,155,177.8,177.8,155,34,35,0.0,2.54,1,KO/TKO,,1.0,1.0
1540,Blue,Phil Hawes,Chris Curtis,177.8,190.5,185,182.88,195.58,185,32,34,-5.08,-5.08,2,KO/TKO,0.0,0.0,1.0
1541,Blue,Edmen Shahbazyan,Nassourdine Imavov,190.5,190.5,185,190.5,190.5,185,23,26,0.0,0.0,3,KO/TKO,,,1.0
1543,Blue,Gian Villante,Chris Barnett,175.26,190.5,265,190.5,193.04,230,36,35,-15.24,-2.54,-1,KO/TKO,0.0,0.0,0.0
1546,Blue,CJ Vergara,Ode Osbourne,170.18,185.42,125,167.64,172.72,125,30,29,2.54,12.7,-1,U-DEC,1.0,1.0,0.0
1547,Blue,Jan Blachowicz,Glover Teixeira,187.96,193.04,205,187.96,198.12,205,38,42,0.0,-5.08,4,SUB,,0.0,1.0
1551,Blue,Li Jingliang,Khamzat Chimaev,187.96,190.5,185,182.88,180.34,170,33,27,5.08,10.16,-6,SUB,1.0,1.0,0.0
1554,Blue,Ricardo Ramos,Zubaira Tukhugov,172.72,172.72,155,175.26,182.88,145,26,30,-2.54,-10.16,4,U-DEC,0.0,0.0,1.0
1557,Blue,Shamil Gamzatov,Michal Oleksiejczuk,182.88,187.96,185,187.96,193.04,205,31,26,-5.08,-5.08,-5,KO/TKO,0.0,0.0,0.0
1558,Blue,Makwan Amirkhani,Lerone Murphy,175.26,185.42,145,177.8,182.88,145,32,30,-2.54,2.54,-2,KO/TKO,0.0,1.0,0.0
1559,Blue,Hu Yaozong,Andre Petroski,182.88,185.42,185,190.5,182.88,185,26,30,-7.62,2.54,4,SUB,0.0,1.0,1.0
1561,Blue,Paulo Costa,Marvin Vettori,182.88,187.96,185,185.42,182.88,185,30,28,-2.54,5.08,-2,U-DEC,0.0,1.0,0.0
1566,Blue,JunYong Park,Gregory Rodrigues,190.5,190.5,185,177.8,185.42,185,30,29,12.7,5.08,-1,KO/TKO,1.0,1.0,0.0
1570,Blue,Khama Worthy,Jai Herbert,185.42,195.58,155,180.34,187.96,155,35,33,5.08,7.62,-2,KO/TKO,1.0,1.0,0.0
1572,Blue,Livinha Souza,Randa Markos,162.56,160.02,115,160.02,160.02,115,30,36,2.54,0.0,6,U-DEC,1.0,,1.0
1574,Blue,Aspen Ladd,Norma Dumont,170.18,170.18,135,167.64,167.64,135,26,31,2.54,2.54,5,U-DEC,1.0,1.0,1.0
1579,Blue,Andrew Sanchez,Bruno Silva,182.88,187.96,185,185.42,187.96,185,33,32,-2.54,0.0,-1,KO/TKO,0.0,,0.0
1581,Blue,Loopy Godinez,Luana Carolina,167.64,175.26,125,157.48,154.94,115,28,28,10.16,20.32,0,U-DEC,1.0,1.0,
1583,Blue,Istela Nunes,Ariane Carnelossi,157.48,154.94,115,162.56,167.64,115,29,28,-5.08,-12.7,-1,SUB,0.0,0.0,0.0
1584,Blue,Mackenzie Dern,Marina Rodriguez,167.64,165.1,115,162.56,160.02,115,28,34,5.08,5.08,6,U-DEC,1.0,1.0,1.0
1586,Blue,Tim Elliott,Matheus Nicolau,167.64,167.64,125,170.18,167.64,125,34,28,-2.54,0.0,-6,U-DEC,0.0,,0.0
1587,Blue,Sabina Mazo,Mariya Agapova,167.64,172.72,125,170.18,177.8,125,24,24,-2.54,-5.08,0,SUB,0.0,0.0,
1590,Blue,Charles Rosa,Damon Jackson,180.34,180.34,145,175.26,175.26,145,35,33,5.08,5.08,-2,U-DEC,1.0,1.0,0.0
1594,Blue,Alex Oliveira,Niko Price,182.88,193.04,170,180.34,193.04,170,33,32,2.54,0.0,-1,U-DEC,1.0,,0.0
1595,Blue,Misha Cirkunov,Krzysztof Jotko,185.42,195.58,185,190.5,195.58,205,34,32,-5.08,0.0,-2,S-DEC,0.0,,0.0
1597,Blue,Joe Solecki,Jared Gordon,175.26,172.72,145,175.26,177.8,155,28,33,0.0,-5.08,5,S-DEC,,0.0,1.0
1598,Blue,Antonina Shevchenko,Casey O'Neill,167.64,175.26,125,172.72,170.18,125,36,23,-5.08,5.08,-13,KO/TKO,0.0,1.0,0.0
1599,Blue,Bethe Correia,Karol Rosa,165.1,170.18,135,165.1,162.56,135,38,26,0.0,7.62,-12,U-DEC,,1.0,0.0
1600,Blue,Devonte Smith,Jamie Mullarkey,182.88,187.96,155,175.26,193.04,155,28,27,7.62,-5.08,-1,KO/TKO,1.0,0.0,0.0
1606,Blue,Nick Diaz,Robbie Lawler,180.34,187.96,170,185.42,193.04,170,38,39,-5.08,-5.08,1,KO/TKO,0.0,0.0,1.0
1609,Blue,Marlon Moraes,Merab Dvalishvili,167.64,172.72,135,167.64,170.18,135,33,30,0.0,2.54,-3,KO/TKO,,1.0,0.0
1611,Blue,Shamil Abdurakhimov,Chris Daukaus,190.5,193.04,250,190.5,193.04,235,40,32,0.0,0.0,-8,KO/TKO,,,0.0
1612,Blue,Roxanne Modafferi,Taila Santos,167.64,172.72,125,170.18,175.26,125,39,28,-2.54,-2.54,-11,U-DEC,0.0,0.0,0.0
1613,Blue,Uros Medic,Jalin Turner,190.5,195.58,155,185.42,180.34,155,28,26,5.08,15.24,-2,SUB,1.0,1.0,0.0
1614,Blue,Cody Brundage,Nick Maximov,182.88,193.04,185,182.88,182.88,185,27,23,0.0,10.16,-4,U-DEC,,1.0,0.0
1623,Blue,Mike Rodriguez,Tafon Nchukwi,182.88,195.58,205,193.04,208.28,205,32,26,-10.16,-12.7,-6,U-DEC,0.0,0.0,0.0
1624,Blue,Pannie Kianzad,Raquel Pennington,170.18,170.18,135,170.18,167.64,135,29,33,0.0,2.54,4,U-DEC,,1.0,1.0
1628,Blue,Impa Kasanganay,Carlston Harris,182.88,193.04,170,180.34,190.5,170,27,34,2.54,2.54,7,KO/TKO,1.0,1.0,1.0
1629,Blue,Emily Whitmire,Hannah Goldy,162.56,154.94,125,165.1,160.02,125,30,29,-2.54,-5.08,-1,SUB,0.0,0.0,0.0
1633,Blue,Modestas Bukauskas,Khalil Rountree Jr.,185.42,193.04,205,190.5,198.12,205,27,31,-5.08,-5.08,4,KO/TKO,0.0,0.0,1.0
1638,Blue,Dalcha Lungiambula,Marc-Andre Barriault,185.42,187.96,185,172.72,193.04,185,34,31,12.7,-5.08,-3,U-DEC,1.0,0.0,0.0
1639,Blue,Edson Barboza,Giga Chikadze,182.88,187.96,145,180.34,190.5,145,35,33,2.54,-2.54,-2,KO/TKO,1.0,0.0,0.0
1642,Blue,Kevin Lee,Daniel Rodriguez,185.42,187.96,170,175.26,195.58,170,28,34,10.16,-7.62,6,U-DEC,1.0,0.0,1.0
1644,Blue,Makhmud Muradov,Gerald Meerschaert,185.42,195.58,185,187.96,190.5,185,31,33,-2.54,5.08,2,SUB,0.0,1.0,1.0
1645,Blue,Alessio Di Chirico,Abdul Razak Alhassan,177.8,185.42,185,182.88,187.96,185,31,36,-5.08,-2.54,5,KO/TKO,0.0,0.0,1.0
1646,Blue,Sam Alvey,Wellington Turman,182.88,182.88,185,187.96,190.5,185,35,25,-5.08,-7.62,-10,S-DEC,0.0,0.0,0.0
1649,Blue,Jamall Emmers,Pat Sabatini,172.72,177.8,145,177.8,187.96,145,32,30,-5.08,-10.16,-2,SUB,0.0,0.0,0.0
1652,Blue,Clay Guida,Mark Madsen,172.72,182.88,155,170.18,177.8,155,39,36,2.54,5.08,-3,S-DEC,1.0,1.0,0.0
1654,Blue,Trevin Jones,Saidyokub Kakhramonov,172.72,175.26,135,170.18,177.8,135,31,25,2.54,-2.54,-6,SUB,1.0,0.0,0.0
1659,Blue,Bea Malecki,Josiane Nunes,157.48,170.18,135,175.26,187.96,135,29,27,-17.78,-17.78,-2,KO/TKO,0.0,0.0,0.0
1661,Blue,Roosevelt Roberts,Ignacio Bahamondes,190.5,190.5,155,187.96,185.42,155,27,23,2.54,5.08,-4,KO/TKO,1.0,1.0,0.0
1662,Blue,Sasha Palatnikov,Ramiz Brahimaj,177.8,182.88,170,185.42,182.88,170,32,28,-7.62,0.0,-4,SUB,0.0,,0.0
1663,Blue,Derrick Lewis,Ciryl Gane,193.04,205.74,245,190.5,200.66,260,36,31,2.54,5.08,-5,KO/TKO,1.0,1.0,0.0
1665,Blue,Michael Chiesa,Vicente Luque,180.34,190.5,170,185.42,190.5,170,33,29,-5.08,0.0,-4,SUB,0.0,,0.0
1668,Blue,Bobby Green,Rafael Fiziev,172.72,180.34,155,177.8,180.34,155,34,28,-5.08,0.0,-6,U-DEC,0.0,,0.0
1671,Blue,Karolina Kowalkiewicz,Jessica Penne,165.1,170.18,115,160.02,162.56,115,35,38,5.08,7.62,3,SUB,1.0,1.0,1.0
1674,Blue,Victoria Leonardo,Melissa Gatto,165.1,175.26,125,165.1,162.56,125,31,25,0.0,12.7,-6,KO/TKO,,1.0,0.0
1676,Blue,Uriah Hall,Sean Strickland,185.42,193.04,185,182.88,200.66,185,37,30,2.54,-7.62,-7,U-DEC,1.0,0.0,0.0
1678,Blue,Niklas Stolze,Jared Gooden,182.88,195.58,170,182.88,190.5,170,28,27,0.0,5.08,-1,KO/TKO,,1.0,0.0
1679,Blue,Collin Anglin,Melsik Baghdasaryan,175.26,177.8,145,175.26,180.34,145,28,29,0.0,-2.54,1,KO/TKO,,0.0,1.0
1680,Blue,Bryan Barberena,Jason Witt,177.8,177.8,170,182.88,182.88,170,32,34,-5.08,-5.08,2,M-DEC,0.0,0.0,1.0
1683,Blue,Ryan Benoit,Zarrukh Adashev,165.1,165.1,125,165.1,172.72,125,31,29,0.0,-7.62,-2,U-DEC,,0.0,0.0
1685,Blue,Cory Sandhagen,TJ Dillashaw,167.64,170.18,135,180.34,177.8,135,29,35,-12.7,-7.62,6,S-DEC,0.0,0.0,1.0
1686,Blue,Kyler Phillips,Raulian Paiva,172.72,175.26,125,172.72,182.88,135,26,25,0.0,-7.62,-1,M-DEC,,0.0,0.0
1688,Blue,Miranda Maverick,Maycee Barber,165.1,165.1,125,160.02,165.1,125,24,23,5.08,0.0,-1,S-DEC,1.0,,0.0
1690,Blue,Punahele Soriano,Brendan Allen,187.96,190.5,185,180.34,182.88,185,28,25,7.62,7.62,-3,U-DEC,1.0,1.0,0.0
1697,Blue,Marion Reneau,Miesha Tate,167.64,165.1,135,167.64,172.72,135,44,34,0.0,-7.62,-10,KO/TKO,,0.0,0.0
1698,Blue,Jeremy Stephens,Mateusz Gamrot,177.8,177.8,155,175.26,180.34,145,35,30,2.54,-2.54,-5,SUB,1.0,0.0,0.0
1700,Blue,Gabriel Benitez,Billy Quarantillo,177.8,177.8,145,172.72,180.34,155,33,32,5.08,-2.54,-1,KO/TKO,1.0,0.0,0.0
1703,Blue,Khalid Taha,Sergey Morozov,167.64,170.18,135,165.1,175.26,135,29,32,2.54,-5.08,3,U-DEC,1.0,0.0,1.0
1704,Blue,Francisco Figueiredo,Malcolm Gordon,170.18,180.34,125,167.64,172.72,135,31,31,2.54,7.62,0,U-DEC,1.0,1.0,
1705,Blue,Alan Baudot,Rodrigo Nascimento,187.96,203.2,246,190.5,200.66,243,33,28,-2.54,2.54,-5,KO/TKO,0.0,1.0,0.0
1711,Blue,Carlos Condit,Max Griffin,180.34,193.04,170,187.96,190.5,170,37,35,-7.62,2.54,-2,U-DEC,0.0,1.0,0.0
1712,Blue,Niko Price,Michel Pereira,185.42,185.42,170,182.88,193.04,170,31,27,2.54,-7.62,-4,U-DEC,1.0,0.0,0.0
1713,Blue,Ryan Hall,Ilia Topuria,170.18,175.26,145,177.8,177.8,145,36,24,-7.62,-2.54,-12,KO/TKO,0.0,0.0,0.0
1714,Blue,Trevin Giles,Dricus Du Plessis,185.42,193.04,185,182.88,187.96,185,28,27,2.54,5.08,-1,KO/TKO,1.0,1.0,0.0
1716,Blue,Omari Akhmedov,Brad Tavares,185.42,187.96,185,182.88,185.42,185,33,33,2.54,2.54,0,S-DEC,1.0,1.0,
1720,Blue,Raoni Barcelos,Timur Valiev,167.64,170.18,135,170.18,170.18,135,34,31,-2.54,0.0,-3,M-DEC,0.0,,0.0
1725,Blue,Warlley Alves,Jeremiah Wells,175.26,187.96,170,180.34,182.88,170,30,34,-5.08,5.08,4,KO/TKO,0.0,1.0,1.0
1729,Blue,Yancy Medeiros,Damir Hadzovic,175.26,177.8,155,177.8,190.5,155,33,34,-2.54,-12.7,1,U-DEC,0.0,0.0,1.0
1731,Blue,Aleksei Oleinik,Serghei Spivac,190.5,198.12,260,187.96,203.2,240,43,26,2.54,-5.08,-17,U-DEC,1.0,0.0,0.0
1733,Blue,Julian Erosa,SeungWoo Choi,182.88,187.96,145,185.42,187.96,145,31,28,-2.54,0.0,-3,KO/TKO,0.0,,0.0
1734,Blue,Wellington Turman,Bruno Silva,182.88,187.96,185,182.88,182.88,185,24,31,0.0,5.08,7,KO/TKO,,1.0,1.0
1736,Blue,Aleksa Camur,Nicolae Negumereanu,182.88,198.12,205,185.42,187.96,205,25,26,-2.54,10.16,1,S-DEC,0.0,1.0,1.0
1737,Blue,Kanako Murata,Virna Jandiroba,160.02,162.56,115,154.94,157.48,115,27,33,5.08,5.08,6,KO/TKO,1.0,1.0,1.0
1740,Blue,Joaquim Silva,Ricky Glenn,182.88,177.8,145,172.72,175.26,155,32,32,10.16,2.54,0,KO/TKO,1.0,1.0,
1743,Blue,Deiveson Figueiredo,Brandon Moreno,170.18,177.8,125,165.1,172.72,125,33,27,5.08,5.08,-6,SUB,1.0,1.0,0.0
1745,Blue,Demian Maia,Belal Muhammad,180.34,182.88,170,185.42,182.88,170,43,32,-5.08,0.0,-11,U-DEC,0.0,,0.0
1747,Blue,Drew Dober,Brad Riddell,170.18,180.34,155,172.72,177.8,155,32,29,-2.54,2.54,-3,U-DEC,0.0,1.0,0.0
1752,Blue,Matt Frevola,Terrance McKinney,177.8,185.42,155,175.26,180.34,155,31,26,2.54,5.08,-5,KO/TKO,1.0,1.0,0.0
1753,Blue,Chase Hooper,Steven Peterson,177.8,177.8,145,185.42,187.96,145,21,31,-7.62,-10.16,10,U-DEC,0.0,0.0,1.0
1757,Blue,Walt Harris,Marcin Tybura,190.5,198.12,249,195.58,195.58,250,37,35,-5.08,2.54,-2,KO/TKO,0.0,1.0,0.0
1760,Blue,Dusko Todorovic,Gregory Rodrigues,190.5,190.5,185,185.42,187.96,185,27,29,5.08,2.54,2,U-DEC,1.0,1.0,1.0
1762,Blue,Tanner Boser,Ilir Latifi,177.8,185.42,230,187.96,190.5,255,29,37,-10.16,-5.08,8,S-DEC,0.0,0.0,1.0
1763,Blue,Francisco Trinaldo,Muslim Salikhov,180.34,177.8,170,175.26,177.8,155,42,36,5.08,0.0,-6,U-DEC,1.0,,0.0
1764,Blue,Makwan Amirkhani,Kamuela Kirk,177.8,190.5,145,177.8,182.88,145,32,27,0.0,7.62,-5,U-DEC,,1.0,0.0
1769,Blue,Yan Xiaonan,Carla Esparza,154.94,160.02,115,165.1,160.02,115,31,33,-10.16,0.0,2,KO/TKO,0.0,,1.0
1770,Blue,Justin Tafa,Jared Vanderaa,193.04,203.2,260,182.88,187.96,264,27,29,10.16,15.24,2,U-DEC,1.0,1.0,1.0
1771,Blue,Felicia Spencer,Norma Dumont,170.18,170.18,145,167.64,172.72,145,30,30,2.54,-2.54,0,S-DEC,1.0,0.0,
1779,Blue,Rafael Alves,Damir Ismagulov,177.8,187.96,155,172.72,172.72,155,30,30,5.08,15.24,0,U-DEC,1.0,1.0,
1781,Blue,Tony Ferguson,Beneil Dariush,177.8,182.88,155,180.34,193.04,155,37,32,-2.54,-10.16,-5,U-DEC,0.0,0.0,0.0
1782,Blue,Matt Schnell,Rogerio Bontorin,165.1,170.18,125,172.72,177.8,125,31,29,-7.62,-7.62,-2,U-DEC,0.0,0.0,0.0
1784,Blue,Shane Burgos,Edson Barboza,180.34,190.5,145,180.34,190.5,145,30,35,0.0,0.0,5,KO/TKO,,,1.0
1785,Blue,Jacare Souza,Andre Muniz,185.42,198.12,185,185.42,182.88,185,41,31,0.0,15.24,-10,SUB,,1.0,0.0
1789,Blue,Gina Mazany,Priscila Cachoeira,170.18,165.1,135,167.64,172.72,125,32,32,2.54,-7.62,0,KO/TKO,1.0,0.0,
1790,Blue,Kevin Aguilar,Tucker Lutz,172.72,182.88,155,170.18,185.42,155,32,26,2.54,-2.54,-6,U-DEC,1.0,0.0,0.0
1793,Blue,Donald Cerrone,Alex Morono,180.34,182.88,170,185.42,185.42,170,38,30,-5.08,-2.54,-8,KO/TKO,0.0,0.0,0.0
1795,Blue,Maurice Greene,Marcos Rogerio de Lima,185.42,190.5,253,200.66,203.2,258,34,35,-15.24,-12.7,1,U-DEC,0.0,0.0,1.0
1796,Blue,Diego Ferreira,Gregor Gillespie,170.18,180.34,155,175.26,187.96,155,36,34,-5.08,-7.62,-2,KO/TKO,0.0,0.0,0.0
1798,Blue,Ludovit Klein,Michael Trizano,180.34,180.34,145,170.18,182.88,145,26,29,10.16,-2.54,3,U-DEC,1.0,0.0,1.0
1800,Blue,Christian Aguilera,Carlston Harris,182.88,193.04,170,175.26,182.88,170,29,33,7.62,10.16,4,SUB,1.0,1.0,1.0
1801,Blue,Dominick Reyes,Jiri Prochazka,190.5,203.2,205,193.04,195.58,205,31,28,-2.54,7.62,-3,KO/TKO,0.0,1.0,0.0
1805,Blue,Randa Markos,Luana Pinheiro,157.48,157.48,115,162.56,160.02,115,35,28,-5.08,-2.54,-7,DQ,0.0,0.0,0.0
1806,Blue,Kai Kamaka,TJ Brown,175.26,182.88,145,170.18,175.26,145,26,30,5.08,7.62,4,S-DEC,1.0,1.0,1.0
1807,Blue,Poliana Botelho,Luana Carolina,167.64,175.26,125,172.72,170.18,115,32,27,-5.08,5.08,-5,S-DEC,0.0,1.0,0.0
1810,Blue,Luke Sanders,Felipe Colares,172.72,175.26,135,167.64,170.18,135,35,27,5.08,5.08,-8,U-DEC,1.0,1.0,0.0
1812,Blue,Zhang Weili,Rose Namajunas,165.1,165.1,115,162.56,160.02,115,31,28,2.54,5.08,-3,KO/TKO,1.0,1.0,0.0
1816,Blue,Alex Oliveira,Randy Brown,190.5,198.12,170,180.34,193.04,170,33,30,10.16,5.08,-3,SUB,1.0,1.0,0.0
1818,Blue,Karl Roberson,Brendan Allen,187.96,190.5,185,185.42,187.96,185,30,25,2.54,2.54,-5,SUB,1.0,1.0,0.0
1822,Blue,Aori Qileng,Jeff Molina,167.64,175.26,125,170.18,175.26,125,27,23,-2.54,0.0,-4,U-DEC,0.0,,0.0
1823,Blue,Na Liang,Ariane Carnelossi,157.48,154.94,115,165.1,170.18,115,24,28,-7.62,-15.24,4,KO/TKO,0.0,0.0,1.0
1826,Blue,Abdul Razak Alhassan,Jacob Malkoun,175.26,185.42,185,177.8,185.42,170,35,25,-2.54,0.0,-10,U-DEC,0.0,,0.0
1831,Blue,Bartosz Fabinski,Gerald Meerschaert,185.42,195.58,185,182.88,190.5,170,34,33,2.54,5.08,-1,SUB,1.0,1.0,0.0
1836,Blue,Sam Alvey,Julian Marquez,187.96,182.88,185,187.96,190.5,205,34,30,0.0,-7.62,-4,SUB,,0.0,0.0
1837,Blue,Nina Nunes,Mackenzie Dern,162.56,160.02,115,165.1,162.56,115,35,28,-2.54,-2.54,-7,SUB,0.0,0.0,0.0
1838,Blue,Mike Perry,Daniel Rodriguez,185.42,187.96,170,177.8,180.34,170,29,34,7.62,7.62,5,U-DEC,1.0,1.0,1.0
1839,Blue,Jim Miller,Joe Solecki,175.26,177.8,155,172.72,180.34,155,37,27,2.54,-2.54,-10,U-DEC,1.0,0.0,0.0
1840,Blue,Scott Holtzman,Mateusz Gamrot,177.8,177.8,155,175.26,175.26,155,37,30,2.54,2.54,-7,KO/TKO,1.0,1.0,0.0
1842,Blue,Yorgan De Castro,Jarjis Danho,190.5,187.96,265,182.88,187.96,250,34,37,7.62,0.0,3,KO/TKO,1.0,,1.0
1843,Blue,Hunter Azure,Jack Shore,172.72,180.34,135,172.72,175.26,145,29,26,0.0,5.08,-3,S-DEC,,1.0,0.0
1847,Blue,Stipe Miocic,Francis Ngannou,193.04,210.82,250,193.04,203.2,240,38,34,0.0,7.62,-4,KO/TKO,,1.0,0.0
1848,Blue,Tyron Woodley,Vicente Luque,180.34,190.5,170,175.26,187.96,170,38,29,5.08,2.54,-9,SUB,1.0,1.0,0.0
1850,Blue,Gillian Robertson,Miranda Maverick,160.02,165.1,125,165.1,160.02,125,25,23,-5.08,5.08,-2,U-DEC,0.0,1.0,0.0
1853,Blue,Jared Gooden,Abubakar Nurmagomedov,180.34,182.88,170,182.88,195.58,170,27,31,-2.54,-12.7,4,U-DEC,0.0,0.0,1.0
1854,Blue,Modestas Bukauskas,Michal Oleksiejczuk,182.88,187.96,205,190.5,198.12,205,27,26,-7.62,-10.16,-1,S-DEC,0.0,0.0,0.0
1855,Blue,Shane Young,Omar Morales,180.34,185.42,145,172.72,182.88,145,27,35,7.62,2.54,8,U-DEC,1.0,1.0,1.0
1858,Blue,Song Kenan,Max Griffin,180.34,193.04,170,182.88,180.34,170,31,35,-2.54,12.7,4,KO/TKO,0.0,1.0,1.0
1859,Blue,Cheyanne Buys,Montserrat Conejo,152.4,154.94,115,160.02,160.02,115,25,28,-7.62,-5.08,3,U-DEC,0.0,0.0,1.0
1862,Blue,Marion Reneau,Macy Chiasson,180.34,182.88,135,167.64,172.72,135,43,29,12.7,10.16,-14,U-DEC,1.0,1.0,0.0
1863,Blue,Leonardo Santos,Grant Dawson,177.8,182.88,145,182.88,190.5,155,41,27,-5.08,-7.62,-14,KO/TKO,0.0,0.0,0.0
1867,Blue,Misha Cirkunov,Ryan Spann,195.58,200.66,205,190.5,195.58,205,34,29,5.08,5.08,-5,KO/TKO,1.0,1.0,0.0
1869,Blue,Jonathan Martinez,Davey Grant,172.72,175.26,135,172.72,177.8,135,26,35,0.0,-2.54,9,KO/TKO,,0.0,1.0
1870,Blue,Manel Kape,Matheus Nicolau,167.64,167.64,125,165.1,172.72,125,27,28,2.54,-5.08,1,S-DEC,1.0,0.0,1.0
1875,Blue,Cortney Casey,JJ Aldrich,165.1,170.18,125,170.18,170.18,125,33,28,-5.08,0.0,-5,S-DEC,0.0,,0.0
1876,Blue,Gloria de Paula,Jinh Yu Frey,160.02,165.1,115,165.1,170.18,115,25,35,-5.08,-5.08,10,U-DEC,0.0,0.0,1.0
1880,Blue,Petr Yan,Aljamain Sterling,170.18,180.34,135,170.18,170.18,135,28,31,0.0,10.16,3,DQ,,1.0,1.0
1882,Blue,Thiago Santos,Aleksandar Rakic,193.04,198.12,205,187.96,193.04,205,37,29,5.08,5.08,-8,U-DEC,1.0,1.0,0.0
1884,Blue,Song Yadong,Kyler Phillips,172.72,182.88,135,172.72,170.18,145,23,25,0.0,12.7,2,U-DEC,,1.0,1.0
1885,Blue,Joseph Benavidez,Askar Askarov,167.64,170.18,125,162.56,165.1,125,36,28,5.08,5.08,-8,U-DEC,1.0,1.0,0.0
1886,Blue,Rogerio Bontorin,Kai Kara-France,162.56,175.26,125,165.1,170.18,125,28,27,-2.54,5.08,-1,KO/TKO,0.0,1.0,0.0
1890,Blue,Livinha Souza,Amanda Lemos,162.56,165.1,115,160.02,160.02,115,29,33,2.54,5.08,4,KO/TKO,1.0,1.0,1.0
1892,Blue,Mario Bautista,Trevin Jones,170.18,177.8,140,175.26,175.26,135,27,30,-5.08,2.54,3,KO/TKO,0.0,1.0,1.0
1893,Blue,Jairzinho Rozenstruik,Ciryl Gane,193.04,205.74,245,193.04,198.12,242,32,30,0.0,7.62,-2,U-DEC,,1.0,0.0
1894,Blue,Nikita Krylov,Magomed Ankalaev,190.5,190.5,205,190.5,195.58,205,28,28,0.0,-5.08,0,U-DEC,,0.0,
1897,Blue,Alexander Hernandez,Thiago Moises,175.26,177.8,155,175.26,182.88,155,28,25,0.0,-5.08,-3,U-DEC,,0.0,0.0
1899,Blue,Vince Cachero,Ronnie Lawrence,172.72,172.72,135,167.64,172.72,145,31,28,5.08,0.0,-3,KO/TKO,1.0,,0.0
1901,Blue,Curtis Blaydes,Derrick Lewis,190.5,200.66,260,193.04,203.2,265,30,36,-2.54,-2.54,6,KO/TKO,0.0,0.0,1.0
1902,Blue,Ketlen Vieira,Yana Kunitskaya,167.64,172.72,135,172.72,172.72,135,29,31,-5.08,0.0,2,U-DEC,0.0,,1.0
1903,Blue,Charles Rosa,Darrick Minner,170.18,175.26,145,175.26,175.26,145,34,30,-5.08,0.0,-4,U-DEC,0.0,,0.0
1904,Blue,Aleksei Oleinik,Chris Daukaus,190.5,193.04,250,187.96,203.2,240,43,31,2.54,-10.16,-12,KO/TKO,1.0,0.0,0.0
1906,Blue,Andrei Arlovski,Tom Aspinall,195.58,198.12,256,190.5,195.58,240,42,27,5.08,2.54,-15,SUB,1.0,1.0,0.0
1908,Blue,Eddie Wineland,John Castaneda,167.64,180.34,135,170.18,175.26,135,36,29,-2.54,5.08,-7,KO/TKO,0.0,1.0,0.0
1909,Blue,Nate Landwehr,Julian Erosa,185.42,187.96,145,175.26,182.88,145,32,31,10.16,5.08,-1,KO/TKO,1.0,1.0,0.0
1910,Blue,Shana Dobson,Casey O'Neill,167.64,175.26,125,167.64,175.26,125,31,23,0.0,0.0,-8,KO/TKO,,,0.0
1914,Blue,Maycee Barber,Alexa Grasso,165.1,167.64,125,165.1,165.1,125,22,27,0.0,2.54,5,U-DEC,,1.0,1.0
1917,Blue,Maki Pitolo,Julian Marquez,187.96,182.88,185,177.8,190.5,185,30,30,10.16,-7.62,0,SUB,1.0,0.0,
1918,Blue,Rodolfo Vieira,Anthony Hernandez,182.88,190.5,185,182.88,185.42,185,31,27,0.0,5.08,-4,SUB,,1.0,0.0
1921,Blue,Andre Ewell,Chris Gutierrez,175.26,170.18,145,172.72,190.5,135,33,29,2.54,-20.32,-4,U-DEC,1.0,0.0,0.0
1923,Blue,Alistair Overeem,Alexander Volkov,200.66,203.2,250,193.04,203.2,265,40,32,7.62,0.0,-8,KO/TKO,1.0,,0.0
1926,Blue,Diego Ferreira,Beneil Dariush,177.8,182.88,155,175.26,187.96,155,36,31,2.54,-5.08,-5,S-DEC,1.0,0.0,0.0
1927,Blue,Michael Johnson,Clay Guida,170.18,177.8,155,177.8,185.42,155,34,39,-7.62,-7.62,5,U-DEC,0.0,0.0,1.0
1928,Blue,Mike Rodriguez,Danilo Marques,198.12,195.58,205,193.04,208.28,205,32,35,5.08,-12.7,3,SUB,1.0,0.0,1.0
1929,Blue,Molly McCann,Lara Procopio,162.56,170.18,125,162.56,157.48,125,30,25,0.0,12.7,-5,U-DEC,,1.0,0.0
1932,Blue,Dan Hooker,Michael Chandler,172.72,180.34,155,182.88,190.5,155,30,34,-10.16,-10.16,4,KO/TKO,0.0,0.0,1.0
1933,Blue,Jessica Eye,Joanne Calderwood,167.64,165.1,125,167.64,167.64,125,34,35,0.0,-2.54,1,U-DEC,,0.0,1.0
1934,Blue,Andrew Sanchez,Makhmud Muradov,187.96,190.5,185,185.42,187.96,185,32,30,2.54,2.54,-2,KO/TKO,1.0,1.0,0.0
1938,Blue,Khalil Rountree Jr.,Marcin Prachnio,190.5,187.96,205,185.42,193.04,205,30,32,5.08,-5.08,2,U-DEC,1.0,0.0,1.0
1939,Blue,Nik Lentz,Movsar Evloev,170.18,182.88,145,172.72,172.72,145,36,26,-2.54,10.16,-10,S-DEC,0.0,1.0,0.0
1944,Blue,Roxanne Modafferi,Viviane Araujo,162.56,172.72,125,170.18,175.26,125,38,34,-7.62,-2.54,-4,U-DEC,0.0,0.0,0.0
1952,Blue,Mike Davis,Mason Jones,177.8,177.8,155,182.88,182.88,145,28,25,-5.08,-5.08,-3,U-DEC,0.0,0.0,0.0
1954,Blue,Victoria Leonardo,Manon Fiorot,170.18,170.18,125,165.1,162.56,125,30,30,5.08,7.62,0,KO/TKO,1.0,1.0,
1957,Blue,Santiago Ponzinibbio,Li Jingliang,182.88,180.34,170,182.88,185.42,170,34,32,0.0,-5.08,-2,KO/TKO,,0.0,0.0
1958,Blue,Joaquin Buckley,Alessio Di Chirico,182.88,187.96,185,177.8,193.04,185,26,31,5.08,-5.08,5,KO/TKO,1.0,0.0,1.0
1960,Blue,Wu Yanan,Joselyne Edwards,172.72,177.8,135,172.72,167.64,125,24,25,0.0,10.16,1,U-DEC,,1.0,1.0
1962,Blue,David Zawada,Ramazan Emeev,177.8,193.04,170,182.88,190.5,170,30,33,-5.08,2.54,3,S-DEC,0.0,1.0,1.0
1963,Blue,Sarah Moras,Vanessa Melo,165.1,165.1,135,170.18,170.18,135,32,32,-5.08,-5.08,0,U-DEC,0.0,0.0,
1964,Blue,Jacob Kilburn,Austin Lingo,177.8,177.8,145,175.26,182.88,145,25,26,2.54,-5.08,1,U-DEC,1.0,0.0,1.0
1968,Blue,Marlon Moraes,Rob Font,167.64,170.18,135,172.72,180.34,135,33,32,-5.08,-10.16,-1,KO/TKO,0.0,0.0,0.0
1971,Blue,Sijara Eubanks,Pannie Kianzad,162.56,170.18,135,170.18,167.64,135,29,35,-7.62,2.54,6,U-DEC,0.0,1.0,1.0
1973,Blue,Gillian Robertson,Taila Santos,165.1,160.02,125,167.64,172.72,125,27,25,-2.54,-12.7,-2,U-DEC,0.0,0.0,0.0
1977,Blue,Tony Ferguson,Charles Oliveira,180.34,193.04,155,177.8,187.96,155,31,36,2.54,5.08,5,U-DEC,1.0,1.0,1.0
1980,Blue,Junior Dos Santos,Ciryl Gane,193.04,195.58,238,193.04,205.74,245,30,36,0.0,-10.16,6,KO/TKO,,0.0,1.0
1982,Blue,Renato Moicano,Rafael Fiziev,180.34,182.88,155,172.72,180.34,155,27,31,7.62,2.54,4,KO/TKO,1.0,1.0,1.0
1986,Blue,Jack Hermansson,Marvin Vettori,182.88,187.96,185,185.42,195.58,185,32,27,-2.54,-7.62,-5,U-DEC,0.0,0.0,0.0
1987,Blue,Ovince Saint Preux,Jamahal Hill,193.04,200.66,205,190.5,203.2,205,37,29,2.54,-2.54,-8,KO/TKO,1.0,0.0,0.0
1991,Blue,Matt Wiman,Jordan Leavitt,175.26,180.34,155,177.8,172.72,155,37,25,-2.54,7.62,-12,KO/TKO,0.0,1.0,0.0
1993,Blue,Gian Villante,Jake Collier,190.5,198.12,230,190.5,193.04,230,35,32,0.0,5.08,-3,U-DEC,,1.0,0.0
1996,Blue,Josh Parisian,Parker Porter,182.88,190.5,265,193.04,200.66,265,31,35,-10.16,-10.16,4,U-DEC,0.0,0.0,1.0
1997,Blue,Spike Carlyle,Bill Algeo,182.88,185.42,145,172.72,180.34,145,27,31,10.16,5.08,4,U-DEC,1.0,1.0,1.0
1998,Blue,Ashlee Evans-Smith,Norma Dumont,170.18,170.18,135,172.72,170.18,135,33,30,-2.54,0.0,-3,U-DEC,0.0,,0.0
2000,Blue,Martin Day,Anderson Dos Santos,165.1,177.8,135,177.8,185.42,135,32,35,-12.7,-7.62,3,SUB,0.0,0.0,1.0
2003,Blue,Luke Sanders,Nate Maness,177.8,182.88,135,167.64,170.18,135,34,29,10.16,12.7,-5,SUB,1.0,1.0,0.0
2006,Blue,Mike Perry,Tim Means,187.96,190.5,170,177.8,180.34,170,29,36,10.16,10.16,7,U-DEC,1.0,1.0,1.0
2008,Blue,Mauricio Rua,Paul Craig,190.5,193.04,205,185.42,193.04,205,38,32,5.08,0.0,-6,KO/TKO,1.0,,0.0
2012,Blue,Daniel Rodriguez,Nicolas Dalby,180.34,187.96,170,185.42,187.96,170,33,36,-5.08,0.0,3,U-DEC,0.0,,1.0
2015,Blue,Louis Cosce,Sasha Palatnikov,185.42,182.88,170,175.26,180.34,170,25,31,10.16,2.54,6,KO/TKO,1.0,1.0,1.0
2016,Blue,Paul Felder,Rafael Dos Anjos,172.72,177.8,155,180.34,177.8,155,36,36,-7.62,0.0,0,S-DEC,0.0,,
2017,Blue,Abdul Razak Alhassan,Khaos Williams,182.88,195.58,170,177.8,185.42,170,35,26,5.08,10.16,-9,KO/TKO,1.0,1.0,0.0
2018,Blue,Kay Hansen,Cory McKenna,160.02,147.32,115,157.48,160.02,115,21,21,2.54,-12.7,0,U-DEC,1.0,0.0,
2019,Blue,Brendan Allen,Sean Strickland,185.42,193.04,185,187.96,190.5,185,24,29,-2.54,2.54,5,KO/TKO,0.0,1.0,1.0
2022,Blue,Randa Markos,Kanako Murata,154.94,157.48,115,162.56,160.02,115,35,27,-7.62,-2.54,-8,U-DEC,0.0,0.0,0.0
2023,Blue,Geraldo de Freitas,Tony Gravely,165.1,175.26,135,170.18,182.88,135,29,29,-5.08,-7.62,0,S-DEC,0.0,0.0,
2025,Blue,Thiago Santos,Glover Teixeira,187.96,193.04,205,187.96,193.04,205,36,41,0.0,0.0,5,SUB,,,1.0
2028,Blue,Claudia Gadelha,Yan Xiaonan,165.1,160.02,115,162.56,160.02,115,31,31,2.54,0.0,0,U-DEC,1.0,,
2037,Blue,Maurice Greene,Greg Hardy,195.58,203.2,265,200.66,203.2,258,34,32,-5.08,0.0,-2,KO/TKO,0.0,,0.0
2039,Blue,Bobby Green,Thiago Moises,175.26,177.8,155,177.8,180.34,155,34,25,-2.54,-2.54,-9,U-DEC,0.0,0.0,0.0
2040,Blue,Chris Gruetzemacher,Alexander Hernandez,175.26,182.88,155,172.72,172.72,155,34,28,2.54,10.16,-6,KO/TKO,1.0,1.0,0.0
2043,Blue,Cole Williams,Jason Witt,177.8,177.8,170,182.88,185.42,170,36,33,-5.08,-7.62,-3,SUB,0.0,0.0,0.0
2049,Blue,Jacob Malkoun,Phillip Hawes,182.88,195.58,185,175.26,185.42,185,25,31,7.62,10.16,6,KO/TKO,1.0,1.0,1.0
2052,Blue,Stefan Struve,Tai Tuivasa,187.96,190.5,264,210.82,213.36,265,32,27,-22.86,-22.86,-5,KO/TKO,0.0,0.0,0.0
2053,Blue,Nathaniel Wood,Casey Kenney,170.18,172.72,140,167.64,175.26,140,27,29,2.54,-2.54,2,U-DEC,1.0,0.0,1.0
2054,Blue,Alex Oliveira,Shavkat Rakhmonov,185.42,195.58,170,180.34,193.04,170,32,26,5.08,2.54,-6,SUB,1.0,1.0,0.0
2055,Blue,Liana Jojua,Miranda Maverick,160.02,165.1,125,162.56,157.48,125,25,23,-2.54,7.62,-2,KO/TKO,0.0,1.0,0.0
2058,Blue,Katlyn Chookagian,Jessica Andrade,154.94,157.48,115,175.26,172.72,125,31,29,-20.32,-15.24,-2,KO/TKO,0.0,0.0,0.0
2060,Blue,Claudio Silva,James Krause,187.96,185.42,170,180.34,180.34,170,38,34,7.62,5.08,-4,U-DEC,1.0,1.0,0.0
2061,Blue,Thomas Almeida,Jonathan Martinez,172.72,177.8,145,170.18,177.8,145,29,26,2.54,0.0,-3,U-DEC,1.0,,0.0
2062,Blue,Mateusz Gamrot,Guram Kutateladze,180.34,182.88,155,177.8,177.8,155,29,28,2.54,5.08,-1,S-DEC,1.0,1.0,0.0
2065,Blue,Jamie Mullarkey,Fares Ziam,185.42,190.5,155,182.88,187.96,155,26,23,2.54,2.54,-3,U-DEC,1.0,1.0,0.0
2066,Blue,Gadzhimurad Antigulov,Maxim Grishin,190.5,198.12,220,180.34,177.8,205,33,36,10.16,20.32,3,KO/TKO,1.0,1.0,1.0
2068,Blue,Marlon Moraes,Cory Sandhagen,180.34,177.8,135,167.64,170.18,135,32,28,12.7,7.62,-4,KO/TKO,1.0,1.0,0.0
2070,Blue,Ben Rothwell,Marcin Tybura,190.5,198.12,249,193.04,198.12,265,38,34,-2.54,0.0,-4,U-DEC,0.0,,0.0
2071,Blue,Markus Perez,Dricus Du Plessis,182.88,182.88,185,185.42,185.42,185,32,26,-2.54,-2.54,-6,KO/TKO,0.0,0.0,0.0
2073,Blue,Youssef Zalal,Ilia Topuria,170.18,170.18,145,177.8,182.88,145,24,23,-7.62,-12.7,-1,U-DEC,0.0,0.0,0.0
2076,Blue,Impa Kasanganay,Joaquin Buckley,177.8,193.04,185,180.34,190.5,185,26,26,-2.54,2.54,0,KO/TKO,0.0,1.0,
2077,Blue,Ali AlQaisi,Tony Kelley,175.26,177.8,135,167.64,172.72,135,30,33,7.62,5.08,3,U-DEC,1.0,1.0,1.0
2080,Blue,Bruno Silva,Tagir Ulanbekov,167.64,167.64,125,162.56,165.1,125,30,30,5.08,2.54,0,U-DEC,1.0,1.0,
2082,Blue,Yorgan De Castro,Carlos Felipe,182.88,190.5,245,182.88,187.96,250,33,25,0.0,2.54,-8,U-DEC,,1.0,0.0
2085,Blue,Dequan Townsend,Dusko Todorovic,185.42,187.96,185,190.5,200.66,205,34,26,-5.08,-12.7,-8,KO/TKO,0.0,0.0,0.0
2087,Blue,Jordan Williams,Nassourdine Imavov,190.5,190.5,185,185.42,190.5,185,29,25,5.08,0.0,-4,U-DEC,1.0,,0.0
2092,Blue,Dominick Reyes,Jan Blachowicz,187.96,198.12,205,193.04,195.58,205,30,37,-5.08,2.54,7,KO/TKO,0.0,1.0,1.0
2093,Blue,Kai Kara-France,Brandon Royval,175.26,172.72,125,162.56,175.26,125,27,28,12.7,-2.54,1,SUB,1.0,0.0,1.0
2097,Blue,Diego Sanchez,Jake Matthews,180.34,185.42,170,177.8,182.88,170,38,26,2.54,2.54,-12,U-DEC,1.0,1.0,0.0
2098,Blue,Shane Young,Ludovit Klein,172.72,172.72,155,172.72,182.88,145,27,25,0.0,-10.16,-2,KO/TKO,,0.0,0.0
2101,Blue,Khadis Ibragimov,Danilo Marques,198.12,198.12,205,190.5,198.12,205,25,34,7.62,0.0,9,U-DEC,1.0,,1.0
2107,Blue,Jordan Espinosa,David Dvorak,165.1,172.72,125,167.64,175.26,125,30,28,-2.54,-2.54,-2,U-DEC,0.0,0.0,0.0
2108,Blue,Mirsad Bektic,Damon Jackson,180.34,180.34,145,172.72,177.8,145,29,32,7.62,2.54,3,SUB,1.0,1.0,1.0
2112,Blue,Journey Newson,Randy Costa,175.26,185.42,135,165.1,170.18,135,31,26,10.16,15.24,-5,KO/TKO,1.0,1.0,0.0
2120,Blue,Julia Avila,Sijara Eubanks,162.56,170.18,135,170.18,172.72,135,32,35,-7.62,-2.54,3,U-DEC,0.0,0.0,1.0
2121,Blue,Roosevelt Roberts,Kevin Croom,180.34,185.42,155,187.96,185.42,155,26,33,-7.62,0.0,7,,0.0,,1.0
2124,Blue,Brok Weaver,Jalin Turner,190.5,195.58,155,182.88,185.42,155,28,25,7.62,10.16,-3,SUB,1.0,1.0,0.0
2133,Blue,Cole Smith,Hunter Azure,172.72,175.26,145,180.34,170.18,135,31,28,-7.62,5.08,-3,U-DEC,0.0,1.0,0.0
2134,Blue,Anthony Smith,Aleksandar Rakic,193.04,198.12,205,193.04,193.04,205,32,28,0.0,5.08,-4,SUB,,1.0,0.0
2135,Blue,Robbie Lawler,Neil Magny,190.5,203.2,170,180.34,187.96,170,38,33,10.16,15.24,-5,SUB,1.0,1.0,0.0
2136,Blue,Ji Yeon Kim,Alexa Grasso,165.1,167.64,115,170.18,182.88,125,30,27,-5.08,-15.24,-3,U-DEC,0.0,0.0,0.0
2138,Blue,Maki Pitolo,Impa Kasanganay,180.34,190.5,185,177.8,190.5,185,29,26,2.54,0.0,-3,U-DEC,1.0,,0.0
2140,Blue,Alessio Di Chirico,Zak Cummings,182.88,190.5,185,182.88,187.96,185,30,36,0.0,2.54,6,U-DEC,,1.0,1.0
2144,Blue,Pedro Munhoz,Frankie Edgar,167.64,172.72,135,167.64,165.1,135,33,38,0.0,7.62,5,S-DEC,,1.0,1.0
2145,Blue,Marcin Prachnio,Mike Rodriguez,193.04,208.28,205,190.5,187.96,205,32,31,2.54,20.32,-1,KO/TKO,1.0,1.0,0.0
2146,Blue,Mariya Agapova,Shana Dobson,167.64,175.26,125,167.64,172.72,125,23,31,0.0,2.54,8,KO/TKO,,1.0,1.0
2149,Blue,Austin Hubbard,Joe Solecki,175.26,177.8,155,177.8,180.34,155,28,26,-2.54,-2.54,-2,SUB,0.0,0.0,0.0
2150,Blue,Ike Villanueva,Jordan Wright,187.96,195.58,205,185.42,185.42,225,36,28,2.54,10.16,-8,KO/TKO,1.0,1.0,0.0
2151,Blue,Carlton Minus,Matthew Semelsberger,185.42,185.42,170,177.8,187.96,170,27,27,7.62,-2.54,0,U-DEC,1.0,0.0,
2152,Blue,Timur Valiev,Trevin Jones,170.18,177.8,140,167.64,170.18,145,30,30,2.54,7.62,0,KO/TKO,1.0,1.0,
2154,Blue,Sean O'Malley,Marlon Vera,172.72,177.8,145,180.34,182.88,135,25,27,-7.62,-5.08,2,KO/TKO,0.0,0.0,1.0
2155,Blue,Junior Dos Santos,Jairzinho Rozenstruik,193.04,198.12,242,193.04,195.58,238,36,32,0.0,2.54,-4,KO/TKO,,1.0,0.0
2156,Blue,John Dodson,Merab Dvalishvili,167.64,172.72,135,160.02,167.64,135,35,29,7.62,5.08,-6,U-DEC,1.0,1.0,0.0
2157,Blue,Jim Miller,Vinc Pichel,177.8,182.88,155,172.72,180.34,155,36,37,5.08,2.54,1,U-DEC,1.0,1.0,1.0
2158,Blue,Ashley Yoder,Livinha Souza,160.02,160.02,115,170.18,175.26,115,32,29,-10.16,-15.24,-3,U-DEC,0.0,0.0,0.0
2159,Blue,Felice Herrig,Virna Jandiroba,160.02,162.56,115,162.56,165.1,115,35,32,-2.54,-2.54,-3,SUB,0.0,0.0,0.0
2160,Blue,Herbert Burns,Daniel Pineda,170.18,177.8,145,175.26,185.42,145,32,35,-5.08,-7.62,3,KO/TKO,0.0,0.0,1.0
2161,Blue,TJ Brown,Danny Chavez,172.72,172.72,145,175.26,182.88,145,30,33,-2.54,-10.16,3,U-DEC,0.0,0.0,1.0
2164,Blue,Omari Akhmedov,Chris Weidman,187.96,198.12,205,182.88,185.42,185,32,36,5.08,12.7,4,,1.0,1.0,1.0
2165,Blue,Maki Pitolo,Darren Stewart,182.88,187.96,185,177.8,190.5,170,29,29,5.08,-2.54,0,,1.0,0.0,
2176,Blue,Joanne Calderwood,Jennifer Maia,162.56,162.56,125,167.64,165.1,125,34,31,-5.08,-2.54,-3,SUB,0.0,0.0,0.0
2178,Blue,Lando Vannata,Bobby Green,177.8,180.34,155,175.26,180.34,155,28,33,2.54,0.0,5,U-DEC,1.0,,1.0
2179,Blue,Frankie Saenz,Jonathan Martinez,172.72,177.8,135,167.64,167.64,135,39,26,5.08,10.16,-13,KO/TKO,1.0,1.0,0.0
2180,Blue,Johnny Munoz,Nate Maness,177.8,182.88,135,175.26,180.34,145,27,29,2.54,2.54,2,U-DEC,1.0,1.0,1.0
2190,Blue,Nicolas Dalby,Jesse Ronson,177.8,182.88,155,180.34,187.96,170,35,34,-2.54,-5.08,-1,SUB,0.0,0.0,0.0
2194,Blue,Bethe Correia,Pannie Kianzad,170.18,167.64,135,165.1,162.56,135,37,28,5.08,5.08,-9,U-DEC,1.0,1.0,0.0
2199,Blue,Marc Diakiese,Rafael Fiziev,172.72,180.34,155,177.8,185.42,155,27,27,-5.08,-5.08,0,U-DEC,0.0,0.0,
2201,Blue,Alexandre Pantoja,Askar Askarov,167.64,170.18,125,165.1,170.18,125,30,27,2.54,0.0,-3,U-DEC,1.0,,0.0
2204,Blue,Joe Duffy,Joel Alvarez,190.5,195.58,155,177.8,185.42,155,32,26,12.7,10.16,-6,SUB,1.0,1.0,0.0
2206,Blue,Malcolm Gordon,Amir Albazi,165.1,172.72,125,170.18,180.34,125,30,26,-5.08,-7.62,-4,SUB,0.0,0.0,0.0
2207,Blue,Davi Ramos,Arman Tsarukyan,170.18,182.88,155,167.64,177.8,155,33,23,2.54,5.08,-10,U-DEC,1.0,1.0,0.0
2208,Blue,Carlos Felipe,Serghei Spivac,190.5,198.12,260,182.88,190.5,245,25,25,7.62,7.62,0,M-DEC,1.0,1.0,
2212,Blue,Molly McCann,Taila Santos,165.1,172.72,125,162.56,157.48,125,30,27,2.54,15.24,-3,U-DEC,1.0,1.0,0.0
2213,Blue,Abdul Razak Alhassan,Mounir Lazzez,185.42,185.42,170,177.8,185.42,170,34,32,7.62,0.0,-2,U-DEC,1.0,,0.0
2214,Blue,John Phillips,Khamzat Chimaev,187.96,187.96,185,180.34,190.5,185,35,26,7.62,-2.54,-9,SUB,1.0,0.0,0.0
2215,Blue,Ricardo Ramos,Lerone Murphy,175.26,185.42,145,175.26,182.88,145,24,28,0.0,2.54,4,KO/TKO,,1.0,1.0
2218,Blue,Diana Belbita,Liana Jojua,162.56,157.48,125,170.18,172.72,125,24,25,-7.62,-15.24,1,SUB,0.0,0.0,1.0
2223,Blue,Jessica Andrade,Rose Namajunas,165.1,165.1,115,154.94,157.48,115,28,28,10.16,7.62,0,S-DEC,1.0,1.0,
2225,Blue,Volkan Oezdemir,Jiri Prochazka,193.04,193.04,205,187.96,190.5,205,30,27,5.08,2.54,-3,KO/TKO,1.0,1.0,0.0
2226,Blue,Elizeu Zaleski dos Santos,Muslim Salikhov,180.34,177.8,170,180.34,185.42,170,33,36,0.0,-7.62,3,S-DEC,,0.0,1.0
2232,Blue,Martin Day,Davey Grant,172.72,175.26,135,177.8,185.42,135,31,34,-5.08,-10.16,3,KO/TKO,0.0,0.0,1.0
2236,Blue,Gian Villante,Maurice Greene,200.66,203.2,258,190.5,193.04,205,34,33,10.16,10.16,-1,SUB,1.0,1.0,0.0
2237,Blue,Luis Pena,Khama Worthy,180.34,187.96,155,190.5,190.5,155,26,33,-10.16,-2.54,7,SUB,0.0,0.0,1.0
2239,Blue,Philipe Lins,Tanner Boser,187.96,190.5,255,187.96,198.12,240,34,28,0.0,-7.62,-6,KO/TKO,,0.0,0.0
2240,Blue,Sean Woodson,Julian Erosa,185.42,187.96,145,187.96,198.12,145,28,30,-2.54,-10.16,-2,SUB,0.0,0.0,0.0
2243,Blue,Jordan Griffin,Youssef Zalal,177.8,182.88,145,177.8,185.42,145,30,23,0.0,-2.54,-7,U-DEC,,0.0,0.0
2249,Blue,Clay Guida,Bobby Green,177.8,180.34,155,170.18,177.8,155,38,33,7.62,2.54,-5,U-DEC,1.0,1.0,0.0
2252,Blue,Cortney Casey,Gillian Robertson,165.1,160.02,125,170.18,170.18,125,33,25,-5.08,-10.16,-8,SUB,0.0,0.0,0.0
2253,Blue,Frank Camacho,Justin Jaynes,170.18,170.18,155,177.8,185.42,170,31,30,-7.62,-15.24,1,KO/TKO,0.0,0.0,1.0
2254,Blue,Roxanne Modafferi,Lauren Murphy,165.1,170.18,125,170.18,175.26,125,37,36,-5.08,-5.08,-1,U-DEC,0.0,0.0,0.0
2256,Blue,Jessica Eye,Cynthia Calvillo,162.56,162.56,115,167.64,167.64,125,33,32,-5.08,-5.08,-1,U-DEC,0.0,0.0,0.0
2257,Blue,Karl Roberson,Marvin Vettori,182.88,187.96,185,185.42,187.96,185,29,26,-2.54,0.0,-3,SUB,0.0,,0.0
2265,Blue,Anthony Ivy,Christian Aguilera,175.26,182.88,170,187.96,187.96,185,30,28,-12.7,-5.08,-2,KO/TKO,0.0,0.0,0.0
2267,Blue,Raphael Assuncao,Cody Garbrandt,172.72,165.1,135,165.1,167.64,135,37,28,7.62,-2.54,-9,KO/TKO,1.0,0.0,0.0
2270,Blue,Eddie Wineland,Sean O'Malley,180.34,182.88,135,170.18,175.26,135,35,25,10.16,7.62,-10,KO/TKO,1.0,1.0,0.0
2274,Blue,Charles Byrd,Maki Pitolo,177.8,190.5,170,177.8,185.42,185,36,29,0.0,5.08,-7,KO/TKO,,1.0,0.0
2275,Blue,Jussier Formiga,Alex Perez,167.64,165.1,125,165.1,170.18,125,35,28,2.54,-5.08,-7,KO/TKO,1.0,0.0,0.0
2276,Blue,Alonzo Menifield,Devin Clark,182.88,190.5,205,182.88,193.04,205,32,30,0.0,-2.54,-2,U-DEC,,0.0,0.0
2277,Blue,Evan Dunham,Herbert Burns,175.26,185.42,145,177.8,177.8,155,38,32,-2.54,7.62,-6,SUB,0.0,1.0,0.0
2278,Blue,Tyron Woodley,Gilbert Burns,177.8,180.34,170,175.26,187.96,170,38,33,2.54,-7.62,-5,U-DEC,1.0,0.0,0.0
2279,Blue,Blagoy Ivanov,Augusto Sakai,190.5,195.58,265,180.34,185.42,250,33,29,10.16,10.16,-4,S-DEC,1.0,1.0,0.0
2286,Blue,Tim Elliott,Brandon Royval,175.26,172.72,125,170.18,167.64,125,33,27,5.08,5.08,-6,SUB,1.0,1.0,0.0
2287,Blue,Louis Smolka,Casey Kenney,170.18,172.72,135,177.8,185.42,135,28,29,-7.62,-12.7,1,SUB,0.0,0.0,1.0
2300,Blue,Anthony Smith,Glover Teixeira,187.96,193.04,205,193.04,193.04,205,31,40,-5.08,0.0,9,KO/TKO,0.0,,1.0
2302,Blue,Alexander Hernandez,Drew Dober,172.72,177.8,155,175.26,182.88,155,27,31,-2.54,-5.08,4,KO/TKO,0.0,0.0,1.0
2305,Blue,Michael Johnson,Thiago Moises,175.26,177.8,155,177.8,185.42,155,33,25,-2.54,-7.62,-8,SUB,0.0,0.0,0.0
2307,Blue,Gabriel Benitez,Omar Morales,180.34,185.42,155,172.72,180.34,155,31,34,7.62,5.08,3,U-DEC,1.0,1.0,1.0
2308,Blue,Hunter Azure,Brian Kelleher,167.64,167.64,145,172.72,175.26,145,28,33,-5.08,-7.62,5,KO/TKO,0.0,0.0,1.0
2317,Blue,Tony Ferguson,Justin Gaethje,180.34,177.8,155,180.34,193.04,155,36,31,0.0,-15.24,5,KO/TKO,,0.0,1.0
2320,Blue,Jeremy Stephens,Calvin Kattar,180.34,182.88,145,175.26,180.34,145,33,32,5.08,2.54,1,KO/TKO,1.0,1.0,1.0
2322,Blue,Kevin Lee,Charles Oliveira,177.8,187.96,155,175.26,195.58,170,27,30,2.54,-7.62,-3,SUB,1.0,0.0,0.0
2323,Blue,Demian Maia,Gilbert Burns,177.8,180.34,170,185.42,182.88,170,42,33,-7.62,-2.54,9,KO/TKO,0.0,0.0,1.0
2325,Blue,Johnny Walker,Nikita Krylov,190.5,195.58,205,198.12,208.28,205,27,28,-7.62,-12.7,-1,U-DEC,0.0,0.0,0.0
2327,Blue,Jussier Formiga,Brandon Moreno,170.18,177.8,125,165.1,170.18,125,34,26,5.08,7.62,8,U-DEC,1.0,1.0,1.0
2330,Blue,Mayra Bueno Silva,Maryna Moroz,170.18,170.18,125,167.64,167.64,135,28,28,2.54,2.54,0,U-DEC,1.0,1.0,
2331,Blue,Bruno Silva,David Dvorak,165.1,172.72,125,162.56,165.1,135,29,27,2.54,7.62,2,U-DEC,1.0,1.0,1.0
2332,Blue,Veronica Macedo,Bea Malecki,175.26,187.96,135,162.56,162.56,125,24,28,12.7,25.4,-4,U-DEC,1.0,1.0,0.0
2342,Blue,Jamall Emmers,Giga Chikadze,182.88,187.96,145,177.8,187.96,145,30,31,5.08,0.0,-1,S-DEC,1.0,,0.0
2344,Blue,Joseph Benavidez,Deiveson Figueiredo,165.1,172.72,125,162.56,165.1,125,35,32,2.54,7.62,3,KO/TKO,1.0,1.0,1.0
2346,Blue,Ion Cutelaba,Magomed Ankalaev,190.5,190.5,205,185.42,190.5,205,26,27,5.08,0.0,-1,KO/TKO,1.0,,0.0
2349,Blue,Gabriel Silva,Kyler Phillips,172.72,179.0,135,167.64,180.34,135,25,24,5.08,-1.34,1,U-DEC,1.0,0.0,1.0
2354,Blue,Aalon Cruz,Spike Carlyle,170.18,180.34,145,182.88,198.12,145,30,26,-12.7,-17.78,4,KO/TKO,0.0,0.0,1.0
2356,Blue,Paul Felder,Dan Hooker,182.88,190.5,155,180.34,177.8,155,35,30,2.54,12.7,5,S-DEC,1.0,1.0,1.0
2358,Blue,Karolina Kowalkiewicz,Yan Xiaonan,165.1,160.02,115,160.02,162.56,115,34,30,5.08,-2.54,4,,1.0,0.0,1.0
2359,Blue,Ben Sosoli,Marcos Rogerio De Lima,185.42,190.5,253,175.26,182.88,265,30,34,10.16,7.62,-4,,1.0,1.0,0.0
2361,Blue,Kevin Aguilar,Zubaira Tukhugov,172.72,172.72,145,170.18,185.42,145,31,29,2.54,-12.7,2,KO/TKO,1.0,0.0,1.0
2364,Blue,Callan Potter,Song Kenan,182.88,180.34,170,182.88,182.88,170,35,29,0.0,-2.54,6,,,0.0,1.0
2366,Blue,Loma Lookboonmee,Angela Hill,160.02,162.56,115,154.94,154.94,115,24,35,5.08,7.62,-11,U-DEC,1.0,1.0,0.0
2368,Blue,Corey Anderson,Jan Blachowicz,187.96,198.12,205,190.5,200.66,205,30,36,-2.54,-2.54,-6,KO/TKO,0.0,0.0,0.0
2372,Blue,Rogerio Bontorin,Ray Borg,162.56,160.02,135,165.1,170.18,125,27,26,-2.54,-10.16,1,U-DEC,0.0,0.0,1.0
2374,Blue,Tim Means,Daniel Rodriguez,185.42,190.5,170,187.96,190.5,170,35,33,-2.54,0.0,2,SUB,0.0,,1.0
2376,Blue,Jim Miller,Scott Holtzman,175.26,175.26,155,172.72,180.34,155,36,36,2.54,-5.08,0,U-DEC,1.0,0.0,
2378,Blue,Casey Kenney,Merab Dvalishvili,167.64,172.72,135,170.18,172.72,135,28,29,-2.54,0.0,-1,U-DEC,0.0,,0.0
2380,Blue,Mark De La Rosa,Raulian Paiva,172.72,175.26,125,167.64,165.1,135,25,24,5.08,10.16,1,KO/TKO,1.0,1.0,1.0
2383,Blue,Juan Adams,Justin Tafa,182.88,187.96,264,195.58,203.2,265,28,26,-12.7,-15.24,2,KO/TKO,0.0,0.0,1.0
2384,Blue,Mirsad Bektic,Dan Ige,170.18,180.34,145,172.72,177.8,145,28,28,-2.54,2.54,0,S-DEC,0.0,1.0,
2387,Blue,Alex Morono,Kalinn Williams,182.88,182.88,170,180.34,182.88,170,29,25,2.54,0.0,4,,1.0,,1.0
2389,Blue,Miles Johns,Mario Bautista,175.26,175.26,135,170.18,167.64,135,25,26,5.08,7.62,-1,KO/TKO,1.0,1.0,0.0
2390,Blue,Domingo Pilarte,Journey Newson,165.1,170.18,135,182.88,185.42,135,30,30,-17.78,-15.24,0,Overturned,0.0,0.0,
2392,Blue,Austin Lingo,Youssef Zalel,177.8,182.88,145,177.8,177.8,145,25,23,0.0,5.08,2,,,1.0,1.0
2394,Blue,Rafael Dos Anjos,Michael Chiesa,185.42,190.5,170,172.72,177.8,170,35,32,12.7,12.7,3,U-DEC,1.0,1.0,1.0
2395,Blue,Jordan Espinosa,Alex Perez,167.64,165.1,125,167.64,175.26,125,30,27,0.0,-10.16,3,SUB,,0.0,1.0
2396,Blue,Hannah Cifers,Angela Hill,160.02,162.56,115,154.94,157.48,115,27,35,5.08,5.08,-8,KO/TKO,1.0,1.0,0.0
2408,Blue,Anthony Pettis,Diego Ferreira,175.26,187.96,155,177.8,182.88,155,32,34,-2.54,5.08,-2,SUB,0.0,1.0,0.0
2410,Blue,Andre Fili,Sodiq Yusuff,175.26,180.34,145,180.34,187.96,145,29,26,-5.08,-7.62,3,U-DEC,0.0,0.0,1.0
2413,Blue,Tim Elliott,Askar Askarov,167.64,170.18,125,170.18,167.64,135,33,27,-2.54,2.54,6,U-DEC,0.0,1.0,1.0
2416,Blue,Frankie Edgar,Chan Sung Jung,170.18,182.88,145,167.64,172.72,145,38,32,2.54,10.16,6,KO/TKO,1.0,1.0,1.0
2418,Blue,Dooho Choi,Charles Jourdain,175.26,175.26,145,175.26,177.8,145,28,24,0.0,-2.54,4,KO/TKO,,0.0,1.0
2424,Blue,Dong Hyun Ma,Omar Antonio Morales Ferrer,175.26,185.42,155,180.34,179.07,155,31,34,-5.08,6.35,-3,,0.0,1.0,0.0
2427,Blue,Miranda Granger,Amanda Lemos,162.56,165.1,115,170.18,172.72,115,27,32,-7.62,-7.62,-5,SUB,0.0,0.0,0.0
2430,Blue,Max Holloway,Alexander Volkanovski,167.64,181.61,145,180.34,175.26,145,28,31,-12.7,6.35,-3,U-DEC,0.0,1.0,0.0
2435,Blue,Ketlen Vieira,Irene Aldana,175.26,173.99,135,172.72,172.72,135,28,31,2.54,1.27,-3,KO/TKO,1.0,1.0,0.0
2436,Blue,Ian Heinisch,Omari Akhmedov,182.88,185.42,185,180.34,182.88,185,31,32,2.54,2.54,-1,U-DEC,1.0,1.0,0.0
2442,Blue,Alistair Overeem,Jairzinho Rozenstruik,193.04,198.12,248,193.04,203.2,265,39,31,0.0,-5.08,8,KO/TKO,,0.0,1.0
2443,Blue,Stefan Struve,Ben Rothwell,193.04,199.39,265,210.82,214.63,263,31,36,-17.78,-15.24,-5,KO/TKO,0.0,0.0,0.0
2446,Blue,Thiago Alves,Tim Means,187.96,190.5,170,175.26,177.8,170,36,35,12.7,12.7,1,SUB,1.0,1.0,1.0
2454,Blue,Antonio Arroyo,Andre Muniz,185.42,198.12,185,190.5,185.42,185,30,29,-5.08,12.7,1,U-DEC,0.0,1.0,1.0
2455,Blue,Markus Perez,Wellington Turman,182.88,182.88,185,185.42,185.42,185,21,23,-2.54,-2.54,-2,U-DEC,0.0,0.0,0.0
2456,Blue,Sergio Moraes,James Krause,187.96,185.42,170,182.88,182.88,170,37,33,5.08,2.54,4,KO/TKO,1.0,1.0,1.0
2459,Blue,Warlley Alves,Randy Brown,190.5,198.12,170,180.34,182.88,170,29,29,10.16,15.24,0,SUB,1.0,1.0,
2462,Blue,Vanessa Melo,Tracy Cortez,165.1,165.1,135,165.1,165.1,135,31,26,0.0,0.0,5,U-DEC,,,1.0
2465,Blue,Zelim Imadaev,Danny Roberts,185.42,187.96,170,182.88,193.04,170,24,32,2.54,-5.08,-8,KO/TKO,1.0,0.0,0.0
2466,Blue,Khadis Ibragimov,Ed Herman,185.42,195.58,205,190.5,198.12,205,24,39,-5.08,-2.54,-15,U-DEC,0.0,0.0,0.0
2467,Blue,Ramazan Emeev,Rocco Martin,182.88,185.42,170,177.8,193.04,170,32,30,5.08,-7.62,2,,1.0,0.0,1.0
2471,Blue,Roman Kopylov,Karl Roberson,185.42,187.96,185,182.88,190.5,185,28,29,2.54,-2.54,-1,SUB,1.0,0.0,0.0
2472,Blue,Abubakar Nurmagomedov,David Zawada,182.88,190.5,170,180.34,182.88,170,30,29,2.54,7.62,1,SUB,1.0,1.0,1.0
2473,Blue,Alexander Yakovlev,Roosevelt Roberts,187.96,185.42,155,190.5,187.96,155,35,25,-2.54,-2.54,10,U-DEC,0.0,0.0,1.0
2474,Blue,Jessica-Rose Clark,Pannie Kianzad,170.18,167.64,135,165.1,162.56,125,32,28,5.08,5.08,4,U-DEC,1.0,1.0,1.0
2475,Blue,Grigorii Popov,Davey Grant,172.72,175.26,135,170.18,170.18,135,35,34,2.54,5.08,1,,1.0,1.0,1.0
2477,Blue,Kelvin Gastelum,Darren Till,182.88,187.96,185,175.26,180.34,185,28,27,7.62,7.62,1,S-DEC,1.0,1.0,1.0
2483,Blue,Brad Tavares,Edmen Shahbazyan,187.96,187.96,185,185.42,187.96,185,31,21,2.54,0.0,10,KO/TKO,1.0,,1.0
2484,Blue,Andrei Arlovski,Jairzinho Rozenstruik,193.04,198.12,242,190.5,195.58,240,40,31,2.54,2.54,9,KO/TKO,1.0,1.0,1.0
2487,Blue,Julio Arce,Hakeem Dawodu,172.72,185.42,145,170.18,177.8,145,30,28,2.54,7.62,2,S-DEC,1.0,1.0,1.0
2489,Blue,Michael Johnson,Stevie Ray,177.8,177.8,155,177.8,185.42,155,33,29,0.0,-7.62,4,M-DEC,,0.0,1.0
2490,Blue,Frank Camacho,Beneil Dariush,177.8,182.88,155,177.8,185.42,170,30,30,0.0,-2.54,0,SUB,,0.0,
2494,Blue,Alex White,Rafael Fiziev,172.72,180.34,155,182.88,180.34,155,31,26,-10.16,0.0,5,U-DEC,0.0,,1.0
2495,Blue,Enrique Barzola,Movsar Evloev,170.18,182.88,145,170.18,177.8,145,30,25,0.0,5.08,5,U-DEC,,1.0,1.0
2496,Blue,Maurice Greene,Sergei Pavlovich,190.5,213.36,257,200.66,203.2,258,33,27,-10.16,10.16,6,KO/TKO,0.0,1.0,1.0
2503,Blue,Deron Winn,Darren Stewart,182.88,187.96,185,167.64,177.8,185,30,28,15.24,10.16,2,S-DEC,1.0,1.0,1.0
2506,Blue,Kyle Bochniak,Sean Woodson,187.96,198.12,145,170.18,177.8,145,32,27,17.78,20.32,5,U-DEC,1.0,1.0,1.0
2508,Blue,Court McGee,Sean Brady,177.8,182.88,170,180.34,190.5,170,34,26,-2.54,-7.62,8,U-DEC,0.0,0.0,1.0
2510,Blue,Daniel Spitz,Tanner Boser,187.96,190.5,255,200.66,208.28,245,29,28,-12.7,-17.78,1,U-DEC,0.0,0.0,1.0
2514,Blue,Mackenzie Dern,Amanda Ribas,160.02,167.64,115,162.56,160.02,115,26,26,-2.54,7.62,0,U-DEC,0.0,1.0,
2519,Blue,Max Griffin,Alex Morono,180.34,182.88,170,180.34,193.04,170,33,29,0.0,-10.16,4,U-DEC,,0.0,1.0
2525,Blue,Robert Whittaker,Israel Adesanya,193.04,203.2,185,182.88,185.42,185,28,30,10.16,17.78,-2,KO/TKO,1.0,1.0,0.0
2526,Blue,Al Iaquinta,Dan Hooker,182.88,190.5,155,177.8,177.8,155,32,29,5.08,12.7,3,U-DEC,1.0,1.0,1.0
2527,Blue,Tai Tuivasa,Serghei Spivac,190.5,198.12,260,187.96,190.5,264,26,24,2.54,7.62,2,SUB,1.0,1.0,1.0
2528,Blue,Luke Jumeau,Dhiego Lima,187.96,190.5,170,180.34,182.88,170,31,30,7.62,7.62,1,S-DEC,1.0,1.0,1.0
2529,Blue,Justin Tafa,Yorgan De Castro,182.88,187.96,250,182.88,187.96,264,25,32,0.0,0.0,-7,KO/TKO,,,0.0
2534,Blue,Nadia Kassem,Ji Yeon Kim,170.18,182.88,125,165.1,167.64,125,23,29,5.08,15.24,-6,KO/TKO,1.0,1.0,0.0
2536,Blue,Jack Hermansson,Jared Cannonier,180.34,195.58,185,185.42,195.58,185,31,35,-5.08,0.0,-4,KO/TKO,0.0,,0.0
2538,Blue,Gunnar Nelson,Gilbert Burns,177.8,180.34,155,180.34,182.88,170,31,33,-2.54,-2.54,-2,U-DEC,0.0,0.0,0.0
2540,Blue,Michal Oleksiejczuk,Ovince Saint Preux,190.5,203.2,205,182.88,187.96,205,24,36,7.62,15.24,-12,SUB,1.0,1.0,0.0
2542,Blue,Alen Amedovski,John Phillips,180.34,190.5,185,177.8,187.96,185,31,34,2.54,2.54,-3,KO/TKO,1.0,1.0,0.0
2543,Blue,Alessio Di Chirico,Makhmud Muradov,187.96,190.5,185,182.88,187.96,185,29,29,5.08,2.54,0,U-DEC,1.0,1.0,
2544,Blue,Siyar Bahadurzada,Ismail Naurdiev,177.8,187.96,170,180.34,185.42,170,35,23,-2.54,2.54,12,U-DEC,0.0,1.0,1.0
2545,Blue,Brandon Davis,Giga Chikadze,182.88,187.96,145,177.8,182.88,135,29,31,5.08,5.08,-2,S-DEC,1.0,1.0,0.0
2546,Blue,Macy Chiasson,Lina Lansberg,170.18,165.1,135,180.34,182.88,135,28,37,-10.16,-17.78,-9,U-DEC,0.0,0.0,0.0
2551,Blue,Martin Bravo,Steven Peterson,177.8,177.8,145,172.72,180.34,145,26,29,5.08,-2.54,-3,KO/TKO,1.0,0.0,0.0
2553,Blue,Marco Polo Reyes,Kyle Nelson,180.34,180.34,155,180.34,180.34,155,34,28,0.0,0.0,6,KO/TKO,,,1.0
2554,Blue,Ariane Carnelossi,Angela Hill,160.02,162.56,115,157.48,154.94,115,26,34,2.54,7.62,-8,KO/TKO,1.0,1.0,0.0
2556,Blue,Vinicius Moreira,Paul Craig,190.5,193.04,205,193.04,193.04,205,30,31,-2.54,0.0,-1,SUB,0.0,,0.0
2557,Blue,Sijara Eubanks,Bethe Correia,165.1,162.56,135,162.56,170.18,135,34,36,2.54,-7.62,-2,U-DEC,1.0,0.0,0.0
2559,Blue,Donald Cerrone,Justin Gaethje,180.34,177.8,155,185.42,185.42,155,36,30,-5.08,-7.62,6,KO/TKO,0.0,0.0,1.0
2561,Blue,Michel Pereira,Tristan Connelly,177.8,172.72,170,185.42,185.42,170,25,33,-7.62,-12.7,-8,U-DEC,0.0,0.0,0.0
2564,Blue,Marcin Tybura,Augusto Sakai,190.5,195.58,265,190.5,198.12,249,33,28,0.0,-2.54,5,KO/TKO,,0.0,1.0
2565,Blue,Cole Smith,Miles Johns,170.18,167.64,135,180.34,170.18,135,30,25,-10.16,-2.54,5,S-DEC,0.0,0.0,1.0
2566,Blue,Brad Katona,Hunter Azure,172.72,175.26,135,167.64,162.56,135,27,27,5.08,12.7,0,U-DEC,1.0,1.0,
2569,Blue,Kyle Prepolec,Austin Hubbard,177.8,180.34,155,177.8,177.8,170,30,27,0.0,2.54,3,U-DEC,,1.0,1.0
2571,Blue,Edson Barboza,Paul Felder,180.34,177.8,155,180.34,190.5,155,33,35,0.0,-12.7,-2,S-DEC,,0.0,0.0
2574,Blue,Mairbek Taisumov,Diego Ferreira,175.26,187.96,155,175.26,185.42,155,31,34,0.0,2.54,-3,U-DEC,,1.0,0.0
2576,Blue,Liana Jojua,Sarah Moras,170.18,170.18,135,162.56,157.48,135,24,31,7.62,12.7,-7,KO/TKO,1.0,1.0,0.0
2579,Blue,Nordine Taleb,Muslim Salikhov,180.34,177.8,170,185.42,187.96,170,38,35,-5.08,-10.16,3,KO/TKO,0.0,0.0,1.0
2582,Blue,Jessica Andrade,Zhang Weili,162.56,160.02,115,154.94,157.48,115,27,30,7.62,2.54,-3,,1.0,1.0,0.0
2586,Blue,Wu Yanan,Mizuki Inoue,160.02,165.1,125,172.72,167.64,125,23,25,-12.7,-2.54,-2,,0.0,0.0,0.0
2587,Blue,Junyong Park,Anthony Hernandez,182.88,190.5,185,177.8,185.42,185,28,25,5.08,5.08,3,SUB,1.0,1.0,1.0
2593,Blue,Daniel Cormier,Stipe Miocic,193.04,203.2,240,180.34,182.88,235,40,36,12.7,20.32,4,KO/TKO,1.0,1.0,1.0
2594,Blue,Anthony Pettis,Nate Diaz,182.88,193.04,170,177.8,182.88,155,32,34,5.08,10.16,-2,U-DEC,1.0,1.0,0.0
2595,Blue,Yoel Romero,Paulo Costa,185.42,182.88,185,182.88,185.42,185,42,28,2.54,-2.54,14,U-DEC,1.0,0.0,1.0
2596,Blue,Gabriel Benitez,Sodiq Yusuff,175.26,180.34,145,172.72,180.34,145,31,26,2.54,0.0,5,KO/TKO,1.0,,1.0
2598,Blue,Devonte Smith,Khama Worthy,180.34,187.96,155,175.26,193.04,155,26,32,5.08,-5.08,-6,KO/TKO,1.0,0.0,0.0
2599,Blue,Raphael Assuncao,Cory Sandhagen,180.34,177.8,135,165.1,167.64,135,37,27,15.24,10.16,10,U-DEC,1.0,1.0,1.0
2600,Blue,Christos Giagos,Drakkar Klose,175.26,177.8,155,177.8,180.34,155,29,31,-2.54,-2.54,-2,U-DEC,0.0,0.0,0.0
2601,Blue,Manny Bermudez,Casey Kenney,170.18,172.72,135,177.8,180.34,145,25,28,-7.62,-7.62,-3,U-DEC,0.0,0.0,0.0
2613,Blue,Tecia Torres,Marina Rodriguez,167.64,165.1,115,154.94,152.4,115,29,32,12.7,12.7,-3,U-DEC,1.0,1.0,0.0
2615,Blue,Geraldo de Freitas,Chris Gutierrez,175.26,170.18,135,170.18,182.88,135,27,28,5.08,-12.7,-1,S-DEC,1.0,0.0,0.0
2616,Blue,Kazula Vargas,Alex Da Silva,172.72,185.42,155,172.72,180.34,155,33,23,0.0,5.08,10,U-DEC,,1.0,1.0
2620,Blue,Joaquim Silva,Nasrat Haqparast,177.8,182.88,155,172.72,175.26,155,30,23,5.08,7.62,7,KO/TKO,1.0,1.0,1.0
2621,Blue,Trevin Giles,Gerald Meerschaert,185.42,195.58,185,182.88,187.96,185,27,31,2.54,7.62,-4,SUB,1.0,1.0,0.0
2623,Blue,Darko Stosic,Kennedy Nzechukwu,195.58,210.82,205,182.88,193.04,205,27,27,12.7,17.78,0,U-DEC,1.0,1.0,
2626,Blue,Jordan Espinosa,Matt Schnell,172.72,177.8,125,167.64,175.26,125,29,29,5.08,2.54,0,SUB,1.0,1.0,
2633,Blue,Olivier Aubin-Mercier,Arman Tsarukyan,170.18,182.88,155,175.26,177.8,155,30,22,-5.08,5.08,8,U-DEC,0.0,1.0,1.0
2634,Blue,Marc-Andre Barriault,Krzystof Jotko,185.42,195.58,185,185.42,187.96,185,29,29,0.0,7.62,0,,,1.0,
2635,Blue,Alexis Davis,Viviane Araujo,162.56,172.72,125,167.64,172.72,125,34,32,-5.08,0.0,2,U-DEC,0.0,,1.0
2638,Blue,Alexandre Pantoja,Deiveson Figueiredo,165.1,172.72,125,165.1,170.18,125,29,31,0.0,2.54,-2,U-DEC,,1.0,0.0
2641,Blue,Rafael Dos Anjos,Leon Edwards,187.96,187.96,170,172.72,177.8,170,34,27,15.24,10.16,7,U-DEC,1.0,1.0,1.0
2642,Blue,Aleksei Oleinik,Walt Harris,195.58,195.58,250,187.96,203.2,240,42,36,7.62,-7.62,6,KO/TKO,1.0,0.0,1.0
2644,Blue,James Vick,Dan Hooker,182.88,190.5,155,190.5,193.04,155,32,29,-7.62,-2.54,3,KO/TKO,0.0,0.0,1.0
2649,Blue,Sam Alvey,Klidson Abreu,182.88,187.96,205,187.96,190.5,205,33,26,-5.08,-2.54,7,U-DEC,0.0,0.0,1.0
2650,Blue,Roxanne Modafferi,Jennifer Maia,162.56,162.56,125,170.18,175.26,125,36,30,-7.62,-12.7,6,U-DEC,0.0,0.0,1.0
2653,Blue,Domingo Pilarte,Felipe Colares,172.72,175.26,135,182.88,185.42,135,29,35,-10.16,-10.16,-6,S-DEC,0.0,0.0,0.0
2661,Blue,Darren Elkins,Ryan Hall,177.8,177.8,145,177.8,180.34,145,35,34,0.0,-2.54,1,U-DEC,,0.0,1.0
2662,Blue,Liu Pingyuan,Jonathan Martinez,172.72,177.8,135,167.64,182.88,135,26,25,5.08,-5.08,1,KO/TKO,1.0,0.0,1.0
2663,Blue,Livinha Souza,Brianna Van Buren,152.4,157.48,115,160.02,160.02,115,28,25,-7.62,-2.54,3,U-DEC,0.0,0.0,1.0
2669,Blue,Diego Sanchez,Michael Chiesa,185.42,190.5,170,177.8,182.88,170,37,31,7.62,7.62,6,U-DEC,1.0,1.0,1.0
2670,Blue,Gilbert Melendez,Arnold Allen,172.72,177.8,145,175.26,185.42,145,37,35,-2.54,-7.62,2,U-DEC,0.0,0.0,1.0
2673,Blue,Alejandro Perez,Song Yadong,172.72,170.18,135,167.64,170.18,135,29,21,5.08,0.0,8,KO/TKO,1.0,,1.0
2675,Blue,Ismail Naurdiev,Chance Rencountre,187.96,190.5,170,177.8,187.96,170,32,32,10.16,2.54,0,U-DEC,1.0,1.0,
2678,Blue,Jussier Formiga,Joseph Benavidez,162.56,165.1,125,165.1,170.18,125,34,34,-2.54,-5.08,0,KO/TKO,0.0,0.0,
2680,Blue,Roosevelt Roberts,Vinc Pichel,177.8,182.88,155,187.96,185.42,155,25,36,-10.16,-2.54,-11,U-DEC,0.0,0.0,0.0
2687,Blue,Emily Whitmire,Amanda Ribas,160.02,167.64,115,165.1,160.02,115,28,25,-5.08,7.62,3,SUB,0.0,1.0,1.0
2689,Blue,Renato Moicano,Chan Sung Jung,170.18,182.88,145,180.34,182.88,145,30,32,-10.16,0.0,-2,KO/TKO,0.0,,0.0
2690,Blue,Bryan Barberena,Randy Brown,190.5,198.12,170,182.88,182.88,170,30,28,7.62,15.24,2,KO/TKO,1.0,1.0,1.0
2696,Blue,Matt Wiman,Luis Pena,190.5,190.5,155,177.8,172.72,155,35,25,12.7,17.78,10,KO/TKO,1.0,1.0,1.0
2697,Blue,Allen Crowder,Jairzinho Rozenstruik,193.04,198.12,242,190.5,193.04,245,29,31,2.54,5.08,-2,KO/TKO,1.0,1.0,0.0
2698,Blue,Ariane Lipski,Molly McCann,162.56,157.48,125,167.64,170.18,125,25,29,-5.08,-12.7,-4,U-DEC,0.0,0.0,0.0
2703,Blue,Jimmie Rivera,Petr Yan,170.18,170.18,135,162.56,172.72,135,29,26,7.62,-2.54,3,U-DEC,1.0,0.0,1.0
2704,Blue,Tai Tuivasa,Blagoy Ivanov,180.34,185.42,250,187.96,190.5,264,26,32,-7.62,-5.08,-6,U-DEC,0.0,0.0,0.0
2707,Blue,Karolina Kowalkiewicz,Alexa Grasso,165.1,167.64,115,160.02,162.56,115,33,25,5.08,5.08,8,U-DEC,1.0,1.0,1.0
2708,Blue,Ricardo Lamas,Calvin Kattar,180.34,182.88,145,172.72,180.34,145,37,31,7.62,2.54,6,KO/TKO,1.0,1.0,1.0
2710,Blue,Bevon Lewis,Darren Stewart,182.88,187.96,185,190.5,200.66,185,28,28,-7.62,-12.7,0,U-DEC,0.0,0.0,
2713,Blue,Alexander Gustafsson,Anthony Smith,193.04,193.04,205,195.58,200.66,205,32,30,-2.54,-7.62,2,SUB,0.0,0.0,1.0
2714,Blue,Jimi Manuwa,Aleksandar Rakic,193.04,198.12,205,185.42,200.66,205,39,27,7.62,-2.54,12,KO/TKO,1.0,0.0,1.0
2716,Blue,Damir Hadzovic,Christos Giagos,177.8,180.34,155,175.26,177.8,155,32,29,2.54,2.54,3,U-DEC,1.0,1.0,1.0
2718,Blue,Rostem Akman,Sergey Khandozhko,185.42,187.96,170,177.8,182.88,170,27,27,7.62,5.08,0,U-DEC,1.0,1.0,
2719,Blue,Tonya Evinger,Lina Lansberg,170.18,165.1,135,170.18,177.8,135,37,37,0.0,-12.7,0,U-DEC,,0.0,
2720,Blue,Stevie Ray,Leonardo Santos,182.88,190.5,155,177.8,177.8,155,29,39,5.08,12.7,-10,KO/TKO,1.0,1.0,0.0
2721,Blue,Nick Hein,Frank Camacho,177.8,185.42,170,167.64,167.64,155,35,30,10.16,17.78,5,KO/TKO,1.0,1.0,1.0
2723,Blue,Darko Stosic,Devin Clark,182.88,190.5,205,182.88,193.04,205,27,29,0.0,-2.54,-2,U-DEC,,0.0,0.0
2726,Blue,Antonio Carlos Junior,Ian Heinisch,180.34,182.88,185,187.96,200.66,185,29,30,-7.62,-17.78,-1,U-DEC,0.0,0.0,0.0
2727,Blue,Megan Anderson,Felicia Spencer,167.64,172.72,145,182.88,182.88,145,29,28,-15.24,-10.16,1,SUB,0.0,0.0,1.0
2733,Blue,Danny Roberts,Michel Pereira,185.42,185.42,170,185.42,187.96,170,31,25,0.0,-2.54,6,KO/TKO,,0.0,1.0
2734,Blue,Michael Trizano,Grant Dawson,177.8,182.88,145,180.34,180.34,155,27,25,-2.54,2.54,2,SUB,0.0,1.0,1.0
2735,Blue,Patrick Cummins,Ed Herman,185.42,195.58,205,187.96,193.04,205,38,38,-2.54,2.54,0,KO/TKO,0.0,1.0,
2738,Blue,Rose Namajunas,Jessica Andrade,154.94,157.48,115,165.1,165.1,115,26,27,-10.16,-7.62,-1,KO/TKO,0.0,0.0,0.0
2740,Blue,Jose Aldo,Alexander Volkanovski,167.64,180.34,145,170.18,177.8,145,32,30,-2.54,2.54,2,U-DEC,0.0,1.0,1.0
2741,Blue,Thiago Alves,Laureano Staropoli,185.42,180.34,170,175.26,177.8,170,35,26,10.16,2.54,9,U-DEC,1.0,1.0,1.0
2743,Blue,Rogerio Nogueira,Ryan Spann,195.58,200.66,205,187.96,190.5,205,42,27,7.62,10.16,15,KO/TKO,1.0,1.0,1.0
2746,Blue,BJ Penn,Clay Guida,170.18,177.8,155,175.26,177.8,155,40,37,-5.08,0.0,3,U-DEC,0.0,,1.0
2749,Blue,Talita Bernardo,Viviane Araujo,162.56,172.72,135,162.56,172.72,135,32,32,0.0,0.0,0,KO/TKO,,,
2750,Blue,Al Iaquinta,Donald Cerrone,185.42,185.42,155,177.8,177.8,155,32,36,7.62,7.62,-4,U-DEC,1.0,1.0,0.0
2752,Blue,Cub Swanson,Shane Burgos,180.34,190.5,145,172.72,177.8,145,35,28,7.62,12.7,7,S-DEC,1.0,1.0,1.0
2753,Blue,Brad Katona,Merab Dvalishvili,167.64,172.72,135,167.64,162.56,135,27,28,0.0,10.16,-1,U-DEC,,1.0,0.0
2755,Blue,Marc-Andre Barriault,Andrew Sanchez,185.42,187.96,185,185.42,187.96,185,29,31,0.0,0.0,-2,U-DEC,,,0.0
2757,Blue,Aiemann Zahabi,Vince Morales,170.18,177.8,135,172.72,172.72,135,31,28,-2.54,5.08,3,U-DEC,0.0,1.0,1.0
2759,Blue,Kyle Nelson,Matt Sayles,170.18,172.72,145,180.34,180.34,155,28,25,-10.16,-7.62,3,SUB,0.0,0.0,1.0
2761,Blue,Mitch Gagnon,Cole Smith,180.34,170.18,135,165.1,165.1,135,34,30,15.24,5.08,4,U-DEC,1.0,1.0,1.0
2762,Blue,Jacare Souza,Jack Hermansson,185.42,195.58,185,185.42,182.88,185,39,30,0.0,12.7,9,U-DEC,,1.0,1.0
2764,Blue,Alex Oliveira,Mike Perry,177.8,180.34,170,180.34,193.04,170,31,27,-2.54,-12.7,4,U-DEC,0.0,0.0,1.0
2766,Blue,John Lineker,Cory Sandhagen,180.34,177.8,135,160.02,170.18,135,28,27,20.32,7.62,1,S-DEC,1.0,1.0,1.0
2768,Blue,Ben Saunders,Takashi Sato,177.8,185.42,170,187.96,195.58,170,36,28,-10.16,-10.16,8,KO/TKO,0.0,0.0,1.0
2769,Blue,Andrei Arlovski,Augusto Sakai,190.5,195.58,265,190.5,195.58,240,40,27,0.0,0.0,13,S-DEC,,,1.0
2774,Blue,Court McGee,Dhiego Lima,187.96,187.96,170,180.34,190.5,170,34,30,7.62,-2.54,4,S-DEC,1.0,0.0,1.0
2783,Blue,Marcin Tybura,Shamil Abdurakhimov,190.5,193.04,235,190.5,198.12,249,33,37,0.0,-5.08,-4,KO/TKO,,0.0,0.0
2784,Blue,Gadzhimurad Antigulov,Michal Oleksiejczuk,182.88,187.96,205,180.34,177.8,205,32,24,2.54,10.16,8,KO/TKO,1.0,1.0,1.0
2786,Blue,Max Holloway,Dustin Poirier,175.26,182.88,155,180.34,175.26,155,27,30,-5.08,7.62,-3,U-DEC,0.0,1.0,0.0
2787,Blue,Kelvin Gastelum,Israel Adesanya,193.04,203.2,185,175.26,180.34,185,27,29,17.78,22.86,-2,U-DEC,1.0,1.0,0.0
2788,Blue,Eryk Anders,Khalil Rountree Jr.,185.42,193.04,205,185.42,190.5,185,31,29,0.0,2.54,2,U-DEC,,1.0,1.0
2789,Blue,Alan Jouban,Dwight Grant,185.42,193.04,170,182.88,185.42,170,37,34,2.54,7.62,3,S-DEC,1.0,1.0,1.0
2790,Blue,Ovince Saint Preux,Nikita Krylov,190.5,195.58,205,190.5,203.2,205,36,27,0.0,-7.62,9,SUB,,0.0,1.0
2791,Blue,Jalin Turner,Matt Frevola,175.26,180.34,155,190.5,195.58,155,23,28,-15.24,-15.24,-5,U-DEC,0.0,0.0,0.0
2792,Blue,Wilson Reis,Alexandre Pantoja,165.1,170.18,125,162.56,165.1,125,34,28,2.54,5.08,6,KO/TKO,1.0,1.0,1.0
2794,Blue,Boston Salmon,Khalid Taha,165.1,175.26,135,175.26,175.26,135,28,27,-10.16,0.0,1,KO/TKO,0.0,,1.0
2795,Blue,Curtis Millender,Belal Muhammad,180.34,182.88,170,187.96,193.04,170,31,30,-7.62,-10.16,1,U-DEC,0.0,0.0,1.0
2797,Blue,Lauren Mueller,Poliana Botelho,172.72,170.18,115,165.1,170.18,125,27,30,7.62,0.0,-3,U-DEC,1.0,,0.0
2799,Blue,Edson Barboza,Justin Gaethje,180.34,177.8,155,180.34,190.5,155,33,30,0.0,-12.7,3,KO/TKO,,0.0,1.0
2800,Blue,David Branch,Jack Hermansson,185.42,195.58,185,185.42,198.12,185,37,30,0.0,-2.54,7,SUB,,0.0,1.0
2802,Blue,Karolina Kowalkiewicz,Michelle Waterson,160.02,157.48,115,160.02,162.56,115,33,33,0.0,-5.08,0,U-DEC,,0.0,
2803,Blue,Kennedy Nzechukwu,Paul Craig,190.5,193.04,205,196.0,211.0,205,27,31,-5.5,-17.96,-4,SUB,0.0,0.0,0.0
2806,Blue,Ross Pearson,Desmond Green,177.8,185.42,155,172.72,175.26,155,34,29,5.08,10.16,5,KO/TKO,1.0,1.0,1.0
2807,Blue,Enrique Barzola,Kevin Aguilar,170.18,185.42,145,170.18,177.8,145,29,30,0.0,7.62,-1,U-DEC,,1.0,0.0
2809,Blue,Ray Borg,Casey Kenney,170.18,172.72,135,162.56,160.02,135,25,28,7.62,12.7,-3,U-DEC,1.0,1.0,0.0
2810,Blue,Sabina Mazo,Maryna Moroz,170.18,170.18,125,170.18,177.8,125,22,27,0.0,-7.62,-5,U-DEC,,0.0,0.0
2812,Blue,Stephen Thompson,Anthony Pettis,177.8,182.88,170,182.88,190.5,170,36,32,-5.08,-7.62,4,KO/TKO,0.0,0.0,1.0
2820,Blue,Alexis Davis,Jennifer Maia,162.56,162.56,125,167.64,172.72,125,34,30,-5.08,-10.16,4,U-DEC,0.0,0.0,1.0
2822,Blue,Ryan MacDonald,Chris Gutierrez,175.26,175.26,135,180.34,180.34,135,26,27,-5.08,-5.08,-1,U-DEC,0.0,0.0,0.0
2823,Blue,Eric Shelton,Jordan Espinosa,167.64,180.34,125,167.64,172.72,125,28,29,0.0,7.62,-1,U-DEC,,1.0,0.0
2824,Blue,Darren Till,Jorge Masvidal,180.34,187.96,170,182.88,187.96,170,26,34,-2.54,0.0,-8,KO/TKO,0.0,,0.0
2826,Blue,Volkan Oezdemir,Dominick Reyes,193.04,195.58,205,187.96,190.5,205,29,29,5.08,5.08,0,S-DEC,1.0,1.0,
2828,Blue,Danny Roberts,Claudio Silva,180.34,180.34,170,185.42,187.96,170,31,36,-5.08,-7.62,-5,SUB,0.0,0.0,0.0
2832,Blue,Nicolae Negumereanu,Saparbeg Safarov,185.42,198.12,205,182.88,198.12,205,24,32,2.54,0.0,-8,U-DEC,1.0,,0.0
2833,Blue,Danny Henry,Dan Ige,170.18,180.34,145,182.88,185.42,145,30,27,-12.7,-5.08,3,SUB,0.0,0.0,1.0
2836,Blue,Derrick Lewis,Junior Dos Santos,193.04,195.58,238,190.5,200.66,260,34,35,2.54,-5.08,-1,KO/TKO,1.0,0.0,0.0
2838,Blue,Tim Means,Niko Price,182.88,193.04,170,187.96,190.5,170,35,29,-5.08,2.54,6,KO/TKO,0.0,1.0,1.0
2841,Blue,Tim Boetsch,Omari Akhmedov,182.88,185.42,185,182.88,187.96,185,38,31,0.0,-2.54,7,U-DEC,,0.0,1.0
2843,Blue,Marion Reneau,Yana Kunitskaya,167.64,172.72,135,167.64,172.72,135,41,29,0.0,0.0,12,U-DEC,,,1.0
2846,Blue,Louis Smolka,Matt Schnell,172.72,177.8,135,175.26,172.72,135,27,29,-2.54,5.08,-2,SUB,0.0,1.0,0.0
2850,Blue,Tyron Woodley,Kamaru Usman,182.88,193.04,170,175.26,187.96,170,36,31,7.62,5.08,5,U-DEC,1.0,1.0,1.0
2851,Blue,Robbie Lawler,Ben Askren,180.34,185.42,170,180.34,187.96,170,36,34,0.0,-2.54,2,SUB,,0.0,1.0
2852,Blue,Tecia Torres,Weili Zhang,162.56,160.02,115,154.94,152.4,115,29,29,7.62,7.62,0,U-DEC,1.0,1.0,
2853,Blue,Cody Garbrandt,Pedro Munhoz,167.64,165.1,135,172.72,165.1,135,27,32,-5.08,0.0,-5,KO/TKO,0.0,,0.0
2854,Blue,Jeremy Stephens,Zabit Magomedsharipov,185.42,185.42,145,172.72,180.34,145,32,28,12.7,5.08,4,U-DEC,1.0,1.0,1.0
2855,Blue,Misha Cirkunov,Johnny Walker,195.58,208.28,205,190.5,195.58,205,32,26,5.08,12.7,6,KO/TKO,1.0,1.0,1.0
2859,Blue,Gina Mazany,Macy Chiasson,180.34,182.88,135,167.64,172.72,135,30,27,12.7,10.16,3,KO/TKO,1.0,1.0,1.0
2860,Blue,Polyana Viana,Hannah Cifers,154.94,160.02,115,165.1,170.18,115,26,26,-10.16,-10.16,0,S-DEC,0.0,0.0,
2861,Blue,Jan Blachowicz,Thiago Santos,187.96,193.04,205,187.96,198.12,205,35,35,0.0,-5.08,0,KO/TKO,,0.0,
2863,Blue,Gian Villante,Michal Oleksiejczuk,182.88,187.96,205,190.5,193.04,205,33,24,-7.62,-5.08,9,KO/TKO,0.0,0.0,1.0
2865,Blue,John Dodson,Petr Yan,170.18,170.18,135,160.02,167.64,135,34,26,10.16,2.54,8,U-DEC,1.0,1.0,1.0
2868,Blue,Daniel Teymur,Chris Fishgold,172.72,172.72,145,165.1,175.26,145,31,26,7.62,-2.54,5,SUB,1.0,0.0,1.0
2869,Blue,Veronica Macedo,Gillian Robertson,165.1,160.02,125,162.56,162.56,125,23,23,2.54,-2.54,0,SUB,1.0,0.0,
2871,Blue,Michel Prazeres,Ismail Naurdiev,177.8,187.96,170,167.64,170.18,170,37,22,10.16,17.78,15,U-DEC,1.0,1.0,1.0
2872,Blue,Rustam Khabilov,Diego Ferreira,175.26,187.96,155,172.72,185.42,155,32,34,2.54,2.54,-2,U-DEC,1.0,1.0,0.0
2875,Blue,James Vick,Paul Felder,180.34,177.8,155,190.5,193.04,155,31,34,-10.16,-15.24,-3,U-DEC,0.0,0.0,0.0
2876,Blue,Cortney Casey,Cynthia Calvillo,162.56,162.56,115,170.18,170.18,115,31,31,-7.62,-7.62,0,U-DEC,0.0,0.0,
2877,Blue,Alex Caceres,Kron Gracie,175.26,177.8,145,177.8,185.42,145,30,30,-2.54,-7.62,0,SUB,0.0,0.0,
2880,Blue,Jimmie Rivera,Aljamain Sterling,170.18,180.34,135,162.56,172.72,135,29,29,7.62,7.62,0,U-DEC,1.0,1.0,
2881,Blue,Benito Lopez,Manny Bermudez,177.8,180.34,135,177.8,185.42,135,24,24,0.0,-5.08,0,SUB,,0.0,
2882,Blue,Ashlee Evans-Smith,Andrea Lee,167.64,175.26,125,172.72,170.18,125,31,30,-5.08,5.08,1,U-DEC,0.0,1.0,1.0
2883,Blue,Scott Holtzman,Nik Lentz,172.72,172.72,155,175.26,175.26,155,35,34,-2.54,-2.54,1,U-DEC,0.0,0.0,1.0
2884,Blue,Renan Barao,Luke Sanders,167.64,170.18,135,167.64,177.8,135,32,33,0.0,-7.62,-1,KO/TKO,,0.0,0.0
2885,Blue,Alexandra Albu,Emily Whitmire,165.1,160.02,115,157.48,160.02,115,28,27,7.62,0.0,1,,1.0,,1.0
2888,Blue,Rani Yahya,Ricky Simon,167.64,175.26,135,167.64,170.18,135,34,26,0.0,5.08,8,U-DEC,,1.0,1.0
2894,Blue,Teruto Ishihara,Kyung Ho Kang,175.26,185.42,135,170.18,175.26,135,27,31,5.08,10.16,-4,SUB,1.0,1.0,0.0
2895,Blue,Callan Potter,Jalin Turner,190.5,195.58,155,182.88,182.88,155,34,23,7.62,12.7,11,KO/TKO,1.0,1.0,1.0
2896,Blue,Wuliji Buren,Jonathan Martinez,172.72,177.8,135,175.26,175.26,135,29,32,-2.54,2.54,-3,U-DEC,0.0,1.0,0.0
2897,Blue,Raphael Assuncao,Marlon Moraes,167.64,170.18,135,165.1,167.64,135,36,30,2.54,2.54,6,SUB,1.0,1.0,1.0
2906,Blue,Junior Albini,Jairzinho Rozenstruik,193.04,198.12,242,190.5,187.96,264,27,30,2.54,10.16,-3,KO/TKO,1.0,1.0,0.0
2908,Blue,Ricardo Ramos,Said Nurmagomedov,172.72,177.8,135,175.26,182.88,135,23,26,-2.54,-5.08,-3,KO/TKO,0.0,0.0,0.0
2909,Blue,Magomed Bibulatov,Rogerio Bontorin,167.64,170.18,125,165.1,165.1,125,30,26,2.54,5.08,4,S-DEC,1.0,1.0,1.0
2911,Blue,Greg Hardy,Allen Crowder,190.5,193.04,245,195.58,203.2,265,30,29,-5.08,-10.16,1,DQ,0.0,0.0,1.0
2916,Blue,Alexander Hernandez,Donald Cerrone,185.42,185.42,155,175.26,182.88,155,26,35,10.16,2.54,-9,KO/TKO,1.0,1.0,0.0
2921,Blue,Belal Muhammad,Geoff Neal,180.34,190.5,170,180.34,182.88,170,30,28,0.0,7.62,2,U-DEC,,1.0,1.0
2922,Blue,Kyle Stewart,Chance Rencountre,187.96,190.5,170,187.96,193.04,170,29,32,0.0,-2.54,-3,SUB,,0.0,0.0
2924,Blue,Cris Cyborg,Amanda Nunes,172.72,175.26,145,172.72,172.72,145,33,30,0.0,2.54,3,,,1.0,1.0
2925,Blue,Carlos Condit,Michael Chiesa,185.42,190.5,170,187.96,190.5,170,34,31,-2.54,0.0,3,SUB,0.0,,1.0
2926,Blue,Ilir Latifi,Corey Anderson,190.5,200.66,205,177.8,185.42,205,35,29,12.7,15.24,6,U-DEC,1.0,1.0,1.0
2927,Blue,Chad Mendes,Alexander Volkanovski,167.64,180.34,145,167.64,167.64,145,33,30,0.0,12.7,3,KO/TKO,,1.0,1.0
2928,Blue,Cat Zingano,Megan Anderson,182.88,182.88,145,167.64,172.72,145,36,28,15.24,10.16,8,KO/TKO,1.0,1.0,1.0
2929,Blue,Douglas Silva de Andrade,Petr Yan,170.18,170.18,135,170.18,172.72,135,33,25,0.0,-2.54,8,KO/TKO,,0.0,1.0
2930,Blue,BJ Penn,Ryan Hall,177.8,180.34,155,175.26,177.8,155,40,33,2.54,2.54,7,SUB,1.0,1.0,1.0
2934,Blue,Brian Kelleher,Montel Jackson,177.8,190.5,135,167.64,167.64,135,32,26,10.16,22.86,6,SUB,1.0,1.0,1.0
2935,Blue,Kevin Lee,Al Iaquinta,177.8,177.8,155,175.26,195.58,170,26,31,2.54,-17.78,-5,U-DEC,1.0,0.0,0.0
2938,Blue,Jim Miller,Charles Oliveira,177.8,187.96,155,172.72,180.34,155,35,29,5.08,7.62,6,SUB,1.0,1.0,1.0
2940,Blue,Bobby Green,Drakkar Klose,175.26,177.8,155,177.8,180.34,155,32,30,-2.54,-2.54,2,U-DEC,0.0,0.0,1.0
2941,Blue,Jared Gordon,Joaquim Silva,172.72,175.26,155,175.26,172.72,155,30,29,-2.54,2.54,1,KO/TKO,0.0,1.0,1.0
2942,Blue,Gerald Meerschaert,Jack Hermansson,185.42,195.58,185,185.42,195.58,185,30,30,0.0,0.0,0,SUB,,,
2943,Blue,Trevor Smith,Zak Cummings,182.88,190.5,185,190.5,190.5,185,37,34,-7.62,0.0,3,U-DEC,0.0,,1.0
2945,Blue,Adam Milstead,Mike Rodriguez,193.04,208.28,205,190.5,193.04,205,31,30,2.54,15.24,1,KO/TKO,1.0,1.0,1.0
2946,Blue,Chris de la Rocha,Juan Adams,195.58,203.2,265,190.5,203.2,250,39,26,5.08,0.0,13,KO/TKO,1.0,,1.0
2949,Blue,Alex Oliveira,Gunnar Nelson,180.34,182.88,170,180.34,193.04,170,30,30,0.0,-10.16,0,SUB,,0.0,
2951,Blue,Jimi Manuwa,Thiago Santos,187.96,193.04,205,185.42,200.66,205,38,34,2.54,-7.62,4,KO/TKO,1.0,0.0,1.0
2952,Blue,Claudia Gadelha,Nina Ansaroff,165.1,162.56,115,162.56,160.02,115,30,33,2.54,2.54,-3,U-DEC,1.0,1.0,0.0
2953,Blue,Olivier Aubin-Mercier,Gilbert Burns,177.8,180.34,155,175.26,177.8,155,29,32,2.54,2.54,-3,U-DEC,1.0,1.0,0.0
2954,Blue,Katlyn Chookagian,Jessica Eye,167.64,167.64,125,175.26,172.72,125,29,32,-7.62,-5.08,-3,S-DEC,0.0,0.0,0.0
2957,Blue,Chad Laprise,Dhiego Lima,187.96,187.96,170,177.8,180.34,170,32,29,10.16,7.62,3,KO/TKO,1.0,1.0,1.0
2959,Blue,Devin Clark,Aleksandar Rakic,193.04,198.12,205,182.88,190.5,205,28,26,10.16,7.62,2,KO/TKO,1.0,1.0,1.0
2962,Blue,Mark Hunt,Justin Willis,185.42,198.12,264,177.8,182.88,265,44,31,7.62,15.24,13,U-DEC,1.0,1.0,1.0
2963,Blue,Jake Matthews,Anthony Rocco Martin,182.88,185.42,170,180.34,185.42,170,24,28,2.54,0.0,-4,SUB,1.0,,0.0
2964,Blue,Suman Mokhtarian,Sodiq Yusuff,175.26,180.34,145,177.8,170.18,145,26,25,-2.54,10.16,1,KO/TKO,0.0,1.0,1.0
2966,Blue,Yushin Okami,Aleksei Kunchenko,172.72,177.8,170,187.96,190.5,170,37,34,-15.24,-12.7,3,U-DEC,0.0,0.0,1.0
2969,Blue,Elias Garcia,Kai Kara-France,165.1,175.26,125,165.1,170.18,125,26,25,0.0,5.08,1,U-DEC,,1.0,1.0
2970,Blue,Mizuto Hirota,Christos Giagos,177.8,180.34,155,170.18,170.18,155,37,28,7.62,10.16,9,U-DEC,1.0,1.0,1.0
2971,Blue,Alex Gorgees,Damir Ismagulov,177.8,188.0,155,187.96,187.96,155,23,27,-10.16,0.04,-4,U-DEC,0.0,1.0,0.0
2972,Blue,Rafael Dos Anjos,Kamaru Usman,182.88,193.04,170,172.72,177.8,170,34,31,10.16,15.24,3,U-DEC,1.0,1.0,1.0
2974,Blue,Pannie Kianzad,Macy Chiasson,180.34,182.88,135,170.18,172.72,145,26,27,10.16,10.16,-1,SUB,1.0,1.0,0.0
2976,Blue,Darren Stewart,Edmen Shahbazyan,187.96,188.0,185,182.88,187.96,185,27,21,5.08,0.04,6,S-DEC,1.0,1.0,1.0
2977,Blue,Ji Yeon Kim,Antonina Shevchenko,172.72,170.18,125,170.18,182.88,125,29,34,2.54,-12.7,-5,U-DEC,1.0,0.0,0.0
2978,Blue,Rick Glenn,Kevin Aguilar,170.18,185.42,145,182.88,177.8,145,29,30,-12.7,7.62,-1,U-DEC,0.0,1.0,0.0
2981,Blue,Julija Stoliarenko,Leah Letson,170.18,180.34,145,170.18,167.64,145,25,26,0.0,12.7,-1,S-DEC,,1.0,0.0
2985,Blue,Curtis Blaydes,Francis Ngannou,193.04,210.82,250,193.04,203.2,265,27,32,0.0,7.62,-5,KO/TKO,,1.0,0.0
2989,Blue,Song Kenan,Alex Morono,180.34,182.88,170,182.88,180.34,170,28,28,-2.54,2.54,0,,0.0,1.0,
2991,Blue,Hu Yaozong,Rashad Coulter,180.34,193.04,205,190.5,182.88,205,23,36,-10.16,10.16,-13,U-DEC,0.0,1.0,0.0
2996,Blue,Su Mudaerji,Louis Smolka,175.26,172.72,135,172.72,182.88,135,22,27,2.54,-10.16,-5,SUB,1.0,0.0,0.0
2997,Blue,Neil Magny,Santiago Ponzinibbio,182.88,185.42,170,190.5,203.2,170,31,32,-7.62,-17.78,-1,KO/TKO,0.0,0.0,0.0
2999,Blue,Khalil Rountree Jr.,Johnny Walker,195.58,208.28,205,185.42,193.04,205,28,26,10.16,15.24,2,KO/TKO,1.0,1.0,1.0
3000,Blue,Cezar Ferreira,Ian Heinisch,180.34,182.88,185,185.42,198.12,185,33,30,-5.08,-15.24,3,U-DEC,0.0,0.0,1.0
3001,Blue,Guido Cannetti,Marlon Vera,172.72,177.8,135,167.64,172.72,135,38,25,5.08,5.08,13,SUB,1.0,1.0,1.0
3005,Blue,Humberto Bandenay,Austin Arnett,182.88,182.88,145,180.34,181.61,145,24,27,2.54,1.27,-3,U-DEC,1.0,1.0,0.0
3007,Blue,Devin Powell,Jesus Pinedo,177.8,188.0,155,182.88,185.42,155,30,22,-5.08,2.58,8,U-DEC,0.0,1.0,1.0
3009,Blue,Chan Sung Jung,Yair Rodriguez,180.34,180.34,145,170.18,182.88,145,31,26,10.16,-2.54,5,KO/TKO,1.0,0.0,1.0
3011,Blue,Raquel Pennington,Germaine de Randamie,175.26,180.34,135,170.18,170.18,135,30,34,5.08,10.16,-4,U-DEC,1.0,1.0,0.0
3016,Blue,Chas Skelly,Bobby Moffett,177.8,187.96,145,180.34,182.88,145,33,28,-2.54,5.08,5,Overturned,0.0,1.0,1.0
3019,Blue,Joseph Morales,Eric Shelton,167.64,172.72,125,167.64,175.26,125,24,27,0.0,-2.54,-3,S-DEC,,0.0,0.0
3022,Blue,Chris Weidman,Jacare Souza,185.42,182.88,185,187.96,198.12,185,34,38,-2.54,-15.24,-4,KO/TKO,0.0,0.0,0.0
3023,Blue,David Branch,Jared Cannonier,180.34,195.58,185,185.42,198.12,185,37,34,-5.08,-2.54,3,KO/TKO,0.0,0.0,1.0
3025,Blue,Derek Brunson,Israel Adesanya,193.04,203.2,185,185.42,195.58,185,34,29,7.62,7.62,5,KO/TKO,1.0,1.0,1.0
3026,Blue,Jason Knight,Jordan Rinaldi,177.8,182.88,145,177.8,180.34,145,26,31,0.0,2.54,-5,U-DEC,,1.0,0.0
3028,Blue,Julio Arce,Sheymon Moraes,172.72,182.88,145,170.18,177.8,145,29,28,2.54,5.08,1,S-DEC,1.0,1.0,1.0
3031,Blue,Adam Wieczorek,Marcos Rogerio de Lima,185.42,190.5,253,195.58,205.74,250,26,33,-10.16,-15.24,-7,U-DEC,0.0,0.0,0.0
3032,Blue,Volkan Oezdemir,Anthony Smith,193.04,193.04,205,187.96,190.5,205,29,30,5.08,2.54,-1,SUB,1.0,1.0,0.0
3037,Blue,Alex Garcia,Court McGee,180.34,190.5,170,175.26,182.88,170,31,33,5.08,7.62,-2,U-DEC,1.0,1.0,0.0
3038,Blue,Nordine Taleb,Sean Strickland,185.42,193.04,170,185.42,187.96,170,37,27,0.0,5.08,10,KO/TKO,,1.0,1.0
3039,Blue,Thibault Gouti,Nasrat Haqparast,177.8,182.88,155,177.8,182.88,155,31,23,0.0,0.0,8,U-DEC,,,1.0
3041,Blue,Sarah Moras,Talita Bernardo,162.56,172.72,135,170.18,170.18,135,30,31,-7.62,2.54,-1,U-DEC,0.0,1.0,0.0
3042,Blue,Te Edwards,Don Madge,182.88,182.88,155,172.72,182.88,155,28,27,10.16,0.0,1,KO/TKO,1.0,,1.0
3047,Blue,Ovince Saint Preux,Dominick Reyes,193.04,195.58,205,190.5,203.2,205,35,28,2.54,-7.62,7,U-DEC,1.0,0.0,1.0
3050,Blue,Sergio Pettis,Jussier Formiga,165.1,170.18,125,167.64,175.26,135,25,33,-2.54,-5.08,-8,U-DEC,0.0,0.0,0.0
3054,Blue,Lina Lansberg,Yana Kunitskaya,167.64,172.72,135,170.18,165.1,135,36,28,-2.54,7.62,8,U-DEC,0.0,1.0,1.0
3055,Blue,Gray Maynard,Nik Lentz,172.72,172.72,155,175.26,177.8,155,39,34,-2.54,-5.08,5,KO/TKO,0.0,0.0,1.0
3056,Blue,Ryan LaFlare,Anthony Rocco Martin,182.88,185.42,170,185.42,187.96,170,35,28,-2.54,-2.54,7,KO/TKO,0.0,0.0,1.0
3059,Blue,Sam Alvey,Rogerio Nogueira,187.96,190.5,205,187.96,190.5,205,32,42,0.0,0.0,-10,KO/TKO,,,0.0
3060,Blue,Renan Barao,Andre Ewell,172.72,190.5,135,167.64,177.8,135,31,30,5.08,12.7,1,S-DEC,1.0,1.0,1.0
3063,Blue,Luis Henrique,Ryan Spann,195.58,200.66,205,187.96,187.96,243,25,27,7.62,12.7,-2,U-DEC,1.0,1.0,0.0
3070,Blue,Mark Hunt,Aleksei Oleinik,187.96,203.2,240,177.8,182.88,265,44,41,10.16,20.32,3,SUB,1.0,1.0,1.0
3072,Blue,Andrei Arlovski,Shamil Abdurakhimov,190.5,193.04,235,190.5,195.58,240,39,37,0.0,-2.54,2,U-DEC,,0.0,1.0
3079,Blue,Adam Yandiev,Jordan Johnson,187.96,200.66,205,175.26,187.96,185,30,29,12.7,12.7,1,SUB,1.0,1.0,1.0
3087,Blue,Carla Esparza,Tatiana Suarez,165.1,167.64,115,154.94,160.02,115,30,27,10.16,7.62,3,KO/TKO,1.0,1.0,1.0
3090,Blue,Charles Byrd,Darren Stewart,182.88,187.96,185,177.8,185.42,185,34,27,5.08,2.54,7,KO/TKO,1.0,1.0,1.0
3094,Blue,Roberto Sanchez,Jarred Brooks,160.02,157.48,125,167.64,167.64,125,32,25,-7.62,-10.16,7,,0.0,0.0,1.0
3098,Blue,Jake Ellenberger,Bryan Barberena,182.88,182.88,170,175.26,180.34,170,33,29,7.62,2.54,4,KO/TKO,1.0,1.0,1.0
3099,Blue,John Moraga,Deiveson Figueiredo,165.1,172.72,125,167.64,167.64,125,34,30,-2.54,5.08,4,KO/TKO,0.0,1.0,1.0
3109,Blue,Demetrious Johnson,Henry Cejudo,162.56,162.56,135,160.02,167.64,125,31,31,2.54,-5.08,0,S-DEC,1.0,0.0,
3110,Blue,Cub Swanson,Renato Moicano,180.34,182.88,145,172.72,177.8,145,34,29,7.62,5.08,5,SUB,1.0,1.0,1.0
3111,Blue,Polyana Viana,JJ Aldrich,165.1,170.18,125,165.1,170.18,115,26,25,0.0,0.0,1,U-DEC,,,1.0
3116,Blue,Matt Sayles,Sheymon Moraes,172.72,182.88,145,170.18,172.72,145,24,27,2.54,10.16,-3,U-DEC,1.0,1.0,0.0
3118,Blue,Danielle Taylor,Weili Zhang,162.56,160.0,115,152.4,152.4,115,28,28,10.16,7.6,0,U-DEC,1.0,1.0,
3120,Blue,Eddie Alvarez,Dustin Poirier,175.26,182.88,155,175.26,175.26,155,34,29,0.0,7.62,5,KO/TKO,,1.0,1.0
3126,Blue,Kajan Johnson,Islam Makhachev,177.8,177.8,155,180.34,190.5,155,34,26,-2.54,-12.7,8,SUB,0.0,0.0,1.0
3127,Blue,Gadzhimurad Antigulov,Ion Cutelaba,185.42,190.5,205,180.34,177.8,205,31,24,5.08,12.7,7,KO/TKO,1.0,1.0,1.0
3129,Blue,Alexis Davis,Katlyn Chookagian,175.26,172.72,125,167.64,172.72,125,33,29,7.62,0.0,4,U-DEC,1.0,,1.0
3131,Blue,Randa Markos,Nina Ansaroff,165.1,162.56,115,162.56,160.02,115,32,32,2.54,2.54,0,U-DEC,1.0,1.0,
3133,Blue,Mauricio Rua,Anthony Smith,193.04,193.04,205,185.42,193.04,205,36,29,7.62,0.0,7,KO/TKO,1.0,,1.0
3134,Blue,Glover Teixeira,Corey Anderson,190.5,200.66,205,187.96,193.04,205,38,28,2.54,7.62,10,U-DEC,1.0,1.0,1.0
3135,Blue,Vitor Miranda,Abu Azaitar,175.26,193.04,185,185.42,195.58,185,39,32,-10.16,-2.54,7,U-DEC,0.0,0.0,1.0
3139,Blue,Nick Hein,Damir Hadzovic,175.26,177.8,155,167.64,167.64,155,34,31,7.62,10.16,3,S-DEC,1.0,1.0,1.0
3140,Blue,Emil Meek,Bartosz Fabinski,182.88,190.5,170,180.34,187.96,170,29,32,2.54,2.54,-3,U-DEC,1.0,1.0,0.0
3141,Blue,Khalid Taha,Nad Narimani,172.72,177.8,145,165.1,175.26,135,26,31,7.62,2.54,-5,U-DEC,1.0,1.0,0.0
3142,Blue,Justin Ledet,Aleksandar Rakic,193.04,198.12,205,193.04,203.2,205,29,26,0.0,-5.08,3,U-DEC,,0.0,1.0
3143,Blue,Davey Grant,Manny Bermudez,177.8,180.34,135,172.72,175.26,135,32,24,5.08,5.08,8,SUB,1.0,1.0,1.0
3144,Blue,Jeremy Kimball,Darko Stosic,182.88,193.04,205,182.88,182.88,205,27,26,0.0,10.16,1,KO/TKO,,1.0,1.0
3145,Blue,Damian Stasiak,Liu Pingyuan,167.64,182.88,135,165.1,177.8,135,28,25,2.54,5.08,3,U-DEC,1.0,1.0,1.0
3148,Blue,Dennis Bermudez,Rick Glenn,182.88,177.8,145,167.64,167.64,155,31,29,15.24,10.16,2,S-DEC,1.0,1.0,1.0
3149,Blue,Randy Brown,Niko Price,182.88,193.04,170,190.5,198.12,170,28,28,-7.62,-5.08,0,KO/TKO,0.0,0.0,
3150,Blue,Myles Jury,Chad Mendes,167.64,167.64,145,177.8,185.42,145,29,33,-10.16,-17.78,-4,KO/TKO,0.0,0.0,0.0
3152,Blue,Eddie Wineland,Alejandro Perez,167.64,170.18,135,170.18,175.26,135,34,28,-2.54,-5.08,6,U-DEC,0.0,0.0,1.0
3153,Blue,Darren Elkins,Alexander Volkanovski,167.64,180.34,145,177.8,180.34,145,34,29,-10.16,0.0,5,U-DEC,0.0,,1.0
3154,Blue,Justin Scoggins,Said Nurmagomedov,172.72,177.8,135,170.18,167.64,125,26,26,2.54,10.16,0,S-DEC,1.0,1.0,
3155,Blue,Kurt Holobaugh,Raoni Barcelos,170.18,170.18,135,180.34,177.8,155,31,31,-10.16,-7.62,0,KO/TKO,0.0,0.0,
3159,Blue,Stipe Miocic,Daniel Cormier,180.34,182.88,235,193.04,203.2,240,35,39,-12.7,-20.32,-4,KO/TKO,0.0,0.0,0.0
3160,Blue,Francis Ngannou,Derrick Lewis,190.5,200.66,260,193.04,210.82,250,31,33,-2.54,-10.16,-2,U-DEC,0.0,0.0,0.0
3161,Blue,Paul Felder,Mike Perry,177.8,180.34,170,180.34,177.8,155,34,26,-2.54,2.54,8,S-DEC,0.0,1.0,1.0
3162,Blue,Michael Chiesa,Anthony Pettis,177.8,182.88,170,185.42,190.5,170,30,31,-7.62,-7.62,-1,SUB,0.0,0.0,0.0
3163,Blue,Gokhan Saki,Khalil Rountree Jr.,185.42,193.04,205,182.88,185.42,205,34,28,2.54,7.62,6,KO/TKO,1.0,1.0,1.0
3164,Blue,Uriah Hall,Paulo Costa,185.42,182.88,185,182.88,200.66,185,33,27,2.54,-17.78,6,KO/TKO,1.0,0.0,1.0
3166,Blue,Lando Vannata,Drakkar Klose,175.26,177.8,155,175.26,180.34,155,26,30,0.0,-2.54,-4,U-DEC,,0.0,0.0
3169,Blue,Jamie Moyle,Emily Whitmire,165.1,160.02,115,154.94,165.1,115,29,27,10.16,-5.08,2,U-DEC,1.0,0.0,1.0
3170,Blue,Brad Tavares,Israel Adesanya,193.04,203.2,185,185.42,187.96,185,30,28,7.62,15.24,2,U-DEC,1.0,1.0,1.0
3172,Blue,Jay Cucciniello,Brad Katona,167.64,162.56,135,170.18,173.0,155,31,26,-2.54,-10.44,5,U-DEC,0.0,0.0,1.0
3179,Blue,Tyler Diamond,Bryce Mitchell,177.8,178.0,145,170.18,175.26,145,27,23,7.62,2.74,4,M-DEC,1.0,1.0,1.0
3180,Blue,Matt Bessette,Steven Peterson,177.8,177.8,145,177.8,177.8,145,33,28,0.0,0.0,5,S-DEC,,,1.0
3182,Blue,Donald Cerrone,Leon Edwards,182.88,187.96,170,185.42,185.42,155,35,26,-2.54,2.54,9,U-DEC,0.0,1.0,1.0
3184,Blue,Jessica-Rose Clark,Jessica Eye,167.64,167.64,125,165.1,162.56,125,30,31,2.54,5.08,-1,U-DEC,1.0,1.0,0.0
3186,Blue,Teruto Ishihara,Petr Yan,170.18,170.18,135,170.18,175.26,135,26,25,0.0,-5.08,1,KO/TKO,,0.0,1.0
3187,Blue,Felipe Arantes,Song Yadong,172.72,170.18,135,172.72,185.42,135,30,20,0.0,-15.24,10,KO/TKO,,0.0,1.0
3188,Blue,Rolando Dy,Shane Young,172.72,182.88,145,172.72,175.26,145,27,24,0.0,7.62,3,KO/TKO,,1.0,1.0
3190,Blue,Shinsho Anzai,Jake Matthews,180.34,185.42,170,170.18,177.8,170,32,23,10.16,7.62,9,SUB,1.0,1.0,1.0
3191,Blue,Viviane Pereira,Yan Xiaonan,165.1,160.02,115,154.94,160.02,115,24,29,10.16,0.0,-5,,1.0,,0.0
3193,Blue,Jenel Lausa,Ulka Sasaki,177.8,180.34,125,165.1,172.72,125,29,28,12.7,7.62,1,,1.0,1.0,1.0
3196,Blue,Rafael Dos Anjos,Colby Covington,180.34,182.88,170,172.72,177.8,170,33,30,7.62,5.08,3,U-DEC,1.0,1.0,1.0
3198,Blue,Andrei Arlovski,Tai Tuivasa,187.96,190.5,264,190.5,195.58,240,39,25,-2.54,-5.08,14,U-DEC,0.0,0.0,1.0
3199,Blue,CM Punk,Mike Jackson,187.96,188.0,170,185.42,185.42,170,39,33,2.54,2.58,6,U-DEC,1.0,1.0,1.0
3200,Blue,Alistair Overeem,Curtis Blaydes,193.04,203.2,265,193.04,203.2,265,38,27,0.0,0.0,11,KO/TKO,,,1.0
3202,Blue,Ricardo Lamas,Mirsad Bektic,172.72,177.8,145,172.72,180.34,145,36,27,0.0,-2.54,9,S-DEC,,0.0,1.0
3203,Blue,Rashad Coulter,Chris de la Rocha,190.5,203.2,250,180.34,193.04,205,36,39,10.16,10.16,-3,KO/TKO,1.0,1.0,0.0
3204,Blue,Rashad Evans,Anthony Smith,193.04,193.04,205,182.88,190.5,205,38,29,10.16,2.54,9,KO/TKO,1.0,1.0,1.0
3205,Blue,Joseph Benavidez,Sergio Pettis,167.64,175.26,135,162.56,165.1,125,33,24,5.08,10.16,9,S-DEC,1.0,1.0,1.0
3206,Blue,Clay Guida,Charles Oliveira,177.8,187.96,155,170.18,177.8,155,36,28,7.62,10.16,8,SUB,1.0,1.0,1.0
3207,Blue,Mike Santiago,Dan Ige,170.18,180.34,145,177.8,175.26,145,28,26,-7.62,5.08,2,KO/TKO,0.0,1.0,1.0
3208,Blue,Jimmie Rivera,Marlon Moraes,167.64,170.18,135,162.56,172.72,135,28,30,5.08,-2.54,-2,KO/TKO,1.0,0.0,0.0
3211,Blue,Jake Ellenberger,Ben Saunders,187.96,195.58,170,175.26,180.34,170,33,35,12.7,15.24,-2,KO/TKO,1.0,1.0,0.0
3213,Blue,Gian Villante,Sam Alvey,187.96,190.5,205,190.5,193.04,205,32,32,-2.54,-2.54,0,S-DEC,0.0,0.0,
3215,Blue,Nik Lentz,David Teymur,175.26,185.42,155,172.72,172.72,155,33,29,2.54,12.7,4,U-DEC,1.0,1.0,1.0
3218,Blue,Johnny Eduardo,Nathaniel Wood,167.64,175.26,135,170.18,180.34,135,39,25,-2.54,-5.08,14,SUB,0.0,0.0,1.0
3219,Blue,Jarred Brooks,Jose Torres,162.56,165.1,125,160.02,157.48,125,25,25,2.54,7.62,0,KO/TKO,1.0,1.0,
3220,Blue,Stephen Thompson,Darren Till,182.88,187.96,170,182.88,190.5,170,35,25,0.0,-2.54,10,U-DEC,,0.0,1.0
3223,Blue,Jason Knight,Makwan Amirkhani,177.8,182.88,145,177.8,180.34,145,25,29,0.0,2.54,-4,S-DEC,,1.0,0.0
3225,Blue,Eric Spicely,Darren Stewart,182.88,187.96,185,185.42,185.42,185,31,27,-2.54,2.54,4,KO/TKO,0.0,1.0,1.0
3226,Blue,Daniel Kelly,Tom Breese,190.5,185.42,185,182.88,177.8,185,40,26,7.62,7.62,14,KO/TKO,1.0,1.0,1.0
3228,Blue,Bradley Scott,Carlo Pedersoli,180.34,190.5,170,185.42,193.04,170,28,24,-5.08,-2.54,4,,0.0,0.0,1.0
3231,Blue,Demian Maia,Kamaru Usman,182.88,193.04,170,185.42,182.88,170,40,31,-2.54,10.16,9,U-DEC,0.0,1.0,1.0
3232,Blue,Alexa Grasso,Tatiana Suarez,165.1,167.64,115,165.1,167.64,115,24,27,0.0,0.0,-3,SUB,,,0.0
3233,Blue,Jared Cannonier,Dominick Reyes,193.04,195.58,205,180.34,195.58,185,34,28,12.7,0.0,6,KO/TKO,1.0,,1.0
3234,Blue,Diego Rivas,Guido Cannetti,167.64,172.72,135,172.72,175.26,145,26,38,-5.08,-2.54,-12,U-DEC,0.0,0.0,0.0
3235,Blue,Veronica Macedo,Andrea Lee,167.64,175.26,125,162.56,162.56,125,22,29,5.08,12.7,-7,U-DEC,1.0,1.0,0.0
3237,Blue,Zak Cummings,Michel Prazeres,167.64,170.18,170,182.88,190.5,185,33,36,-15.24,-20.32,-3,S-DEC,0.0,0.0,0.0
3238,Blue,Brandon Moreno,Alexandre Pantoja,165.1,170.18,125,170.18,177.8,125,24,28,-5.08,-7.62,-4,U-DEC,0.0,0.0,0.0
3242,Blue,Henry Briones,Frankie Saenz,167.64,167.64,135,172.72,175.26,135,37,37,-5.08,-7.62,0,U-DEC,0.0,0.0,
3245,Blue,Jacare Souza,Kelvin Gastelum,175.26,180.34,185,185.42,182.88,185,38,26,-10.16,-2.54,12,S-DEC,0.0,0.0,1.0
3248,Blue,Vitor Belfort,Lyoto Machida,185.42,187.96,185,182.88,187.96,185,41,39,2.54,0.0,2,KO/TKO,1.0,,1.0
3254,Blue,Thales Leites,Jack Hermansson,185.42,195.58,185,185.42,198.12,185,36,29,0.0,-2.54,7,KO/TKO,,0.0,1.0
3255,Blue,Alberto Mina,Ramazan Emeev,177.8,193.04,170,182.88,195.58,170,36,30,-5.08,-2.54,6,U-DEC,0.0,0.0,1.0
3257,Blue,Edson Barboza,Kevin Lee,175.26,195.58,170,180.34,190.5,155,32,25,-5.08,5.08,7,KO/TKO,0.0,1.0,1.0
3262,Blue,Jim Miller,Dan Hooker,182.88,190.5,155,172.72,180.34,155,34,28,10.16,10.16,6,KO/TKO,1.0,1.0,1.0
3264,Blue,Merab Dvalishvili,Ricky Simon,167.64,175.26,135,167.64,172.72,135,27,25,0.0,2.54,2,KO/TKO,,1.0,1.0
3269,Blue,Carlos Condit,Alex Oliveira,180.34,193.04,170,187.96,190.5,170,33,30,-7.62,2.54,3,SUB,0.0,1.0,1.0
3272,Blue,Tim Boetsch,Antonio Carlos Junior,187.96,200.66,185,182.88,187.96,185,37,28,5.08,12.7,9,SUB,1.0,1.0,1.0
3274,Blue,Wilson Reis,John Moraga,167.64,167.64,125,162.56,165.1,125,33,34,5.08,2.54,-1,U-DEC,1.0,1.0,0.0
3275,Blue,Krzysztof Jotko,Brad Tavares,185.42,187.96,185,185.42,195.58,185,28,30,0.0,-7.62,-2,KO/TKO,,0.0,0.0
3277,Blue,Shana Dobson,Lauren Mueller,165.1,170.18,125,167.64,175.26,125,29,26,-2.54,-5.08,3,U-DEC,0.0,0.0,1.0
3278,Blue,Dhiego Lima,Yushin Okami,187.96,190.5,170,187.96,187.96,170,29,36,0.0,2.54,-7,U-DEC,,1.0,0.0
3279,Blue,Arjan Bhullar,Adam Wieczorek,195.58,205.74,250,185.42,190.5,245,31,26,10.16,15.24,5,SUB,1.0,1.0,1.0
3280,Blue,Matthew Lopez,Alejandro Perez,167.64,170.18,135,170.18,175.26,135,31,28,-2.54,-5.08,3,KO/TKO,0.0,0.0,1.0
3286,Blue,Joe Lauzon,Chris Gruetzemacher,172.72,172.72,155,177.8,180.34,155,33,31,-5.08,-7.62,2,KO/TKO,0.0,0.0,1.0
3288,Blue,Evan Dunham,Olivier Aubin-Mercier,175.26,177.8,155,177.8,177.8,155,36,29,-2.54,0.0,7,KO/TKO,0.0,,1.0
3289,Blue,Bec Rawlings,Ashlee Evans-Smith,172.72,170.18,125,167.64,162.56,125,29,30,5.08,7.62,-1,U-DEC,1.0,1.0,0.0
3291,Blue,Fabricio Werdum,Alexander Volkov,200.66,203.2,250,193.04,195.58,231,40,29,7.62,7.62,11,KO/TKO,1.0,1.0,1.0
3292,Blue,Jimi Manuwa,Jan Blachowicz,187.96,198.12,205,185.42,200.66,205,38,35,2.54,-2.54,3,U-DEC,1.0,0.0,1.0
3295,Blue,John Phillips,Charles Byrd,177.8,185.42,185,180.34,190.5,185,32,34,-2.54,-5.08,-2,SUB,0.0,0.0,0.0
3299,Blue,Stevie Ray,Kajan Johnson,180.34,190.5,155,177.8,177.8,155,27,33,2.54,12.7,-6,S-DEC,1.0,1.0,0.0
3300,Blue,Mark Godbeer,Dmitry Sosnovskiy,190.5,195.58,240,193.04,195.58,240,34,28,-2.54,0.0,6,SUB,0.0,,1.0
3302,Blue,Frankie Edgar,Brian Ortega,172.72,175.26,145,167.64,172.72,145,36,27,5.08,2.54,9,KO/TKO,1.0,1.0,1.0
3304,Blue,Stefan Struve,Andrei Arlovski,190.5,195.58,240,210.82,213.36,265,30,39,-20.32,-17.78,-9,U-DEC,0.0,0.0,0.0
3305,Blue,Cat Zingano,Ketlen Vieira,172.72,172.72,135,167.64,172.72,145,35,26,5.08,0.0,9,S-DEC,1.0,,1.0
3306,Blue,Ashley Yoder,Mackenzie Dern,162.56,160.02,115,170.18,175.26,115,30,24,-7.62,-15.24,6,S-DEC,0.0,0.0,1.0
3307,Blue,Beneil Dariush,Alexander Hernandez,175.26,182.88,155,177.8,182.88,155,28,25,-2.54,0.0,3,KO/TKO,0.0,,1.0
3310,Blue,Mike Pyle,Zak Ottow,180.34,182.88,170,182.88,187.96,170,42,31,-2.54,-5.08,11,KO/TKO,0.0,0.0,1.0
3311,Blue,Bryan Caraway,Cody Stamann,167.64,162.56,135,172.72,172.72,135,33,28,-5.08,-10.16,5,S-DEC,0.0,0.0,1.0
3313,Blue,Josh Emmett,Jeremy Stephens,172.72,180.34,145,167.64,177.8,145,32,31,5.08,2.54,1,KO/TKO,1.0,1.0,1.0
3315,Blue,Ovince Saint Preux,Ilir Latifi,177.8,185.42,205,190.5,203.2,205,34,34,-12.7,-17.78,0,SUB,0.0,0.0,
3316,Blue,Mike Perry,Max Griffin,180.34,193.04,170,177.8,180.34,170,26,32,2.54,12.7,-6,U-DEC,1.0,1.0,0.0
3317,Blue,Renan Barao,Brian Kelleher,167.64,167.64,135,167.64,177.8,135,31,31,0.0,-10.16,0,U-DEC,,0.0,
3318,Blue,Sara McMann,Marion Reneau,167.64,172.72,135,167.64,167.64,135,37,40,0.0,5.08,-3,SUB,,1.0,0.0
3319,Blue,Maryna Moroz,Angela Hill,160.02,162.56,115,170.18,170.18,125,26,33,-10.16,-7.62,-7,U-DEC,0.0,0.0,0.0
3320,Blue,Ben Saunders,Alan Jouban,182.88,185.42,170,187.96,195.58,170,34,36,-5.08,-10.16,-2,KO/TKO,0.0,0.0,0.0
3323,Blue,Eric Shelton,Alex Perez,167.64,165.1,135,167.64,172.72,125,27,25,0.0,-7.62,2,U-DEC,,0.0,1.0
3324,Blue,Albert Morales,Manny Bermudez,177.8,180.34,135,175.26,182.88,135,26,23,2.54,-2.54,3,SUB,1.0,0.0,1.0
3328,Blue,Thiago Alves,Curtis Millender,187.96,193.04,170,175.26,177.8,170,34,30,12.7,15.24,4,KO/TKO,1.0,1.0,1.0
3329,Blue,Steven Peterson,Brandon Davis,177.8,182.88,135,177.8,177.8,145,27,27,0.0,5.08,0,U-DEC,,1.0,
3331,Blue,Jared Gordon,Diego Ferreira,175.26,187.96,155,175.26,172.72,155,29,33,0.0,15.24,-4,KO/TKO,,1.0,0.0
3334,Blue,Sarah Moras,Lucie Pudilova,172.72,170.18,125,170.18,170.18,135,29,23,2.54,0.0,6,U-DEC,1.0,,1.0
3335,Blue,Joshua Burkman,Alex Morono,180.34,182.88,170,177.8,182.88,170,37,27,2.54,0.0,10,SUB,1.0,,1.0
3338,Blue,Mark Hunt,Curtis Blaydes,193.04,203.2,265,177.8,182.88,265,43,26,15.24,20.32,17,U-DEC,1.0,1.0,1.0
3342,Blue,Damien Brown,Dong Hyun Ma,180.34,177.8,155,177.8,172.72,155,33,29,2.54,5.08,4,S-DEC,1.0,1.0,1.0
3343,Blue,Rob Wilkinson,Israel Adesanya,193.04,203.2,185,190.5,203.2,185,25,28,2.54,0.0,-3,KO/TKO,1.0,,0.0
3347,Blue,Teruto Ishihara,Jose Quinonez,172.72,175.26,135,170.18,175.26,135,26,27,2.54,0.0,-1,U-DEC,1.0,,0.0
3357,Blue,Maia Stevenson,Polyana Viana,165.1,170.18,115,162.56,157.48,115,35,25,2.54,12.7,10,SUB,1.0,1.0,1.0
3361,Blue,Dennis Bermudez,Andre Fili,180.34,187.96,145,167.64,167.64,155,31,27,12.7,20.32,4,S-DEC,1.0,1.0,1.0
3362,Blue,Jordan Rinaldi,Gregor Gillespie,170.18,180.34,155,177.8,182.88,145,30,31,-7.62,-2.54,-1,KO/TKO,0.0,0.0,0.0
3364,Blue,Erik Koch,Bobby Green,177.8,180.34,155,177.8,180.34,155,29,31,0.0,0.0,-2,U-DEC,,,0.0
3368,Blue,Justine Kish,Ji Yeon Kim,170.18,182.88,125,165.1,162.56,125,29,28,5.08,20.32,1,S-DEC,1.0,1.0,1.0
3371,Blue,Austin Arnett,Cory Sandhagen,180.34,177.8,135,182.88,182.88,145,26,25,-2.54,-5.08,1,KO/TKO,0.0,0.0,1.0
3376,Blue,Thomas Almeida,Rob Font,172.72,180.34,135,170.18,177.8,135,26,30,2.54,2.54,-4,KO/TKO,1.0,1.0,0.0
3378,Blue,Sabah Homasi,Abdul Razak Alhassan,177.8,185.42,170,182.88,182.88,170,29,32,-5.08,2.54,-3,KO/TKO,0.0,1.0,0.0
3380,Blue,Dan Ige,Julio Arce,170.18,177.8,145,170.18,180.34,145,26,28,0.0,-2.54,-2,U-DEC,,0.0,0.0
3381,Blue,Matt Bessette,Enrique Barzola,170.18,177.8,145,177.8,177.8,145,33,28,-7.62,0.0,5,U-DEC,0.0,,1.0
3384,Blue,Paige VanZant,Jessica-Rose Clark,165.1,162.56,125,162.56,165.1,115,23,30,2.54,-2.54,-7,U-DEC,1.0,0.0,0.0
3388,Blue,Matt Frevola,Polo Reyes,180.34,180.34,155,175.26,180.34,155,27,33,5.08,0.0,-6,,1.0,,0.0
3389,Blue,Talita Bernardo,Irene Aldana,175.26,172.72,135,162.56,172.72,135,30,29,12.7,0.0,1,U-DEC,1.0,,1.0
3391,Blue,Kalindra Faria,Jessica Eye,167.64,167.64,125,170.18,157.0,125,31,31,-2.54,10.64,0,S-DEC,0.0,1.0,
3392,Blue,Danielle Taylor,JJ Aldrich,165.1,170.18,125,152.4,152.4,115,28,25,12.7,17.78,3,U-DEC,1.0,1.0,1.0
3397,Blue,Cynthia Calvillo,Carla Esparza,154.94,160.02,115,162.56,162.56,115,30,30,-7.62,-2.54,0,U-DEC,0.0,0.0,
3398,Blue,Carlos Condit,Neil Magny,190.5,203.2,170,187.96,190.5,170,33,30,2.54,12.7,3,U-DEC,1.0,1.0,1.0
3400,Blue,Louis Smolka,Matheus Nicolau,167.64,167.64,125,175.26,172.72,135,26,24,-7.62,-5.08,2,,0.0,0.0,1.0
3402,Blue,Robbie Lawler,Rafael Dos Anjos,172.72,177.8,170,180.34,187.96,170,35,33,-7.62,-10.16,2,U-DEC,0.0,0.0,1.0
3403,Blue,Ricardo Lamas,Josh Emmett,167.64,177.8,145,172.72,180.34,145,35,32,-5.08,-2.54,3,KO/TKO,0.0,0.0,1.0
3406,Blue,Jared Cannonier,Jan Blachowicz,187.96,198.12,205,180.34,195.58,185,33,34,7.62,2.54,-1,U-DEC,1.0,1.0,0.0
3413,Blue,Cub Swanson,Brian Ortega,172.72,175.26,145,172.72,177.8,145,34,26,0.0,-2.54,8,SUB,,0.0,1.0
3414,Blue,Jason Knight,Gabriel Benitez,172.72,180.34,145,177.8,180.34,145,25,29,-5.08,0.0,-4,U-DEC,0.0,,0.0
3418,Blue,Albert Morales,Benito Lopez,177.8,185.42,135,175.26,182.88,135,26,23,2.54,2.54,3,U-DEC,1.0,1.0,1.0
3420,Blue,Luke Sanders,Andre Soukhamthath,175.26,177.8,135,167.64,170.18,135,31,29,7.62,7.62,2,KO/TKO,1.0,1.0,1.0
3421,Blue,Carls John De Tomas,Alex Perez,167.64,165.1,135,165.1,180.34,125,21,25,2.54,-15.24,-4,SUB,1.0,0.0,0.0
3424,Blue,Chris Gruetzemacher,Davi Ramos,167.64,177.8,155,172.72,172.72,155,31,31,-5.08,5.08,0,SUB,0.0,1.0,
3425,Blue,Antonio Braga Neto,Trevin Giles,182.88,187.96,185,190.5,195.58,185,30,25,-7.62,-7.62,5,KO/TKO,0.0,0.0,1.0
3427,Blue,Alistair Overeem,Francis Ngannou,193.04,210.82,250,193.04,203.2,265,37,31,0.0,7.62,6,KO/TKO,,1.0,1.0
3431,Blue,Charles Oliveira,Paul Felder,180.34,177.8,155,177.8,187.96,155,28,33,2.54,-10.16,-5,KO/TKO,1.0,0.0,0.0
3432,Blue,Alex Oliveira,Yancy Medeiros,177.8,190.5,155,180.34,193.04,170,29,30,-2.54,-2.54,-1,KO/TKO,0.0,0.0,0.0
3436,Blue,Sabah Homasi,Abdul Razak Alhassan,177.8,185.42,170,182.88,182.88,170,29,32,-5.08,2.54,-3,KO/TKO,0.0,1.0,0.0
3437,Blue,Jeremy Kimball,Dominick Reyes,193.04,195.58,205,182.88,182.88,205,26,27,10.16,12.7,-1,SUB,1.0,1.0,0.0
3441,Blue,Barb Honchak,Lauren Murphy,170.18,170.18,125,162.56,165.1,125,38,34,7.62,5.08,4,S-DEC,1.0,1.0,1.0
3442,Blue,Eric Spicely,Gerald Meerschaert,185.42,195.58,185,185.42,185.42,185,31,29,0.0,10.16,2,KO/TKO,,1.0,1.0
3443,Blue,Joe Soto,Brett Johns,170.18,180.34,135,167.64,165.1,135,30,25,2.54,15.24,5,SUB,1.0,1.0,1.0
3444,Blue,Christina Marks,Montana De La Rosa,170.18,172.72,125,170.18,175.26,125,32,22,0.0,-2.54,10,SUB,,0.0,1.0
3445,Blue,Andrew Sanchez,Ryan Janes,190.5,193.04,185,185.42,187.96,185,29,36,5.08,5.08,-7,KO/TKO,1.0,1.0,0.0
3446,Blue,Karine Gevorgyan,Rachael Ostovich,160.02,157.48,125,162.56,160.02,125,28,26,-2.54,-2.54,2,SUB,0.0,0.0,1.0
3447,Blue,Ariel Beck,Shana Dobson,167.64,175.26,125,167.64,167.64,125,27,28,0.0,7.62,-1,KO/TKO,,1.0,0.0
3449,Blue,Michael Bisping,Kelvin Gastelum,175.26,180.34,185,185.42,190.5,185,38,26,-10.16,-10.16,12,KO/TKO,0.0,0.0,1.0
3452,Blue,Muslim Salikhov,Alex Garcia,175.26,182.88,170,180.34,177.8,170,33,30,-5.08,5.08,3,SUB,0.0,1.0,1.0
3455,Blue,Kailin Curran,Yan Xiaonan,165.1,160.02,115,162.56,165.1,115,26,28,2.54,-5.08,-2,,1.0,0.0,0.0
3457,Blue,Chase Sherman,Shamil Abdurakhimov,190.5,193.04,235,193.04,198.12,250,28,36,-2.54,-5.08,-8,KO/TKO,0.0,0.0,0.0
3458,Blue,Wu Yanan,Gina Mazany,167.64,172.72,135,172.72,167.64,125,21,29,-5.08,5.08,-8,,0.0,1.0,0.0
3459,Blue,Wuliji Buren,Rolando Dy,172.72,175.26,145,175.26,175.26,135,28,27,-2.54,0.0,1,U-DEC,0.0,,1.0
3462,Blue,Bec Rawlings,Jessica-Rose Clark,165.1,162.56,125,167.64,162.56,125,28,29,-2.54,0.0,-1,S-DEC,0.0,,0.0
3463,Blue,Tim Means,Belal Muhammad,180.34,182.88,170,187.96,190.5,170,33,29,-7.62,-7.62,4,S-DEC,0.0,0.0,1.0
3469,Blue,Rashad Coulter,Tai Tuivasa,187.96,190.5,264,180.34,193.04,205,35,24,7.62,-2.54,11,KO/TKO,1.0,0.0,1.0
3470,Blue,Damien Brown,Frank Camacho,177.8,185.42,170,177.8,172.72,155,32,28,0.0,12.7,4,S-DEC,,1.0,1.0
3471,Blue,Alex Chambers,Nadia Kassem,165.1,167.64,125,160.02,160.02,115,39,22,5.08,7.62,17,U-DEC,1.0,1.0,1.0
3472,Blue,Jenel Lausa,Eric Shelton,167.64,172.72,125,165.1,172.72,125,29,26,2.54,0.0,3,U-DEC,1.0,,1.0
3473,Blue,Anthony Hamilton,Adam Wieczorek,195.58,205.74,250,195.58,193.04,260,37,25,0.0,12.7,12,U-DEC,,1.0,1.0
3476,Blue,Junior Albini,Andrei Arlovski,190.5,195.58,240,190.5,187.96,264,26,38,0.0,7.62,-12,U-DEC,,1.0,0.0
3477,Blue,Nate Marquardt,Cezar Ferreira,185.42,198.12,185,182.88,187.96,185,38,32,2.54,10.16,6,S-DEC,1.0,1.0,1.0
3479,Blue,Joe Lauzon,Clay Guida,170.18,177.8,155,177.8,180.34,155,33,35,-7.62,-2.54,-2,KO/TKO,0.0,0.0,0.0
3480,Blue,John Dodson,Marlon Moraes,167.64,170.18,135,160.02,167.64,135,33,29,7.62,2.54,4,S-DEC,1.0,1.0,1.0
3483,Blue,Angela Hill,Nina Ansaroff,165.1,162.56,115,160.02,162.56,115,32,31,5.08,0.0,1,U-DEC,1.0,,1.0
3484,Blue,Court McGee,Sean Strickland,185.42,193.04,170,180.34,190.5,170,32,26,5.08,2.54,6,U-DEC,1.0,1.0,1.0
3486,Blue,Darren Stewart,Karl Roberson,185.42,187.96,205,182.88,187.96,185,26,27,2.54,0.0,-1,SUB,1.0,,0.0
3487,Blue,Michael Bisping,Georges St-Pierre,180.34,193.04,185,185.42,190.5,185,38,36,-5.08,2.54,2,SUB,0.0,1.0,1.0
3488,Blue,Cody Garbrandt,TJ Dillashaw,167.64,170.18,125,172.72,165.1,135,26,31,-5.08,5.08,-5,KO/TKO,0.0,1.0,0.0
3489,Blue,Joanna Jedrzejczyk,Rose Namajunas,165.1,165.1,115,167.64,165.1,125,30,25,-2.54,0.0,5,KO/TKO,0.0,,1.0
3491,Blue,Johny Hendricks,Paulo Costa,185.42,182.88,185,175.26,175.26,185,34,26,10.16,7.62,8,KO/TKO,1.0,1.0,1.0
3493,Blue,Walt Harris,Mark Godbeer,193.04,195.58,240,195.58,195.58,250,34,33,-2.54,0.0,1,DQ,0.0,,1.0
3496,Blue,Aleksei Oleinik,Curtis Blaydes,193.04,203.2,265,187.96,203.2,240,40,26,5.08,0.0,14,KO/TKO,1.0,,1.0
3497,Blue,Aiemann Zahabi,Ricardo Ramos,175.26,182.88,135,172.72,172.72,135,29,22,2.54,10.16,7,KO/TKO,1.0,1.0,1.0
3499,Blue,Demian Maia,Colby Covington,180.34,182.88,170,185.42,182.88,170,39,29,-5.08,0.0,10,U-DEC,0.0,,1.0
3506,Blue,Hacran Dias,Jared Gordon,175.26,172.72,155,172.72,175.26,155,33,29,2.54,-2.54,4,U-DEC,1.0,0.0,1.0
3510,Blue,Donald Cerrone,Darren Till,182.88,187.96,170,185.42,185.42,155,34,24,-2.54,2.54,10,KO/TKO,0.0,1.0,1.0
3515,Blue,Damian Stasiak,Brian Kelleher,167.64,167.64,135,165.1,177.8,135,27,31,2.54,-10.16,-4,KO/TKO,1.0,0.0,0.0
3516,Blue,Sam Alvey,Ramazan Emeev,177.8,193.04,170,187.96,190.5,205,31,30,-10.16,2.54,1,U-DEC,0.0,1.0,1.0
3517,Blue,Artem Lobov,Andre Fili,180.34,187.96,145,175.26,165.1,145,31,27,5.08,22.86,4,U-DEC,1.0,1.0,1.0
3518,Blue,Salim Touahri,Warlley Alves,180.34,182.88,170,177.8,182.88,170,28,26,2.54,0.0,2,U-DEC,1.0,,1.0
3519,Blue,Lina Lansberg,Aspen Ladd,167.64,167.64,135,170.18,165.1,135,35,22,-2.54,2.54,13,KO/TKO,0.0,1.0,1.0
3520,Blue,Felipe Arantes,Josh Emmett,167.64,177.8,145,172.72,185.42,135,29,32,-5.08,-7.62,-3,U-DEC,0.0,0.0,0.0
3525,Blue,Tom Duquesnoy,Cody Stamann,167.64,162.56,135,170.18,172.72,135,24,27,-2.54,-10.16,-3,S-DEC,0.0,0.0,0.0
3526,Blue,Pearl Gonzalez,Poliana Botelho,172.72,170.18,115,162.56,172.72,115,31,28,10.16,-2.54,3,U-DEC,1.0,0.0,1.0
3529,Blue,Thales Leites,Brad Tavares,185.42,187.96,185,185.42,198.12,185,36,29,0.0,-10.16,7,U-DEC,,0.0,1.0
3531,Blue,Claudia Gadelha,Jessica Andrade,154.94,157.48,115,162.56,160.02,115,28,25,-7.62,-2.54,3,U-DEC,0.0,0.0,1.0
3532,Blue,Takanori Gomi,Dong Hyun Ma,180.34,177.8,155,170.18,177.8,155,39,29,10.16,0.0,10,KO/TKO,1.0,,1.0
3542,Blue,Hector Lombard,Anthony Smith,193.04,193.04,205,175.26,180.34,185,39,29,17.78,12.7,10,KO/TKO,1.0,1.0,1.0
3546,Blue,Anthony Rocco Martin,Olivier Aubin-Mercier,175.26,177.8,155,182.88,185.42,170,27,28,-7.62,-7.62,-1,S-DEC,0.0,0.0,0.0
3547,Blue,Anthony Hamilton,Daniel Spitz,200.66,208.28,245,195.58,193.04,260,37,27,5.08,15.24,10,KO/TKO,1.0,1.0,1.0
3548,Blue,Krzysztof Jotko,Uriah Hall,182.88,200.66,185,185.42,195.58,185,28,33,-2.54,5.08,-5,KO/TKO,0.0,1.0,0.0
3549,Blue,Jason Saggo,Gilbert Burns,177.8,180.34,155,180.34,180.34,155,31,31,-2.54,0.0,0,KO/TKO,0.0,,
3551,Blue,Neil Magny,Rafael Dos Anjos,172.72,177.8,170,190.5,203.2,170,30,32,-17.78,-25.4,-2,SUB,0.0,0.0,0.0
3555,Blue,Sara McMann,Ketlen Vieira,172.72,172.72,135,167.64,167.64,135,36,26,5.08,5.08,10,SUB,1.0,1.0,1.0
3557,Blue,Gavin Tucker,Rick Glenn,182.88,177.8,145,167.64,167.64,145,31,28,15.24,10.16,3,U-DEC,1.0,1.0,1.0
3558,Blue,Mitch Clarke,Alex White,182.88,180.34,155,177.8,185.42,155,31,28,5.08,-5.08,3,KO/TKO,1.0,0.0,1.0
3559,Blue,Luis Henrique,Arjan Bhullar,185.42,190.5,245,187.96,187.96,243,24,31,-2.54,2.54,-7,U-DEC,0.0,1.0,0.0
3569,Blue,Francimar Barroso,Aleksandar Rakic,193.04,198.12,205,185.42,190.5,205,37,25,7.62,7.62,12,U-DEC,1.0,1.0,1.0
3570,Blue,Mike Santiago,Zabit Magomedsharipov,185.42,185.42,145,177.8,175.26,145,28,26,7.62,10.16,2,SUB,1.0,1.0,1.0
3571,Blue,Bojan Mihajlovic,Abdul-Kerim Edilov,187.96,198.12,205,180.34,185.42,205,37,25,7.62,12.7,12,KO/TKO,1.0,1.0,1.0
3574,Blue,Randa Markos,Alexa Grasso,165.1,167.64,115,162.56,160.02,115,31,23,2.54,7.62,8,S-DEC,1.0,1.0,1.0
3575,Blue,Alan Jouban,Niko Price,182.88,193.04,170,182.88,185.42,170,35,27,0.0,7.62,8,KO/TKO,,1.0,1.0
3576,Blue,Martin Bravo,Humberto Bandenay,180.34,182.0,145,172.72,180.34,145,23,22,7.62,1.66,1,KO/TKO,1.0,1.0,1.0
3579,Blue,Bradley Scott,Jack Hermansson,185.42,195.58,185,185.42,193.04,170,28,29,0.0,2.54,-1,,,1.0,0.0
3581,Blue,Henry Briones,Rani Yahya,167.64,170.18,135,172.72,175.26,135,36,32,-5.08,-5.08,4,SUB,0.0,0.0,1.0
3584,Blue,Alvaro Herrera,Jordan Rinaldi,177.8,182.88,145,182.88,187.96,155,27,29,-5.08,-5.08,-2,,0.0,0.0,0.0
3588,Blue,Jimi Manuwa,Volkan Oezdemir,187.96,190.5,205,185.42,200.66,205,37,27,2.54,-10.16,10,KO/TKO,1.0,0.0,1.0
3592,Blue,Andre Fili,Calvin Kattar,180.34,182.88,145,180.34,187.96,145,27,29,0.0,-5.08,-2,U-DEC,,0.0,0.0
3593,Blue,Kailin Curran,Alexandra Albu,157.48,160.02,115,162.56,165.1,115,26,27,-5.08,-5.08,-1,,0.0,0.0,0.0
3594,Blue,Eric Shelton,Jarred Brooks,160.02,157.48,125,167.64,172.72,125,26,24,-7.62,-15.24,2,S-DEC,0.0,0.0,1.0
3595,Blue,Joshua Burkman,Drew Dober,172.72,177.8,155,177.8,182.88,170,37,28,-5.08,-5.08,9,KO/TKO,0.0,0.0,1.0
3597,Blue,Dennis Bermudez,Darren Elkins,177.8,180.34,145,167.64,167.64,155,30,33,10.16,12.7,-3,S-DEC,1.0,1.0,0.0
3600,Blue,Lyman Good,Elizeu Zaleski dos Santos,180.34,185.42,170,182.88,187.96,170,32,30,-2.54,-2.54,2,S-DEC,0.0,0.0,1.0
3601,Blue,Rafael Natal,Eryk Anders,185.42,190.5,185,182.88,193.04,185,34,30,2.54,-2.54,4,KO/TKO,1.0,0.0,1.0
3602,Blue,Ryan LaFlare,Alex Oliveira,180.34,193.04,170,185.42,187.96,170,33,29,-5.08,5.08,4,KO/TKO,0.0,1.0,1.0
3603,Blue,Damian Grabowski,Chase Sherman,193.04,198.12,250,185.42,190.5,241,37,27,7.62,7.62,10,U-DEC,1.0,1.0,1.0
3604,Blue,Kyle Bochniak,Jeremy Kennedy,180.34,180.34,145,170.18,177.8,145,30,24,10.16,2.54,6,U-DEC,1.0,1.0,1.0
3605,Blue,Brian Kelleher,Marlon Vera,172.72,177.8,135,167.64,167.64,135,30,24,5.08,10.16,6,SUB,1.0,1.0,1.0
3606,Blue,Tim Johnson,Junior Albini,190.5,187.96,264,190.5,195.58,265,32,26,0.0,-7.62,6,,,0.0,1.0
3608,Blue,Frankie Perez,Chris Wade,177.8,177.8,155,180.34,185.42,155,28,29,-2.54,-7.62,-1,U-DEC,0.0,0.0,0.0
3609,Blue,Gunnar Nelson,Santiago Ponzinibbio,182.88,185.42,170,180.34,182.88,170,28,30,2.54,2.54,-2,KO/TKO,1.0,1.0,0.0
3610,Blue,Joanne Calderwood,Cynthia Calvillo,162.56,162.56,115,167.64,165.1,125,31,30,-5.08,-2.54,1,U-DEC,0.0,0.0,1.0
3611,Blue,Stevie Ray,Paul Felder,180.34,177.8,155,177.8,177.8,155,27,33,2.54,0.0,-6,KO/TKO,1.0,,0.0
3614,Blue,James Mulheron,Justin Willis,185.42,198.12,264,177.8,185.42,243,29,29,7.62,12.7,0,U-DEC,1.0,1.0,
3617,Blue,Charlie Ward,Galore Bofando,180.34,182.88,170,180.34,185.42,170,36,35,0.0,-2.54,1,KO/TKO,,0.0,1.0
3621,Blue,Yoel Romero,Robert Whittaker,182.88,185.42,185,182.88,185.42,185,40,26,0.0,0.0,14,U-DEC,,,1.0
3622,Blue,Fabricio Werdum,Alistair Overeem,193.04,203.2,265,193.04,195.58,231,39,37,0.0,7.62,2,M-DEC,,1.0,1.0
3623,Blue,Daniel Omielanczuk,Curtis Blaydes,193.04,203.2,265,182.88,187.96,247,34,26,10.16,15.24,8,U-DEC,1.0,1.0,1.0
3626,Blue,Travis Browne,Aleksei Oleinik,187.96,203.2,240,198.12,200.66,255,34,40,-10.16,2.54,-6,SUB,0.0,1.0,0.0
3629,Blue,Jordan Mein,Belal Muhammad,180.34,182.88,170,182.88,185.42,170,27,28,-2.54,-2.54,-1,U-DEC,0.0,0.0,0.0
3632,Blue,Michael Johnson,Justin Gaethje,180.34,177.8,155,177.8,185.42,145,31,28,2.54,-7.62,3,KO/TKO,1.0,0.0,1.0
3633,Blue,Dhiego Lima,Jesse Taylor,182.88,185.42,170,187.96,187.96,170,28,34,-5.08,-2.54,-6,SUB,0.0,0.0,0.0
3639,Blue,Ed Herman,CB Dollaway,187.96,193.04,185,185.42,195.58,205,36,33,2.54,-2.54,3,U-DEC,1.0,0.0,1.0
3642,Blue,Michael Chiesa,Kevin Lee,175.26,195.58,170,185.42,190.5,170,29,24,-10.16,5.08,5,SUB,0.0,1.0,1.0
3646,Blue,BJ Penn,Dennis Siver,167.64,177.8,145,175.26,177.8,155,38,38,-7.62,0.0,0,M-DEC,0.0,,
3648,Blue,Vitor Miranda,Marvin Vettori,182.88,187.96,185,185.42,195.58,185,38,23,-2.54,-7.62,15,U-DEC,0.0,0.0,1.0
3649,Blue,Devin Powell,Darrell Horcher,177.8,177.8,155,182.88,185.42,155,29,29,-5.08,-7.62,0,S-DEC,0.0,0.0,
3652,Blue,Josh Stansbury,Jeremy Kimball,182.88,182.88,205,187.96,187.96,205,32,26,-5.08,-5.08,6,KO/TKO,0.0,0.0,1.0
3654,Blue,Andrei Arlovski,Marcin Tybura,190.5,198.12,249,190.5,195.58,240,38,31,0.0,2.54,7,U-DEC,,1.0,1.0
3655,Blue,Dong Hyun Kim,Colby Covington,180.34,182.88,170,187.96,193.04,170,35,29,-7.62,-10.16,6,U-DEC,0.0,0.0,1.0
3656,Blue,Tarec Saffiedine,Rafael Dos Anjos,172.72,177.8,170,177.8,177.8,170,30,32,-5.08,0.0,-2,U-DEC,0.0,,0.0
3657,Blue,Takanori Gomi,Jon Tuck,180.34,185.42,155,170.18,177.8,155,38,32,10.16,7.62,6,SUB,1.0,1.0,1.0
3658,Blue,Cyril Asker,Walt Harris,195.58,195.58,250,182.88,187.96,247,31,34,12.7,7.62,-3,KO/TKO,1.0,1.0,0.0
3660,Blue,Justin Scoggins,Ulka Sasaki,177.8,180.34,125,170.18,167.64,125,25,27,7.62,12.7,-2,,1.0,1.0,0.0
3661,Blue,Kwan Ho Kwak,Russell Doane,170.18,177.8,135,165.1,177.8,135,27,30,5.08,0.0,-3,KO/TKO,1.0,,0.0
3663,Blue,Ji Yeon Kim,Lucie Pudilova,172.72,170.18,125,170.18,182.88,125,27,23,2.54,-12.7,4,U-DEC,1.0,0.0,1.0
3664,Blue,Derrick Lewis,Mark Hunt,177.8,182.88,265,190.5,200.66,260,32,43,-12.7,-17.78,-11,KO/TKO,0.0,0.0,0.0
3668,Blue,Tim Elliott,Ben Nguyen,165.1,165.1,125,170.18,167.64,135,30,28,-5.08,-2.54,2,SUB,0.0,0.0,1.0
3670,Blue,Damien Brown,Vinc Pichel,177.8,182.88,155,177.8,172.72,155,32,34,0.0,10.16,-2,KO/TKO,,1.0,0.0
3673,Blue,Kiichi Kunimoto,Zak Ottow,180.34,182.88,170,177.8,180.34,170,36,30,2.54,2.54,6,S-DEC,1.0,1.0,1.0
3675,Blue,Jose Aldo,Max Holloway,180.34,175.26,155,170.18,177.8,145,30,25,10.16,-2.54,5,KO/TKO,1.0,0.0,1.0
3679,Blue,Erick Silva,Yancy Medeiros,177.8,190.5,155,182.88,187.96,170,32,29,-5.08,2.54,3,KO/TKO,0.0,1.0,1.0
3681,Blue,Johnny Eduardo,Matthew Lopez,170.18,175.26,135,170.18,180.34,135,38,30,0.0,-5.08,8,KO/TKO,,0.0,1.0
3682,Blue,Iuri Alcantara,Brian Kelleher,167.64,167.64,135,175.26,180.34,135,36,30,-7.62,-12.7,6,SUB,0.0,0.0,1.0
3688,Blue,Abdul Razak Alhassan,Omari Akhmedov,182.88,185.42,185,177.8,185.42,170,31,29,5.08,0.0,2,S-DEC,1.0,,1.0
3689,Blue,Oliver Enkamp,Nordine Taleb,185.42,187.96,170,182.88,195.58,170,25,35,2.54,-7.62,-10,U-DEC,1.0,0.0,0.0
3693,Blue,Reza Madadi,Joaquim Silva,172.72,175.26,155,180.34,182.88,155,38,28,-7.62,-7.62,10,S-DEC,0.0,0.0,1.0
3694,Blue,Nico Musoke,Bojan Velickovic,182.88,193.04,170,182.88,190.5,170,31,28,0.0,2.54,3,,,1.0,1.0
3696,Blue,Marcin Held,Damir Hadzovic,175.26,177.8,155,175.26,180.34,155,25,30,0.0,-2.54,-5,KO/TKO,,0.0,0.0
3701,Blue,Krzysztof Jotko,David Branch,185.42,198.12,185,185.42,195.58,185,27,35,0.0,2.54,-8,S-DEC,,1.0,0.0
3702,Blue,Chas Skelly,Jason Knight,177.8,180.34,145,180.34,182.88,145,32,24,-2.54,-2.54,8,KO/TKO,0.0,0.0,1.0
3705,Blue,Jessica Aguilar,Cortney Casey,170.18,170.18,115,160.02,160.02,115,35,30,10.16,10.16,5,U-DEC,1.0,1.0,1.0
3706,Blue,Gabriel Benitez,Enrique Barzola,170.18,177.8,145,172.72,180.34,145,28,28,-2.54,-2.54,0,U-DEC,0.0,0.0,
3707,Blue,Joachim Christensen,Gadzhimurad Antigulov,180.34,177.8,205,190.5,193.04,205,38,30,-10.16,-15.24,8,SUB,0.0,0.0,1.0
3712,Blue,Joe Lauzon,Stevie Ray,177.8,177.8,155,177.8,180.34,155,32,27,0.0,-2.54,5,M-DEC,,0.0,1.0
3713,Blue,Jake Ellenberger,Mike Perry,177.8,180.34,170,175.26,180.34,170,32,25,2.54,0.0,7,KO/TKO,1.0,,1.0
3715,Blue,Dustin Ortiz,Brandon Moreno,170.18,177.8,125,165.1,165.1,125,28,23,5.08,12.7,5,SUB,1.0,1.0,1.0
3717,Blue,Jessica Penne,Danielle Taylor,152.4,152.4,115,165.1,170.18,115,34,27,-12.7,-17.78,7,U-DEC,0.0,0.0,1.0
3723,Blue,Jacare Souza,Robert Whittaker,182.88,185.42,185,185.42,182.88,185,37,26,-2.54,2.54,11,KO/TKO,0.0,1.0,1.0
3724,Blue,Jeremy Stephens,Renato Moicano,180.34,182.88,145,172.72,180.34,145,30,27,7.62,2.54,3,S-DEC,1.0,1.0,1.0
3726,Blue,Patrick Williams,Tom Duquesnoy,170.18,172.72,135,172.72,185.42,135,35,23,-2.54,-12.7,12,KO/TKO,0.0,0.0,1.0
3727,Blue,Bobby Green,Rashid Magomedov,175.26,177.8,155,177.8,180.34,155,30,32,-2.54,-2.54,-2,S-DEC,0.0,0.0,0.0
3728,Blue,Louis Smolka,Tim Elliott,170.18,167.64,135,175.26,172.72,135,25,30,-5.08,-5.08,-5,U-DEC,0.0,0.0,0.0
3733,Blue,Ashlee Evans-Smith,Ketlen Vieira,172.72,172.72,135,172.72,170.18,125,29,25,0.0,2.54,4,U-DEC,,1.0,1.0
3735,Blue,Chris Weidman,Gegard Mousasi,187.96,193.04,185,187.96,198.12,185,32,31,0.0,-5.08,1,KO/TKO,,0.0,1.0
3738,Blue,Will Brooks,Charles Oliveira,177.8,187.96,155,177.8,182.88,155,30,27,0.0,5.08,3,SUB,,1.0,1.0
3744,Blue,Josh Emmett,Desmond Green,177.8,185.42,155,167.64,177.8,145,32,27,10.16,7.62,5,S-DEC,1.0,1.0,1.0
3746,Blue,Jenel Lausa,Magomed Bibulatov,165.1,165.1,125,165.1,172.72,125,28,28,0.0,-7.62,0,U-DEC,,0.0,
3749,Blue,Brad Pickett,Marlon Vera,172.72,177.8,135,167.64,172.72,135,38,24,5.08,5.08,14,KO/TKO,1.0,1.0,1.0
3752,Blue,Darren Stewart,Francimar Barroso,185.42,190.5,205,182.88,187.96,185,26,37,2.54,2.54,-11,U-DEC,1.0,1.0,0.0
3753,Blue,Daniel Omielanczuk,Tim Johnson,190.5,195.58,265,182.88,187.96,247,34,32,7.62,7.62,2,,1.0,1.0,1.0
3760,Blue,Jussier Formiga,Ray Borg,162.56,160.02,135,165.1,170.18,125,31,23,-2.54,-10.16,8,U-DEC,0.0,0.0,1.0
3762,Blue,Francisco Trinaldo,Kevin Lee,175.26,195.58,170,175.26,177.8,155,38,24,0.0,17.78,14,SUB,,1.0,1.0
3764,Blue,Rani Yahya,Joe Soto,167.64,165.1,135,167.64,170.18,135,32,29,0.0,-5.08,3,U-DEC,,0.0,1.0
3766,Blue,Rony Jason,Jeremy Kennedy,180.34,180.34,145,170.18,177.8,145,32,24,10.16,2.54,8,U-DEC,1.0,1.0,1.0
3767,Blue,Garreth McLellan,Paulo Costa,185.42,182.88,185,185.42,182.88,185,34,25,0.0,0.0,9,KO/TKO,,,1.0
3769,Blue,Lando Vannata,David Teymur,175.26,185.42,155,175.26,180.34,155,24,27,0.0,5.08,-3,U-DEC,,1.0,0.0
3770,Blue,Rashad Evans,Daniel Kelly,182.88,177.8,185,182.88,190.5,205,37,39,0.0,-12.7,-2,S-DEC,,0.0,0.0
3771,Blue,Amanda Cooper,Cynthia Calvillo,162.56,162.56,115,160.02,162.56,115,25,29,2.54,0.0,-4,SUB,1.0,,0.0
3774,Blue,Mirsad Bektic,Darren Elkins,177.8,180.34,145,172.72,177.8,145,26,32,5.08,2.54,-6,KO/TKO,1.0,1.0,0.0
3781,Blue,Sam Sicilia,Gavin Tucker,167.64,167.64,145,172.72,170.18,145,31,30,-5.08,-2.54,1,U-DEC,0.0,0.0,1.0
3785,Blue,Nordine Taleb,Santiago Ponzinibbio,182.88,185.42,170,185.42,187.96,170,35,30,-2.54,-2.54,5,U-DEC,0.0,0.0,1.0
3786,Blue,Carla Esparza,Randa Markos,162.56,160.02,115,154.94,160.02,115,29,31,7.62,0.0,-2,S-DEC,1.0,,0.0
3788,Blue,Jack Marshman,Thiago Santos,187.96,193.04,205,182.88,185.42,185,27,33,5.08,7.62,-6,KO/TKO,1.0,1.0,0.0
3790,Blue,Holly Holm,Germaine de Randamie,175.26,180.34,135,172.72,175.26,145,35,32,2.54,5.08,3,U-DEC,1.0,1.0,1.0
3795,Blue,Randy Brown,Belal Muhammad,180.34,182.88,170,190.5,198.12,170,26,28,-10.16,-15.24,-2,U-DEC,0.0,0.0,0.0
3797,Blue,Nik Lentz,Islam Makhachev,177.8,177.8,155,172.72,172.72,155,32,25,5.08,5.08,7,U-DEC,1.0,1.0,1.0
3800,Blue,Dennis Bermudez,Chan Sung Jung,170.18,182.88,145,167.64,167.64,155,30,29,2.54,15.24,1,KO/TKO,1.0,1.0,1.0
3801,Blue,Alexa Grasso,Felice Herrig,162.56,165.1,115,165.1,167.64,115,23,32,-2.54,-2.54,-9,U-DEC,0.0,0.0,0.0
3802,Blue,Abel Trujillo,James Vick,190.5,193.04,155,172.72,177.8,155,33,29,17.78,15.24,4,SUB,1.0,1.0,1.0
3803,Blue,Ovince Saint Preux,Volkan Oezdemir,187.96,190.5,205,190.5,203.2,205,33,27,-2.54,-12.7,6,S-DEC,0.0,0.0,1.0
3804,Blue,Anthony Hamilton,Marcel Fortuna,185.42,187.96,205,195.58,193.04,260,36,31,-10.16,-5.08,5,KO/TKO,0.0,0.0,1.0
3809,Blue,Daniel Jolly,Khalil Rountree Jr.,185.42,193.04,205,185.42,190.5,205,32,26,0.0,2.54,6,KO/TKO,,1.0,1.0
3811,Blue,Donald Cerrone,Jorge Masvidal,180.34,187.96,170,185.42,185.42,155,33,32,-5.08,2.54,1,KO/TKO,0.0,1.0,1.0
3812,Blue,Andrei Arlovski,Francis Ngannou,193.04,210.82,250,190.5,195.58,240,37,30,2.54,15.24,7,KO/TKO,1.0,1.0,1.0
3813,Blue,Alex Caceres,Jason Knight,177.8,180.34,145,177.8,185.42,145,28,24,0.0,-5.08,4,SUB,,0.0,1.0
3814,Blue,Nate Marquardt,Sam Alvey,187.96,190.5,205,182.88,187.96,185,37,30,5.08,2.54,7,U-DEC,1.0,1.0,1.0
3816,Blue,Bobby Nash,Li Jingliang,182.88,180.34,170,182.88,187.96,170,26,28,0.0,-7.62,-2,,,0.0,0.0
3817,Blue,Henrique da Silva,Jordan Johnson,187.96,200.66,205,190.5,193.04,205,27,28,-2.54,7.62,-1,U-DEC,0.0,1.0,0.0
3824,Blue,Court McGee,Ben Saunders,187.96,195.58,170,180.34,190.5,170,32,33,7.62,5.08,-1,U-DEC,1.0,1.0,0.0
3825,Blue,John Moraga,Sergio Pettis,167.64,175.26,135,167.64,167.64,125,32,23,0.0,7.62,9,U-DEC,,1.0,1.0
3826,Blue,Devin Powell,Drakkar Klose,175.26,177.8,155,182.88,185.42,155,28,28,-7.62,-7.62,0,U-DEC,0.0,0.0,
3827,Blue,Frankie Saenz,Augusto Mendes,167.64,165.1,135,167.64,167.64,135,36,33,0.0,-2.54,3,S-DEC,,0.0,1.0
3830,Blue,Jocelyn Jones-Lybarger,Nina Ansaroff,165.1,162.56,115,170.18,162.56,115,31,31,-5.08,0.0,0,SUB,0.0,,
3832,Blue,Bojan Mihajlovic,Joachim Christensen,190.5,193.04,205,180.34,185.42,205,36,38,10.16,7.62,-2,KO/TKO,1.0,1.0,0.0
3833,Blue,Dmitrii Smoliakov,Cyril Asker,182.88,187.96,247,187.96,187.96,253,34,31,-5.08,0.0,3,KO/TKO,0.0,,1.0
3835,Blue,Dominick Cruz,Cody Garbrandt,172.72,165.1,135,172.72,172.72,135,31,25,0.0,-7.62,6,U-DEC,,0.0,1.0
3838,Blue,Louis Smolka,Ray Borg,162.56,160.02,135,175.26,172.72,135,25,23,-12.7,-12.7,2,U-DEC,0.0,0.0,1.0
3839,Blue,Johny Hendricks,Neil Magny,190.5,203.2,170,175.26,175.26,185,33,29,15.24,27.94,4,U-DEC,1.0,1.0,1.0
3841,Blue,Mike Pyle,Alex Garcia,175.26,182.88,170,182.88,187.96,170,41,29,-7.62,-5.08,12,KO/TKO,0.0,0.0,1.0
3842,Blue,Brandon Thatch,Niko Price,182.88,193.04,170,187.96,187.96,170,31,27,-5.08,5.08,4,SUB,0.0,1.0,1.0
3843,Blue,Paige VanZant,Michelle Waterson,160.02,157.48,115,162.56,165.1,115,22,30,-2.54,-7.62,-8,SUB,0.0,0.0,0.0
3844,Blue,Sage Northcutt,Mickey Gall,187.96,187.96,170,182.88,180.34,170,20,24,5.08,7.62,-4,SUB,1.0,1.0,0.0
3847,Blue,Henrique da Silva,Paul Craig,190.5,193.04,205,190.5,193.04,205,27,29,0.0,0.0,-2,SUB,,,0.0
3848,Blue,Cole Miller,Mizuto Hirota,170.18,170.18,155,185.42,187.96,145,32,35,-15.24,-17.78,-3,U-DEC,0.0,0.0,0.0
3849,Blue,Bryan Barberena,Colby Covington,180.34,182.88,170,182.88,182.88,170,27,28,-2.54,0.0,-1,U-DEC,0.0,,0.0
3850,Blue,James Moontasri,Alex Morono,180.34,182.88,170,177.8,180.34,170,28,26,2.54,2.54,2,U-DEC,1.0,1.0,1.0
3855,Blue,Bojan Velickovic,Sultan Aliev,180.34,187.96,170,182.88,193.04,170,27,32,-2.54,-5.08,-5,S-DEC,0.0,0.0,0.0
3859,Blue,Tim Kennedy,Kelvin Gastelum,175.26,180.34,185,180.34,187.96,185,37,25,-5.08,-7.62,12,KO/TKO,0.0,0.0,1.0
3860,Blue,Jordan Mein,Emil Meek,180.34,187.96,170,182.88,185.42,170,27,28,-2.54,2.54,-1,U-DEC,0.0,1.0,0.0
3861,Blue,Nikita Krylov,Misha Cirkunov,190.5,195.58,205,190.5,195.58,205,24,29,0.0,0.0,-5,SUB,,,0.0
3863,Blue,Valerie Letourneau,Viviane Pereira,154.94,160.02,115,170.18,172.72,115,33,23,-15.24,-12.7,10,S-DEC,0.0,0.0,1.0
3864,Blue,Mitch Gagnon,Matthew Lopez,170.18,175.26,135,165.1,165.1,135,32,29,5.08,10.16,3,U-DEC,1.0,1.0,1.0
3865,Blue,John Makdessi,Lando Vannata,175.26,180.34,155,172.72,172.72,155,31,24,2.54,7.62,7,KO/TKO,1.0,1.0,1.0
3866,Blue,Jason Saggo,Rustam Khabilov,172.72,185.42,155,180.34,180.34,155,31,30,-7.62,5.08,1,U-DEC,0.0,1.0,1.0
3867,Blue,Zach Makovsky,Dustin Ortiz,165.1,165.1,125,162.56,162.56,125,33,27,2.54,2.54,6,S-DEC,1.0,1.0,1.0
3874,Blue,Joe Gigliotti,Gerald Meerschaert,185.42,195.58,185,180.34,175.26,185,23,28,5.08,20.32,-5,,1.0,1.0,0.0
3876,Blue,Tiago Trator,Shane Burgos,180.34,190.5,145,175.26,177.8,145,29,25,5.08,12.7,4,,1.0,1.0,1.0
3877,Blue,Frankie Perez,Marc Diakiese,177.8,185.42,155,180.34,185.42,155,27,23,-2.54,0.0,4,U-DEC,0.0,,1.0
3878,Blue,Keith Berish,Ryan Janes,190.5,193.04,185,182.88,185.42,205,31,35,7.62,7.62,-4,U-DEC,1.0,1.0,0.0
3882,Blue,Jake Ellenberger,Jorge Masvidal,180.34,187.96,170,175.26,180.34,170,31,32,5.08,7.62,-1,KO/TKO,1.0,1.0,0.0
3883,Blue,Ion Cutelaba,Jared Cannonier,180.34,195.58,185,185.42,190.5,205,22,32,-5.08,5.08,-10,U-DEC,0.0,1.0,0.0
3886,Blue,Gray Maynard,Ryan Hall,177.8,180.34,155,175.26,177.8,155,37,31,2.54,2.54,6,U-DEC,1.0,1.0,1.0
3889,Blue,Kailin Curran,Jamie Moyle,154.94,165.1,115,162.56,165.1,115,25,27,-7.62,0.0,-2,U-DEC,0.0,,0.0
3890,Blue,Elvis Mutapcic,Anthony Smith,193.04,193.04,205,182.88,182.88,185,30,28,10.16,10.16,2,KO/TKO,1.0,1.0,1.0
3891,Blue,Josh Stansbury,Devin Clark,182.88,190.5,205,187.96,187.96,205,32,26,-5.08,2.54,6,U-DEC,0.0,1.0,1.0
3893,Blue,Jake Matthews,Andrew Holbrook,180.34,177.8,155,180.34,185.42,170,22,30,0.0,-7.62,-8,S-DEC,,0.0,0.0
3894,Blue,Kyle Noke,Omari Akhmedov,182.88,185.42,185,185.42,193.04,170,36,29,-2.54,-7.62,7,U-DEC,0.0,0.0,1.0
3895,Blue,Yusuke Kasuya,Alexander Volkanovski,167.64,180.34,145,170.18,170.18,155,27,28,-2.54,10.16,-1,KO/TKO,0.0,1.0,0.0
3896,Blue,Khalil Rountree Jr.,Tyson Pedro,190.5,200.66,205,185.42,193.04,205,26,25,5.08,7.62,1,SUB,1.0,1.0,1.0
3897,Blue,Seohee Ham,Danielle Taylor,152.4,152.4,115,157.48,157.48,115,29,27,-5.08,-5.08,2,,0.0,0.0,1.0
3900,Blue,Richard Walsh,Jonathan Meunier,190.5,190.5,170,182.88,185.42,170,27,29,7.62,5.08,-2,U-DEC,1.0,1.0,0.0
3902,Blue,Dan Hooker,Jason Knight,177.8,180.34,145,182.88,190.5,155,26,24,-5.08,-10.16,2,U-DEC,0.0,0.0,1.0
3904,Blue,Yao Zhikui,Jenel Lausa,165.1,172.72,125,165.1,162.56,125,25,28,0.0,10.16,-3,U-DEC,,1.0,0.0
3908,Blue,Thales Leites,Krzysztof Jotko,185.42,195.58,185,185.42,198.12,185,35,27,0.0,-2.54,8,U-DEC,,0.0,1.0
3909,Blue,Warlley Alves,Kamaru Usman,182.88,193.04,170,180.34,182.88,170,25,29,2.54,10.16,-4,U-DEC,1.0,1.0,0.0
3912,Blue,Marcos Rogerio de Lima,Gadzhimurad Antigulov,180.34,177.8,205,185.42,190.5,253,31,29,-5.08,-12.7,2,SUB,0.0,0.0,1.0
3917,Blue,Ross Pearson,Stevie Ray,177.8,177.8,155,172.72,175.26,155,32,26,5.08,2.54,6,S-DEC,1.0,1.0,1.0
3918,Blue,Tim Johnson,Alexander Volkov,200.66,203.2,250,190.5,195.58,265,31,28,10.16,7.62,3,,1.0,1.0,1.0
3920,Blue,Magnus Cedenblad,Jack Marshman,182.88,185.42,185,195.58,200.66,185,34,26,-12.7,-15.24,8,KO/TKO,0.0,0.0,1.0
3923,Blue,Anna Elmose,Amanda Cooper,160.02,162.56,115,160.02,165.1,115,32,25,0.0,-2.54,7,U-DEC,,0.0,1.0
3928,Blue,Charlie Ward,Abdul Razak Alhassan,177.8,185.42,170,180.34,185.42,170,35,31,-2.54,0.0,4,KO/TKO,0.0,,1.0
3929,Blue,Eddie Alvarez,Conor McGregor,175.26,187.96,155,175.26,175.26,155,32,28,0.0,12.7,4,KO/TKO,,1.0,1.0
3931,Blue,Chris Weidman,Yoel Romero,182.88,185.42,185,187.96,198.12,185,32,39,-5.08,-12.7,-7,KO/TKO,0.0,0.0,0.0
3932,Blue,Miesha Tate,Raquel Pennington,170.18,170.18,135,167.64,165.1,135,30,28,2.54,5.08,2,U-DEC,1.0,1.0,1.0
3935,Blue,Rafael Natal,Tim Boetsch,182.88,187.96,185,182.88,193.04,185,33,35,0.0,-5.08,-2,KO/TKO,,0.0,0.0
3939,Blue,Rafael Dos Anjos,Tony Ferguson,180.34,193.04,155,172.72,177.8,170,32,32,7.62,15.24,0,U-DEC,1.0,1.0,
3946,Blue,Marco Beltran,Joe Soto,167.64,165.1,135,172.72,175.26,125,30,29,-5.08,-10.16,1,SUB,0.0,0.0,1.0
3947,Blue,Erick Montano,Max Griffin,180.34,193.04,170,182.88,185.42,170,30,30,-2.54,7.62,0,KO/TKO,0.0,1.0,
3948,Blue,Henry Briones,Douglas Silva de Andrade,170.18,172.72,135,172.72,175.26,135,36,31,-2.54,-2.54,5,KO/TKO,0.0,0.0,1.0
3953,Blue,Vitor Belfort,Gegard Mousasi,187.96,193.04,185,182.88,187.96,185,39,31,5.08,5.08,8,KO/TKO,1.0,1.0,1.0
3954,Blue,Ovince Saint Preux,Jimi Manuwa,185.42,200.66,205,190.5,203.2,205,33,36,-5.08,-2.54,-3,KO/TKO,0.0,0.0,0.0
3957,Blue,Brad Pickett,Iuri Alcantara,175.26,180.34,135,167.64,172.72,135,38,36,7.62,7.62,2,SUB,1.0,1.0,1.0
3958,Blue,Davey Grant,Damian Stasiak,165.1,177.8,135,172.72,175.26,135,30,26,-7.62,2.54,4,SUB,0.0,1.0,1.0
3960,Blue,Lukasz Sajewski,Marc Diakiese,177.8,185.42,155,172.72,180.34,155,25,23,5.08,5.08,2,KO/TKO,1.0,1.0,1.0
3961,Blue,Danny Roberts,Mike Perry,177.8,180.34,170,185.42,187.96,170,29,25,-7.62,-7.62,4,KO/TKO,0.0,0.0,1.0
3964,Blue,Will Brooks,Alex Oliveira,180.34,193.04,170,177.8,182.88,155,29,28,2.54,10.16,1,KO/TKO,1.0,1.0,1.0
3965,Blue,Joshua Burkman,Zak Ottow,180.34,182.88,170,177.8,182.88,170,36,29,2.54,0.0,7,S-DEC,1.0,,1.0
3966,Blue,Louis Smolka,Brandon Moreno,170.18,177.8,125,175.26,172.72,135,25,22,-5.08,5.08,3,SUB,0.0,1.0,1.0
3968,Blue,Hacran Dias,Andre Fili,180.34,187.96,145,172.72,175.26,155,32,26,7.62,12.7,6,U-DEC,1.0,1.0,1.0
3970,Blue,Keita Nakamura,Elizeu Zaleski dos Santos,180.34,185.42,170,180.34,185.42,170,32,29,0.0,0.0,3,U-DEC,,,1.0
3972,Blue,Jonathan Wilson,Ion Cutelaba,185.42,190.5,205,187.96,190.5,205,29,22,-2.54,0.0,7,U-DEC,0.0,,1.0
3973,Blue,Cody East,Curtis Blaydes,193.04,203.2,265,190.5,187.96,245,28,25,2.54,15.24,3,KO/TKO,1.0,1.0,1.0
3974,Blue,Kelly Faszholz,Ketlen Vieira,172.72,172.72,135,172.72,170.18,135,31,25,0.0,2.54,6,S-DEC,,1.0,1.0
3979,Blue,Thiago Santos,Eric Spicely,185.42,185.42,185,187.96,193.04,205,32,29,-2.54,-7.62,3,SUB,0.0,0.0,1.0
3981,Blue,Gilbert Burns,Michel Prazeres,167.64,170.18,170,177.8,180.34,155,30,35,-10.16,-10.16,-5,U-DEC,0.0,0.0,0.0
3987,Blue,Glaico Franca,Gregor Gillespie,170.18,180.34,155,182.88,195.58,155,25,29,-12.7,-15.24,-4,,0.0,0.0,0.0
3988,Blue,Dustin Poirier,Michael Johnson,177.8,185.42,145,175.26,182.88,155,27,30,2.54,2.54,-3,KO/TKO,1.0,1.0,0.0
3989,Blue,Uriah Hall,Derek Brunson,185.42,195.58,185,182.88,200.66,185,32,32,2.54,-5.08,0,KO/TKO,1.0,0.0,
3992,Blue,Chris Wade,Islam Makhachev,177.8,177.8,155,177.8,177.8,155,28,24,0.0,0.0,4,U-DEC,,,1.0
3995,Blue,Augusto Montano,Belal Muhammad,180.34,182.88,170,185.42,185.42,170,31,28,-5.08,-2.54,3,KO/TKO,0.0,0.0,1.0
3998,Blue,Erick Montano,Randy Brown,190.5,198.12,170,182.88,185.42,170,30,26,7.62,12.7,4,SUB,1.0,1.0,1.0
4001,Blue,CM Punk,Mickey Gall,187.96,187.96,170,185.42,185.42,170,37,24,2.54,2.54,13,SUB,1.0,1.0,1.0
4002,Blue,Urijah Faber,Jimmie Rivera,162.56,172.72,135,167.64,170.18,135,37,27,-5.08,2.54,10,U-DEC,0.0,1.0,1.0
4004,Blue,Jessica Eye,Bethe Correia,165.1,162.56,135,167.64,167.64,125,30,33,-2.54,-5.08,-3,S-DEC,0.0,0.0,0.0
4009,Blue,Andrei Arlovski,Josh Barnett,190.5,198.12,250,190.5,195.58,240,37,38,0.0,2.54,-1,SUB,,1.0,0.0
4017,Blue,Scott Askham,Jack Hermansson,185.42,195.58,185,190.5,190.5,185,28,28,-5.08,5.08,0,U-DEC,0.0,1.0,
4022,Blue,Joe Lauzon,Jim Miller,172.72,180.34,155,177.8,180.34,155,32,32,-5.08,0.0,0,S-DEC,0.0,,
4024,Blue,Enrique Barzola,Kyle Bochniak,170.18,177.8,145,170.18,177.8,145,27,29,0.0,0.0,-2,S-DEC,,,0.0
4025,Blue,Garreth McLellan,Alessio Di Chirico,182.88,187.96,185,185.42,182.88,185,33,26,-2.54,5.08,7,S-DEC,0.0,1.0,1.0
4026,Blue,Shane Campbell,Felipe Silva,182.88,195.58,155,182.88,180.34,155,29,32,0.0,15.24,-3,KO/TKO,,1.0,0.0
4029,Blue,Nate Diaz,Conor McGregor,175.26,187.96,155,182.88,193.04,170,31,28,-7.62,-5.08,3,M-DEC,0.0,0.0,1.0
4031,Blue,Rick Story,Donald Cerrone,185.42,185.42,155,175.26,180.34,170,31,33,10.16,5.08,-2,KO/TKO,1.0,1.0,0.0
4032,Blue,Hyun Gyu Lim,Mike Perry,177.8,180.34,170,190.5,195.58,170,31,24,-12.7,-15.24,7,KO/TKO,0.0,0.0,1.0
4037,Blue,Randa Markos,Cortney Casey,170.18,170.18,115,162.56,160.02,115,31,29,7.62,10.16,2,SUB,1.0,1.0,1.0
4038,Blue,Neil Magny,Lorenz Larkin,180.34,182.88,170,190.5,203.2,170,29,29,-10.16,-20.32,0,KO/TKO,0.0,0.0,
4040,Blue,Alberto Uda,Marvin Vettori,182.88,187.96,185,190.5,195.58,185,32,22,-7.62,-7.62,10,SUB,0.0,0.0,1.0
4048,Blue,Viktor Pesta,Marcin Tybura,190.5,198.12,249,190.5,195.58,240,26,30,0.0,2.54,-4,KO/TKO,,1.0,0.0
4052,Blue,Chase Sherman,Justin Ledet,193.04,203.2,205,193.04,198.12,250,26,27,0.0,5.08,-1,U-DEC,,1.0,0.0
4053,Blue,Robbie Lawler,Tyron Woodley,175.26,187.96,170,180.34,187.96,170,34,34,-5.08,0.0,0,KO/TKO,0.0,,
4054,Blue,Rose Namajunas,Karolina Kowalkiewicz,160.02,162.56,115,165.1,165.1,115,24,30,-5.08,-2.54,-6,S-DEC,0.0,0.0,0.0
4055,Blue,Matt Brown,Jake Ellenberger,175.26,180.34,170,182.88,190.5,170,35,31,-7.62,-10.16,4,KO/TKO,0.0,0.0,1.0
4056,Blue,Francisco Rivera,Erik Perez,172.72,172.72,135,172.72,172.72,135,34,26,0.0,0.0,8,U-DEC,,,1.0
4059,Blue,Ross Pearson,Jorge Masvidal,180.34,187.96,170,172.72,175.26,155,31,31,7.62,12.7,0,U-DEC,1.0,1.0,
4062,Blue,Cesar Arzamendia,Damien Brown,177.8,172.72,155,180.34,180.34,155,25,31,-2.54,-7.62,-6,KO/TKO,0.0,0.0,0.0
4063,Blue,Holly Holm,Valentina Shevchenko,165.1,167.64,125,172.72,175.26,145,34,28,-7.62,-7.62,6,U-DEC,0.0,0.0,1.0
4067,Blue,Frankie Saenz,Eddie Wineland,170.18,175.26,135,167.64,167.64,135,35,32,2.54,7.62,3,KO/TKO,1.0,1.0,1.0
4072,Blue,Jim Alers,Jason Knight,177.8,180.34,145,175.26,180.34,145,29,24,2.54,0.0,5,S-DEC,1.0,,1.0
4074,Blue,Michael McDonald,John Lineker,160.02,170.18,135,175.26,177.8,135,25,26,-15.24,-7.62,-1,KO/TKO,0.0,0.0,0.0
4077,Blue,Aleksei Oleinik,Daniel Omielanczuk,182.88,187.96,247,187.96,203.2,240,39,33,-5.08,-15.24,6,M-DEC,0.0,0.0,1.0
4078,Blue,Kyle Noke,Keita Nakamura,180.34,185.42,170,185.42,193.04,170,36,32,-5.08,-7.62,4,SUB,0.0,0.0,1.0
4080,Blue,Lauren Murphy,Katlyn Chookagian,175.26,172.72,125,170.18,170.18,125,32,27,5.08,2.54,5,U-DEC,1.0,1.0,1.0
4081,Blue,Eric Spicely,Sam Alvey,187.96,190.5,205,185.42,185.42,185,29,30,2.54,5.08,-1,SUB,1.0,1.0,0.0
4085,Blue,Devin Clark,Alex Nicholson,193.04,205.74,185,182.88,190.5,205,26,26,10.16,15.24,0,KO/TKO,1.0,1.0,
4086,Blue,Miesha Tate,Amanda Nunes,172.72,175.26,145,167.64,165.1,135,29,28,5.08,10.16,1,SUB,1.0,1.0,1.0
4090,Blue,Cat Zingano,Julianna Pena,167.64,175.26,135,167.64,172.72,145,34,26,0.0,2.54,8,U-DEC,,1.0,1.0
4091,Blue,Johny Hendricks,Kelvin Gastelum,175.26,180.34,185,175.26,175.26,185,32,24,0.0,5.08,8,U-DEC,,1.0,1.0
4094,Blue,Diego Sanchez,Joe Lauzon,177.8,180.34,155,177.8,182.88,170,34,32,0.0,-2.54,2,KO/TKO,,0.0,1.0
4100,Blue,Ross Pearson,Will Brooks,177.8,182.88,155,172.72,175.26,155,31,29,5.08,7.62,2,U-DEC,1.0,1.0,1.0
4104,Blue,John Moraga,Matheus Nicolau,167.64,167.64,125,167.64,167.64,125,32,23,0.0,0.0,9,,,,1.0
4105,Blue,Cory Hendricks,Josh Stansbury,187.96,187.96,205,190.5,196.0,205,28,31,-2.54,-8.04,-3,M-DEC,0.0,0.0,0.0
4107,Blue,Jake Matthews,Kevin Lee,175.26,195.58,170,180.34,185.42,170,21,23,-5.08,10.16,-2,KO/TKO,0.0,1.0,0.0
4109,Blue,Rafael Dos Anjos,Eddie Alvarez,175.26,175.26,155,172.72,177.8,170,31,32,2.54,-2.54,-1,KO/TKO,1.0,0.0,0.0
4110,Blue,Roy Nelson,Derrick Lewis,190.5,200.66,260,182.88,182.88,263,40,31,7.62,17.78,9,S-DEC,1.0,1.0,1.0
4113,Blue,Mike Pyle,Alberto Mina,182.88,195.58,170,182.88,187.96,170,40,34,0.0,7.62,6,KO/TKO,,1.0,1.0
4116,Blue,Russell Doane,Pedro Munhoz,167.64,165.1,135,170.18,177.8,135,29,29,-2.54,-12.7,0,SUB,0.0,0.0,
4121,Blue,Rory MacDonald,Stephen Thompson,182.88,190.5,170,182.88,193.04,170,26,33,0.0,-2.54,-7,U-DEC,,0.0,0.0
4125,Blue,Valerie Letourneau,Joanne Calderwood,167.64,165.1,125,170.18,172.72,115,33,30,-2.54,-7.62,3,KO/TKO,0.0,0.0,1.0
4128,Blue,Tamdan McCrory,Krzysztof Jotko,185.42,195.58,185,193.04,198.12,185,29,26,-7.62,-2.54,3,KO/TKO,0.0,0.0,1.0
4129,Blue,Chris Beal,Joe Soto,167.64,165.1,135,170.18,175.26,125,30,29,-2.54,-10.16,1,SUB,0.0,0.0,1.0
4134,Blue,Luke Rockhold,Michael Bisping,185.42,190.5,185,190.5,195.58,185,31,37,-5.08,-5.08,-6,KO/TKO,0.0,0.0,0.0
4141,Blue,Jessica Penne,Jessica Andrade,154.94,157.48,115,165.1,170.18,115,33,24,-10.16,-12.7,9,KO/TKO,0.0,0.0,1.0
4142,Blue,Cole Miller,Alex Caceres,177.8,185.42,145,185.42,187.96,145,32,27,-7.62,-2.54,5,U-DEC,0.0,0.0,1.0
4144,Blue,Jonathan Wilson,Henrique da Silva,190.5,193.04,205,187.96,190.5,205,28,26,2.54,2.54,2,KO/TKO,1.0,1.0,1.0
4146,Blue,Thomas Almeida,Cody Garbrandt,172.72,165.1,135,170.18,177.8,135,24,24,2.54,-12.7,0,KO/TKO,1.0,0.0,
4147,Blue,Renan Barao,Jeremy Stephens,172.72,180.34,145,167.64,177.8,135,29,30,5.08,2.54,-1,U-DEC,1.0,1.0,0.0
4148,Blue,Tarec Saffiedine,Rick Story,175.26,180.34,170,177.8,177.8,170,29,31,-2.54,2.54,-2,U-DEC,0.0,1.0,0.0
4150,Blue,Jorge Masvidal,Lorenz Larkin,180.34,182.88,170,180.34,187.96,170,31,29,0.0,-5.08,2,S-DEC,,0.0,1.0
4151,Blue,Joshua Burkman,Paul Felder,180.34,177.8,155,177.8,182.88,170,36,32,2.54,-5.08,4,U-DEC,1.0,0.0,1.0
4156,Blue,Aljamain Sterling,Bryan Caraway,172.72,172.72,135,170.18,180.34,135,26,31,2.54,-7.62,-5,S-DEC,1.0,0.0,0.0
4157,Blue,Chris de la Rocha,Adam Milstead,190.5,193.04,205,190.5,203.2,250,37,28,0.0,-10.16,9,KO/TKO,,0.0,1.0
4158,Blue,Fabricio Werdum,Stipe Miocic,193.04,203.2,240,193.04,195.58,231,38,33,0.0,7.62,5,KO/TKO,,1.0,1.0
4162,Blue,Warlley Alves,Bryan Barberena,182.88,182.88,170,180.34,182.88,170,25,27,2.54,0.0,-2,U-DEC,1.0,,0.0
4170,Blue,Antonio Silva,Stefan Struve,210.82,213.36,265,193.04,203.2,264,36,28,17.78,10.16,8,KO/TKO,1.0,1.0,1.0
4171,Blue,Albert Tumenov,Gunnar Nelson,180.34,182.88,170,180.34,185.42,170,24,27,0.0,-2.54,-3,SUB,,0.0,0.0
4177,Blue,Jon Tuck,Josh Emmett,167.64,177.8,145,180.34,185.42,155,31,31,-12.7,-7.62,0,S-DEC,0.0,0.0,
4178,Blue,Yan Cabral,Reza Madadi,180.34,182.88,155,180.34,185.42,155,32,37,0.0,-2.54,-5,KO/TKO,,0.0,0.0
4184,Blue,Anthony Pettis,Edson Barboza,180.34,190.5,155,177.8,182.88,170,29,30,2.54,7.62,-1,U-DEC,1.0,1.0,0.0
4190,Blue,Glaico Franca,James Vick,190.5,193.04,155,182.88,195.58,155,25,29,7.62,-2.54,-4,,1.0,0.0,0.0
4193,Blue,Efrain Escudero,Kevin Lee,175.26,195.58,170,175.26,177.8,155,30,23,0.0,17.78,7,U-DEC,,1.0,1.0
4198,Blue,Beneil Dariush,Michael Chiesa,185.42,190.5,170,177.8,182.88,155,26,28,7.62,7.62,-2,SUB,1.0,1.0,0.0
4199,Blue,Bethe Correia,Raquel Pennington,170.18,170.18,135,165.1,162.56,135,32,27,5.08,7.62,5,S-DEC,1.0,1.0,1.0
4200,Blue,Court McGee,Santiago Ponzinibbio,182.88,185.42,170,180.34,190.5,170,31,29,2.54,-5.08,2,KO/TKO,1.0,0.0,1.0
4201,Blue,Randy Brown,Michael Graves,177.8,180.34,170,190.5,198.12,170,25,25,-12.7,-17.78,0,SUB,0.0,0.0,
4203,Blue,Oluwale Bamgbose,Cezar Ferreira,185.42,198.12,185,180.34,198.12,185,28,31,5.08,0.0,-3,U-DEC,1.0,,0.0
4205,Blue,Ben Rothwell,Junior Dos Santos,193.04,195.58,238,193.04,198.12,265,34,32,0.0,-2.54,2,U-DEC,,0.0,1.0
4209,Blue,Igor Pokrajac,Jan Blachowicz,187.96,198.12,205,182.88,193.04,205,37,33,5.08,5.08,4,U-DEC,1.0,1.0,1.0
4211,Blue,Nicolas Dalby,Zak Cummings,182.88,190.5,185,180.34,187.96,170,31,31,2.54,2.54,0,U-DEC,1.0,1.0,
4212,Blue,Ian Entwistle,Alejandro Perez,167.64,170.18,135,165.1,162.56,135,29,26,2.54,7.62,3,KO/TKO,1.0,1.0,1.0
4214,Blue,Filip Pejic,Damian Stasiak,165.1,177.8,135,172.72,177.8,135,23,26,-7.62,0.0,-3,SUB,0.0,,0.0
4215,Blue,Rob Whiteford,Lucas Martins,182.88,182.88,145,175.26,175.26,145,32,27,7.62,7.62,5,,1.0,1.0,1.0
4217,Blue,Alessio Di Chirico,Bojan Velickovic,182.88,193.04,170,182.88,187.96,185,26,27,0.0,5.08,-1,U-DEC,,1.0,0.0
4219,Blue,Hector Lombard,Neil Magny,190.5,203.2,170,175.26,180.34,185,38,28,15.24,22.86,10,KO/TKO,1.0,1.0,1.0
4222,Blue,James Te Huna,Steve Bosse,180.34,182.88,205,187.96,190.5,185,34,34,-7.62,-7.62,0,KO/TKO,0.0,0.0,
4224,Blue,Brendan O'Reilly,Alan Jouban,182.88,185.42,170,170.18,175.26,170,28,34,12.7,10.16,-6,KO/TKO,1.0,1.0,0.0
4227,Blue,Richard Walsh,Viscardi Andrade,180.34,190.5,170,182.88,185.42,170,27,32,-2.54,5.08,-5,U-DEC,0.0,1.0,0.0
4230,Blue,Conor McGregor,Nate Diaz,182.88,193.04,170,175.26,187.96,155,27,30,7.62,5.08,-3,SUB,1.0,1.0,0.0
4231,Blue,Holly Holm,Miesha Tate,167.64,165.1,135,172.72,175.26,145,34,29,-5.08,-10.16,5,SUB,0.0,0.0,1.0
4232,Blue,Gian Villante,Ilir Latifi,177.8,185.42,205,190.5,193.04,205,30,32,-12.7,-7.62,-2,U-DEC,0.0,0.0,0.0
4235,Blue,Brandon Thatch,Siyar Bahadurzada,180.34,185.42,170,187.96,187.96,170,30,31,-7.62,-2.54,-1,SUB,0.0,0.0,0.0
4236,Blue,Erick Silva,Nordine Taleb,185.42,187.96,170,182.88,187.96,170,31,34,2.54,0.0,-3,KO/TKO,1.0,,0.0
4241,Blue,Julian Erosa,Teruto Ishihara,170.18,175.26,135,185.42,187.96,145,26,24,-15.24,-12.7,2,KO/TKO,0.0,0.0,1.0
4242,Blue,Anderson Silva,Michael Bisping,185.42,190.5,185,187.96,195.58,185,40,36,-2.54,-5.08,4,U-DEC,0.0,0.0,1.0
4245,Blue,Francisco Rivera,Brad Pickett,167.64,172.72,135,172.72,172.72,135,34,37,-5.08,0.0,-3,S-DEC,0.0,,0.0
4246,Blue,Mike Wilkinson,Makwan Amirkhani,177.8,182.88,145,170.18,172.72,145,28,27,7.62,10.16,1,U-DEC,1.0,1.0,1.0
4250,Blue,Bradley Scott,Krzysztof Jotko,185.42,195.58,185,185.42,193.04,170,26,26,0.0,2.54,0,,,1.0,
4251,Blue,Norman Parke,Rustam Khabilov,172.72,185.42,155,180.34,177.8,155,29,29,-7.62,7.62,0,U-DEC,0.0,1.0,
4261,Blue,Alex Garcia,Sean Strickland,185.42,193.04,170,175.26,182.88,170,28,24,10.16,10.16,4,KO/TKO,1.0,1.0,1.0
4262,Blue,Daniel Sarafian,Oluwale Bamgbose,180.34,198.12,185,175.26,185.42,185,33,28,5.08,12.7,5,KO/TKO,1.0,1.0,1.0
4264,Blue,Jonavin Webb,Nathan Coy,177.8,175.26,170,177.8,180.34,170,26,37,0.0,-5.08,-11,U-DEC,,0.0,0.0
4265,Blue,Marion Reneau,Ashlee Evans-Smith,172.72,170.18,125,167.64,172.72,135,38,28,5.08,-2.54,10,S-DEC,1.0,0.0,1.0
4267,Blue,Anthony Hamilton,Shamil Abdurakhimov,190.5,193.04,235,195.58,193.04,260,35,34,-5.08,0.0,1,U-DEC,0.0,,1.0
4268,Blue,Johny Hendricks,Stephen Thompson,182.88,190.5,170,175.26,175.26,185,32,32,7.62,15.24,0,KO/TKO,1.0,1.0,
4276,Blue,Ray Borg,Justin Scoggins,170.18,167.64,125,162.56,160.02,135,22,23,7.62,7.62,-1,U-DEC,1.0,1.0,0.0
4277,Blue,Noad Lahat,Diego Rivas,172.72,175.26,145,175.26,175.26,145,31,24,-2.54,0.0,7,KO/TKO,0.0,,1.0
4279,Blue,Artem Lobov,Alex White,182.88,180.34,155,175.26,165.1,145,29,27,7.62,15.24,2,U-DEC,1.0,1.0,1.0
4281,Blue,Josh Barnett,Ben Rothwell,193.04,198.12,265,190.5,198.12,250,38,34,2.54,0.0,4,SUB,1.0,,1.0
4282,Blue,Iuri Alcantara,Jimmie Rivera,162.56,172.72,135,175.26,180.34,135,35,26,-12.7,-7.62,9,U-DEC,0.0,0.0,1.0
4283,Blue,Sage Northcutt,Bryan Barberena,182.88,182.88,170,182.88,180.34,170,19,26,0.0,2.54,-7,SUB,,1.0,0.0
4285,Blue,Olivier Aubin-Mercier,Diego Ferreira,175.26,187.96,155,175.26,177.8,155,26,31,0.0,10.16,-5,U-DEC,,1.0,0.0
4287,Blue,Dustin Ortiz,Wilson Reis,162.56,165.1,125,165.1,165.1,125,27,31,-2.54,0.0,-4,U-DEC,0.0,,0.0
4288,Blue,George Sullivan,Alexander Yakovlev,190.5,187.96,155,182.88,185.42,170,34,31,7.62,2.54,3,KO/TKO,1.0,1.0,1.0
4290,Blue,Matt Dwyer,Randy Brown,190.5,198.12,170,193.04,193.04,170,26,25,-2.54,5.08,1,U-DEC,0.0,1.0,1.0
4292,Blue,TJ Dillashaw,Dominick Cruz,172.72,172.72,135,167.64,170.18,125,29,30,5.08,2.54,-1,S-DEC,1.0,1.0,0.0
4293,Blue,Anthony Pettis,Eddie Alvarez,175.26,175.26,155,177.8,182.88,170,28,32,-2.54,-7.62,-4,S-DEC,0.0,0.0,0.0
4295,Blue,Ross Pearson,Francisco Trinaldo,175.26,177.8,155,172.72,175.26,155,31,37,2.54,2.54,-6,U-DEC,1.0,1.0,0.0
4297,Blue,Tim Boetsch,Ed Herman,185.42,195.58,205,182.88,187.96,185,34,35,2.54,7.62,-1,KO/TKO,1.0,1.0,0.0
4299,Blue,Maximo Blanco,Luke Sanders,167.64,170.18,135,172.72,180.34,145,32,30,-5.08,-10.16,2,SUB,0.0,0.0,1.0
4307,Blue,Lorenz Larkin,Albert Tumenov,180.34,185.42,170,180.34,182.88,170,29,24,0.0,2.54,5,S-DEC,,1.0,1.0
4308,Blue,Diego Brandao,Brian Ortega,172.72,175.26,145,170.18,172.72,145,28,24,2.54,2.54,4,SUB,1.0,1.0,1.0
4311,Blue,Kyle Noke,Alex Morono,180.34,182.88,170,185.42,193.04,170,35,25,-5.08,-10.16,10,S-DEC,0.0,0.0,1.0
4313,Blue,Scott Holtzman,Drew Dober,172.72,177.8,155,175.26,175.26,155,32,27,-2.54,2.54,5,U-DEC,0.0,1.0,1.0
4315,Blue,Joe Soto,Michinori Tanaka,165.1,170.18,135,167.64,165.1,135,28,25,-2.54,5.08,3,S-DEC,0.0,1.0,1.0
4318,Blue,Junior Dos Santos,Alistair Overeem,193.04,203.2,265,193.04,195.58,238,31,35,0.0,7.62,-4,KO/TKO,,1.0,0.0
4319,Blue,Michael Johnson,Nate Diaz,182.88,193.04,170,177.8,185.42,145,29,30,5.08,7.62,-1,U-DEC,1.0,1.0,0.0
4320,Blue,Randa Markos,Karolina Kowalkiewicz,160.02,162.56,115,162.56,160.02,115,30,30,-2.54,2.54,0,U-DEC,0.0,1.0,
4322,Blue,CB Dollaway,Nate Marquardt,182.88,187.96,185,187.96,193.04,185,32,36,-5.08,-5.08,-4,KO/TKO,0.0,0.0,0.0
4323,Blue,Sarah Kaufman,Valentina Shevchenko,165.1,167.64,125,165.1,170.18,135,30,27,0.0,-2.54,3,S-DEC,,0.0,1.0
4324,Blue,Josh Samman,Tamdan McCrory,193.04,198.12,185,190.5,200.66,185,27,29,2.54,-2.54,-2,SUB,1.0,0.0,0.0
4327,Blue,Hayder Hassan,Vicente Luque,180.34,190.5,170,177.8,177.8,170,33,24,2.54,12.7,9,SUB,1.0,1.0,1.0
4329,Blue,Jose Aldo,Conor McGregor,175.26,187.96,155,170.18,177.8,145,29,27,5.08,10.16,2,KO/TKO,1.0,1.0,1.0
4330,Blue,Chris Weidman,Luke Rockhold,190.5,195.58,185,187.96,198.12,185,31,31,2.54,-2.54,0,KO/TKO,1.0,0.0,
4331,Blue,Jacare Souza,Yoel Romero,182.88,185.42,185,185.42,182.88,185,36,38,-2.54,2.54,-2,S-DEC,0.0,1.0,0.0
4338,Blue,Joe Proctor,Magomed Mustafaev,172.72,180.34,155,177.8,182.88,155,30,27,-5.08,-2.54,3,KO/TKO,0.0,0.0,1.0
4339,Blue,John Makdessi,Yancy Medeiros,177.8,190.5,155,172.72,172.72,155,30,28,5.08,17.78,2,S-DEC,1.0,1.0,1.0
4342,Blue,Artem Lobov,Ryan Hall,177.8,180.34,155,175.26,165.1,145,29,30,2.54,15.24,-1,U-DEC,1.0,1.0,0.0
4343,Blue,Edson Barboza,Tony Ferguson,180.34,193.04,155,180.34,190.5,155,29,31,0.0,2.54,-2,SUB,,1.0,0.0
4344,Blue,Joe Lauzon,Evan Dunham,177.8,177.8,155,177.8,180.34,155,31,33,0.0,-2.54,-2,U-DEC,,0.0,0.0
4349,Blue,Joby Sanchez,Geane Herrera,165.1,167.64,125,167.64,172.72,135,24,25,-2.54,-5.08,-1,KO/TKO,0.0,0.0,0.0
4352,Blue,Jim Miller,Michael Chiesa,185.42,190.5,170,172.72,180.34,155,32,28,12.7,10.16,4,SUB,1.0,1.0,1.0
4354,Blue,Elias Theodorou,Thiago Santos,187.96,193.04,205,185.42,190.5,185,27,31,2.54,2.54,-4,U-DEC,1.0,1.0,0.0
4356,Blue,Omari Akhmedov,Sergio Moraes,182.88,182.88,170,182.88,185.42,185,28,33,0.0,-2.54,-5,KO/TKO,,0.0,0.0
4364,Blue,Yoshihiro Akiyama,Alberto Mina,182.88,195.58,170,177.8,185.42,170,40,33,5.08,10.16,7,S-DEC,1.0,1.0,1.0
4367,Blue,Yui Chul Nam,Mike de la Torre,180.34,180.34,145,175.26,175.26,145,34,29,5.08,5.08,5,S-DEC,1.0,1.0,1.0
4370,Blue,Yao Zhikui,Fredy Serrano,160.02,165.1,125,165.1,162.56,125,24,36,-5.08,2.54,-12,KO/TKO,0.0,1.0,0.0
4371,Blue,Ning Guangyou,Marco Beltran,172.72,175.26,125,162.56,162.56,145,33,29,10.16,12.7,4,,1.0,1.0,1.0
4375,Blue,Jussier Formiga,Henry Cejudo,162.56,162.56,135,165.1,170.18,125,30,28,-2.54,-7.62,2,S-DEC,0.0,0.0,1.0
4377,Blue,Horacio Gutierrez,Enrique Barzola,170.18,177.8,145,177.8,175.26,145,25,26,-7.62,2.54,-1,U-DEC,0.0,1.0,0.0
4378,Blue,Efrain Escudero,Leandro Silva,175.26,182.88,155,175.26,177.8,155,29,30,0.0,5.08,-1,U-DEC,,1.0,0.0
4380,Blue,Hector Urbina,Bartosz Fabinski,182.88,190.5,170,180.34,185.42,170,28,29,2.54,5.08,-1,U-DEC,1.0,1.0,0.0
4382,Blue,Gabriel Benitez,Andre Fili,180.34,187.96,145,172.72,180.34,145,27,25,7.62,7.62,2,KO/TKO,1.0,1.0,1.0
4383,Blue,Vernon Ramos,Alvaro Herrera,182.88,187.96,155,167.64,182.88,170,23,25,15.24,5.08,-2,,1.0,1.0,0.0
4384,Blue,Cesar Arzamendia,Polo Reyes,180.34,180.34,155,180.34,180.34,155,24,31,0.0,0.0,-7,,,,0.0
4385,Blue,Valmir Lazaro,Michel Prazeres,167.64,170.18,170,182.88,185.42,155,30,34,-15.24,-15.24,-4,S-DEC,0.0,0.0,0.0
4386,Blue,Ronda Rousey,Holly Holm,172.72,175.26,145,170.18,172.72,135,28,34,2.54,2.54,-6,KO/TKO,1.0,1.0,0.0
4389,Blue,Uriah Hall,Robert Whittaker,182.88,185.42,185,182.88,200.66,185,31,24,0.0,-15.24,7,U-DEC,,0.0,1.0
4390,Blue,Stefan Struve,Jared Rosholt,187.96,190.5,265,210.82,213.36,265,27,29,-22.86,-22.86,-2,U-DEC,0.0,0.0,0.0
4393,Blue,Anthony Perosh,Gian Villante,190.5,193.04,205,190.5,190.5,205,43,30,0.0,2.54,13,KO/TKO,,1.0,1.0
4394,Blue,Richie Vaculik,Danny Martinez,167.64,170.18,125,167.64,175.26,125,32,30,0.0,-5.08,2,U-DEC,,0.0,1.0
4403,Blue,Gilbert Burns,Rashid Magomedov,175.26,177.8,155,177.8,180.34,155,29,30,-2.54,-2.54,-1,U-DEC,0.0,0.0,0.0
4404,Blue,Fabio Maldonado,Corey Anderson,190.5,200.66,205,185.42,190.5,205,35,26,5.08,10.16,9,U-DEC,1.0,1.0,1.0
4405,Blue,Gleison Tibau,Abel Trujillo,172.72,177.8,155,177.8,180.34,155,32,32,-5.08,-2.54,0,DQ,0.0,0.0,
4406,Blue,Yan Cabral,Johnny Case,177.8,182.88,155,180.34,185.42,155,32,26,-2.54,-2.54,6,U-DEC,0.0,0.0,1.0
4407,Blue,Clay Guida,Thiago Tavares,170.18,172.72,145,170.18,177.8,155,33,30,0.0,-5.08,3,SUB,,0.0,1.0
4408,Blue,Kevin Souza,Chas Skelly,180.34,182.88,145,182.88,187.96,145,31,30,-2.54,-5.08,1,,0.0,0.0,1.0
4410,Blue,Pedro Munhoz,Jimmie Rivera,162.56,172.72,135,167.64,165.1,135,29,26,-5.08,7.62,3,S-DEC,0.0,1.0,1.0
4411,Blue,Bruno Korea,Matheus Nicolau,167.64,167.64,125,167.64,165.1,135,24,22,0.0,2.54,2,,,1.0,1.0
4412,Blue,Paddy Holohan,Louis Smolka,175.26,172.72,135,177.8,175.26,125,27,24,-2.54,-2.54,3,SUB,0.0,0.0,1.0
4417,Blue,Scott Askham,Krzysztof Jotko,185.42,195.58,185,190.5,190.5,185,27,26,-5.08,5.08,1,S-DEC,0.0,1.0,1.0
4418,Blue,Cathal Pendred,Tom Breese,190.5,185.42,185,185.42,190.5,170,28,24,5.08,-5.08,4,KO/TKO,1.0,0.0,1.0
4420,Blue,Bubba Bush,Garreth McLellan,185.42,182.88,185,182.88,185.42,185,30,33,2.54,-2.54,-3,KO/TKO,1.0,0.0,0.0
4423,Blue,Shawn Jordan,Ruslan Magomedov,190.5,198.12,242,182.88,190.5,260,30,28,7.62,7.62,2,U-DEC,1.0,1.0,1.0
4425,Blue,Jessica Eye,Julianna Pena,167.64,175.26,135,167.64,167.64,125,29,26,0.0,7.62,3,U-DEC,,1.0,1.0
4427,Blue,Alan Jouban,Albert Tumenov,180.34,185.42,170,182.88,185.42,170,33,23,-2.54,0.0,10,KO/TKO,0.0,,1.0
4430,Blue,Francisco Trevino,Sage Northcutt,182.88,180.34,170,175.26,177.8,155,33,19,7.62,2.54,14,KO/TKO,1.0,1.0,1.0
4431,Blue,Chris Cariaso,Sergio Pettis,167.64,175.26,135,160.02,160.02,125,34,22,7.62,15.24,12,U-DEC,1.0,1.0,1.0
4434,Blue,Gegard Mousasi,Uriah Hall,182.88,200.66,185,187.96,193.04,185,30,31,-5.08,7.62,-1,KO/TKO,0.0,1.0,0.0
4437,Blue,Katsunori Kikuno,Diego Brandao,170.18,172.72,145,172.72,167.64,145,33,28,-2.54,5.08,5,KO/TKO,0.0,1.0,1.0
4440,Blue,Naoyuki Kotani,Kajan Johnson,180.34,190.5,155,172.72,167.64,155,33,31,7.62,22.86,2,U-DEC,1.0,1.0,1.0
4445,Blue,Jan Blachowicz,Corey Anderson,190.5,200.66,205,187.96,198.12,205,32,25,2.54,2.54,7,U-DEC,1.0,1.0,1.0
4448,Blue,Francisco Rivera,John Lineker,160.02,170.18,135,172.72,172.72,135,33,25,-12.7,-2.54,8,SUB,0.0,0.0,1.0
4449,Blue,Jessica Andrade,Raquel Pennington,170.18,170.18,135,154.94,157.48,115,23,26,15.24,12.7,-3,SUB,1.0,1.0,0.0
4450,Blue,Clay Collard,Tiago Trator,175.26,177.8,145,180.34,185.42,145,22,28,-5.08,-7.62,-6,,0.0,0.0,0.0
4456,Blue,Chad Laprise,Francisco Trinaldo,175.26,177.8,155,177.8,180.34,170,29,36,-2.54,-2.54,-7,KO/TKO,0.0,0.0,0.0
4458,Blue,Maryna Moroz,Valerie Letourneau,170.18,172.72,115,170.18,170.18,125,23,32,0.0,2.54,-9,U-DEC,,1.0,0.0
4459,Blue,Sam Stout,Frankie Perez,180.34,185.42,155,175.26,177.8,155,31,26,5.08,7.62,5,KO/TKO,1.0,1.0,1.0
4460,Blue,Yves Jabouin,Felipe Arantes,172.72,185.42,135,170.18,172.72,135,36,27,2.54,12.7,9,SUB,1.0,1.0,1.0
4461,Blue,Marcos Rogerio de Lima,Nikita Krylov,190.5,195.58,205,185.42,190.5,253,30,23,5.08,5.08,7,SUB,1.0,1.0,1.0
4466,Blue,Michael Johnson,Beneil Dariush,177.8,182.88,155,177.8,185.42,145,29,26,0.0,-2.54,3,S-DEC,,0.0,1.0
4469,Blue,Sara McMann,Amanda Nunes,172.72,175.26,145,167.64,167.64,135,34,27,5.08,7.62,7,SUB,1.0,1.0,1.0
4475,Blue,Chris Dempsey,Jonathan Wilson,187.96,190.5,205,177.8,182.88,185,27,28,10.16,7.62,-1,KO/TKO,1.0,1.0,0.0
4477,Blue,Anthony Christodoulou,Scott Holtzman,175.26,175.26,155,175.26,182.88,155,28,31,0.0,-7.62,-3,SUB,,0.0,0.0
4486,Blue,Rafael Feijao,Patrick Cummins,187.96,193.04,205,185.42,185.42,205,35,34,2.54,7.62,1,,1.0,1.0,1.0
4490,Blue,Hugo Viana,Guido Cannetti,167.64,172.72,135,167.64,170.18,135,32,35,0.0,2.54,-3,U-DEC,,1.0,0.0
4495,Blue,Gian Villante,Tom Lawlor,182.88,187.96,205,190.5,193.04,205,29,32,-7.62,-5.08,-3,KO/TKO,0.0,0.0,0.0
4497,Blue,Kenny Robertson,Ben Saunders,187.96,195.58,170,177.8,187.96,170,31,32,10.16,7.62,-1,S-DEC,1.0,1.0,0.0
4498,Blue,Eddie Wineland,Bryan Caraway,172.72,172.72,135,170.18,175.26,135,31,30,2.54,-2.54,1,U-DEC,1.0,0.0,1.0
4499,Blue,Daron Cruickshank,James Krause,187.96,185.42,170,172.72,182.88,155,30,29,15.24,2.54,1,SUB,1.0,1.0,1.0
4500,Blue,Ramsey Nijem,Andrew Holbrook,180.34,177.8,155,180.34,190.5,155,27,29,0.0,-12.7,-2,S-DEC,,0.0,0.0
4501,Blue,Jessamyn Duke,Elizabeth Phillips,167.64,165.1,135,180.34,185.42,135,29,28,-12.7,-20.32,1,U-DEC,0.0,0.0,1.0
4504,Blue,Ross Pearson,Evan Dunham,177.8,177.8,155,172.72,175.26,155,30,33,5.08,2.54,-3,U-DEC,1.0,1.0,0.0
4513,Blue,Marcus Brimage,Jimmie Rivera,162.56,172.72,135,162.56,180.34,135,30,26,0.0,-7.62,4,KO/TKO,,0.0,1.0
4516,Blue,Josh Thomson,Tony Ferguson,180.34,193.04,155,177.8,180.34,155,36,31,2.54,12.7,5,U-DEC,1.0,1.0,1.0
4518,Blue,Scott Jorgensen,Manvel Gamburyan,165.1,170.18,135,165.1,167.64,135,32,34,0.0,2.54,-2,U-DEC,,1.0,0.0
4524,Blue,Igor Araujo,Sean Strickland,185.42,193.04,170,185.42,195.58,170,34,24,0.0,-2.54,10,U-DEC,,0.0,1.0
4526,Blue,Andrew Craig,Lyman Good,182.88,187.96,170,185.42,193.04,170,29,30,-2.54,-5.08,-1,KO/TKO,0.0,0.0,0.0
4527,Blue,Jake Ellenberger,Stephen Thompson,182.88,190.5,170,175.26,180.34,170,30,32,7.62,10.16,-2,KO/TKO,1.0,1.0,0.0
4531,Blue,Angela Magana,Michelle Waterson,160.02,157.48,115,154.94,165.1,115,31,29,5.08,-7.62,2,SUB,1.0,0.0,1.0
4534,Blue,Russell Doane,Jerrod Sanders,172.72,182.88,135,170.18,177.8,135,28,35,2.54,5.08,-7,U-DEC,1.0,1.0,0.0
4535,Blue,Dan Miller,Trevor Smith,190.5,190.5,185,185.42,187.96,185,34,34,5.08,2.54,0,U-DEC,1.0,1.0,
4537,Blue,Darrell Montague,Willie Gates,172.72,177.8,125,167.64,170.18,125,27,28,5.08,7.62,-1,KO/TKO,1.0,1.0,0.0
4538,Blue,Chad Mendes,Conor McGregor,175.26,187.96,155,167.64,167.64,145,30,26,7.62,20.32,4,KO/TKO,1.0,1.0,1.0
4540,Blue,Dennis Bermudez,Jeremy Stephens,172.72,180.34,145,167.64,167.64,155,28,29,5.08,12.7,-1,KO/TKO,1.0,1.0,0.0
4542,Blue,Brad Pickett,Thomas Almeida,170.18,177.8,135,167.64,172.72,135,36,23,2.54,5.08,13,KO/TKO,1.0,1.0,1.0
4544,Blue,Mike Swick,Alex Garcia,175.26,182.88,170,185.42,195.58,170,36,27,-10.16,-12.7,9,U-DEC,0.0,0.0,1.0
4545,Blue,Cathal Pendred,John Howard,170.18,180.34,170,185.42,190.5,170,27,32,-15.24,-10.16,-5,S-DEC,0.0,0.0,0.0
4547,Blue,Neil Seery,Louis Smolka,175.26,172.72,135,162.56,162.56,125,35,23,12.7,10.16,12,U-DEC,1.0,1.0,1.0
4548,Blue,Yosdenis Cedeno,Cody Pfister,177.8,185.42,155,172.72,175.26,155,30,24,5.08,10.16,6,U-DEC,1.0,1.0,1.0
4549,Blue,Lyoto Machida,Yoel Romero,182.88,185.42,185,185.42,187.96,185,37,38,-2.54,-2.54,-1,KO/TKO,0.0,0.0,0.0
4550,Blue,Santiago Ponzinibbio,Lorenz Larkin,180.34,182.88,170,182.88,185.42,170,28,28,-2.54,-2.54,0,KO/TKO,0.0,0.0,
4556,Blue,Steve Montgomery,Tony Sims,180.34,177.8,155,193.04,190.5,185,24,29,-12.7,-12.7,-5,KO/TKO,0.0,0.0,0.0
4557,Blue,Danny Martinez,Sirwan Kakai,165.1,167.64,135,167.64,170.18,125,30,25,-2.54,-2.54,5,U-DEC,0.0,0.0,1.0
4559,Blue,Dennis Siver,Tatsuya Kawajiri,170.18,175.26,145,167.64,177.8,145,36,37,2.54,-2.54,-1,U-DEC,1.0,0.0,0.0
4564,Blue,Alan Omer,Arnold Allen,172.72,177.8,145,177.8,180.34,145,26,21,-5.08,-2.54,5,SUB,0.0,0.0,1.0
4565,Blue,Niklas Backstrom,Noad Lahat,175.26,175.26,145,185.42,187.96,145,25,31,-10.16,-12.7,-6,M-DEC,0.0,0.0,0.0
4567,Blue,Piotr Hallmann,Magomed Mustafaev,172.72,180.34,155,175.26,180.34,155,27,26,-2.54,0.0,1,KO/TKO,0.0,,1.0
4569,Blue,Cain Velasquez,Fabricio Werdum,193.04,195.58,231,185.42,195.58,240,32,37,7.62,0.0,-5,SUB,1.0,,0.0
4570,Blue,Gilbert Melendez,Eddie Alvarez,175.26,175.26,155,175.26,185.42,145,33,31,0.0,-10.16,2,S-DEC,,0.0,1.0
4576,Blue,Alejandro Perez,Patrick Williams,172.72,185.42,135,167.64,170.18,135,25,33,5.08,15.24,-8,SUB,1.0,1.0,0.0
4577,Blue,Francisco Trevino,Johnny Case,177.8,182.88,155,175.26,177.8,155,33,25,2.54,5.08,8,U-DEC,1.0,1.0,1.0
4578,Blue,Augusto Montano,Cathal Pendred,185.42,190.5,170,185.42,185.42,170,30,27,0.0,5.08,3,U-DEC,,1.0,1.0
4580,Blue,Tim Boetsch,Dan Henderson,180.34,187.96,185,182.88,187.96,185,34,44,-2.54,0.0,-10,KO/TKO,0.0,,0.0
4583,Blue,Thiago Tavares,Brian Ortega,172.72,175.26,145,170.18,172.72,145,30,24,2.54,2.54,6,KO/TKO,1.0,1.0,1.0
4584,Blue,Joe Soto,Anthony Birchak,172.72,175.26,135,167.64,165.1,135,28,29,5.08,10.16,-1,KO/TKO,1.0,1.0,0.0
4587,Blue,Brian Ebersole,Omari Akhmedov,182.88,185.42,185,182.88,185.42,170,34,27,0.0,0.0,7,KO/TKO,,,1.0
4590,Blue,Ricardo Abreu,Jake Collier,190.5,198.12,205,180.34,185.42,185,31,26,10.16,12.7,5,S-DEC,1.0,1.0,1.0
4593,Blue,Nik Lentz,Charles Oliveira,177.8,187.96,155,172.72,172.72,155,30,25,5.08,15.24,5,SUB,1.0,1.0,1.0
4594,Blue,KJ Noons,Alex Oliveira,180.34,193.04,170,177.8,182.88,155,32,27,2.54,10.16,5,SUB,1.0,1.0,1.0
4597,Blue,Wendell Oliveira,Darren Till,182.88,187.96,170,177.8,182.88,170,31,22,5.08,5.08,9,,1.0,1.0,1.0
4599,Blue,Elizeu Zaleski dos Santos,Nicolas Dalby,180.34,187.96,170,180.34,185.42,170,28,30,0.0,2.54,-2,S-DEC,,1.0,0.0
4600,Blue,Lucas Martins,Mirsad Bektic,172.72,177.8,145,182.88,182.88,145,26,24,-10.16,-5.08,2,KO/TKO,0.0,0.0,1.0
4602,Blue,Luiz Dutra,Tom Breese,190.5,185.42,185,180.34,180.34,170,33,23,10.16,5.08,10,KO/TKO,1.0,1.0,1.0
4603,Blue,Anthony Johnson,Daniel Cormier,180.34,182.88,235,187.96,198.12,205,31,36,-7.62,-15.24,-5,SUB,0.0,0.0,0.0
4606,Blue,Travis Browne,Andrei Arlovski,190.5,195.58,240,198.12,200.66,255,32,36,-7.62,-5.08,-4,KO/TKO,0.0,0.0,0.0
4610,Blue,Uriah Hall,Rafael Natal,182.88,193.04,185,182.88,200.66,185,30,32,0.0,-7.62,-2,S-DEC,,0.0,0.0
4611,Blue,Mike Pyle,Colby Covington,180.34,182.88,170,182.88,187.96,170,39,27,-2.54,-5.08,12,U-DEC,0.0,0.0,1.0
4617,Blue,Hyun Gyu Lim,Neil Magny,190.5,203.2,170,190.5,195.58,170,30,27,0.0,7.62,3,KO/TKO,,1.0,1.0
4619,Blue,Mark Eddiva,Levan Makashvili,172.72,172.72,145,172.72,172.72,145,29,26,0.0,0.0,3,S-DEC,,,1.0
4620,Blue,Tae Hyun Bang,Jon Tuck,180.34,185.42,155,175.26,180.34,155,32,30,5.08,5.08,2,SUB,1.0,1.0,1.0
4621,Blue,Zhang Lipeng,Kajan Johnson,180.34,190.5,155,180.34,180.34,155,25,31,0.0,10.16,-6,,,1.0,0.0
4624,Blue,Roldan Sangcha-an,Jon Delos Reyes,167.64,170.18,125,162.56,165.1,125,24,27,5.08,5.08,-3,,1.0,1.0,0.0
4625,Blue,Nolan Ticman,Yao Zhikui,165.1,162.56,125,167.64,175.26,125,26,24,-2.54,-12.7,2,S-DEC,0.0,0.0,1.0
4627,Blue,Brad Tavares,Robert Whittaker,182.88,185.42,185,185.42,187.96,185,27,24,-2.54,-2.54,3,KO/TKO,0.0,0.0,1.0
4628,Blue,Anthony Perosh,Sean O'Connell,185.42,187.96,205,190.5,190.5,205,42,31,-5.08,-2.54,11,KO/TKO,0.0,0.0,1.0
4629,Blue,Jake Matthews,James Vick,190.5,193.04,155,180.34,185.42,170,20,28,10.16,7.62,-8,SUB,1.0,1.0,0.0
4630,Blue,Hatsu Hioki,Dan Hooker,182.88,190.5,155,180.34,177.8,145,31,25,2.54,12.7,6,KO/TKO,1.0,1.0,1.0
4632,Blue,Daniel Kelly,Sam Alvey,187.96,190.5,205,182.88,177.8,185,37,29,5.08,12.7,8,KO/TKO,1.0,1.0,1.0
4634,Blue,Dylan Andrews,Bradley Scott,185.42,193.04,170,185.42,185.42,185,35,25,0.0,7.62,10,,,1.0,1.0
4636,Blue,Vik Grujic,Brendan O'Reilly,170.18,175.26,170,180.34,185.42,170,38,27,-10.16,-10.16,11,U-DEC,0.0,0.0,1.0
4637,Blue,Alptekin Ozkilic,Ben Nguyen,165.1,165.1,125,165.1,165.1,125,29,26,0.0,0.0,3,KO/TKO,,,1.0
4642,Blue,Yves Jabouin,Thomas Almeida,170.18,177.8,135,170.18,172.72,135,35,23,0.0,5.08,12,KO/TKO,,1.0,1.0
4648,Blue,Jessica Rakoczy,Valerie Letourneau,170.18,172.72,115,170.18,172.72,115,38,31,0.0,0.0,7,U-DEC,,,1.0
4650,Blue,Lyoto Machida,Luke Rockhold,190.5,195.58,185,185.42,187.96,185,36,30,5.08,7.62,6,SUB,1.0,1.0,1.0
4652,Blue,Cub Swanson,Max Holloway,180.34,175.26,155,172.72,177.8,145,31,23,7.62,-2.54,8,SUB,1.0,0.0,1.0
4653,Blue,Felice Herrig,Paige VanZant,162.56,165.1,115,162.56,165.1,115,30,21,0.0,0.0,9,U-DEC,,,1.0
4654,Blue,Jim Miller,Beneil Dariush,177.8,182.88,155,172.72,180.34,155,31,25,5.08,2.54,6,U-DEC,1.0,1.0,1.0
4656,Blue,Corey Anderson,Gian Villante,190.5,193.04,205,190.5,200.66,205,25,29,0.0,-7.62,-4,KO/TKO,,0.0,0.0
4657,Blue,Takeya Mizugaki,Aljamain Sterling,170.18,180.34,135,170.18,172.72,135,31,25,0.0,7.62,6,SUB,,1.0,1.0
4658,Blue,George Sullivan,Tim Means,187.96,190.5,170,182.88,185.42,170,34,31,5.08,5.08,3,SUB,1.0,1.0,1.0
4660,Blue,Eddie Gordon,Chris Dempsey,177.8,182.88,185,182.88,193.04,185,31,27,-5.08,-10.16,4,S-DEC,0.0,0.0,1.0
4661,Blue,Gabriel Gonzaga,Mirko Cro Cop,187.96,185.42,230,187.96,193.04,242,35,40,0.0,-7.62,-5,,,0.0,0.0
4664,Blue,Joanne Calderwood,Maryna Moroz,170.18,170.18,125,167.64,165.1,125,29,23,2.54,5.08,6,SUB,1.0,1.0,1.0
4665,Blue,Seth Baczynski,Leon Edwards,182.88,187.96,170,190.5,187.96,170,33,23,-7.62,0.0,10,KO/TKO,0.0,,1.0
4668,Blue,Damian Stasiak,Yaotzin Meza,175.26,187.96,145,165.1,177.8,135,25,34,10.16,10.16,-9,U-DEC,1.0,1.0,0.0
4669,Blue,Daniel Omielanczuk,Anthony Hamilton,195.58,193.04,260,182.88,187.96,247,32,34,12.7,5.08,-2,U-DEC,1.0,1.0,0.0
4670,Blue,Izabela Badurek,Alexandra Albu,157.48,160.02,115,165.1,165.0,115,23,24,-7.62,-4.98,-1,,0.0,0.0,0.0
4671,Blue,Marcin Bandel,Stevie Ray,177.8,177.8,155,177.8,177.8,155,25,25,0.0,0.0,0,KO/TKO,,,
4674,Blue,Jorge Masvidal,Al Iaquinta,177.8,177.8,155,180.34,187.96,170,30,27,-2.54,-10.16,3,S-DEC,0.0,0.0,1.0
4680,Blue,Gray Maynard,Alexander Yakovlev,190.5,187.96,155,175.26,177.8,155,35,30,15.24,10.16,5,U-DEC,1.0,1.0,1.0
4681,Blue,Shamil Abdurakhimov,Tim Johnson,190.5,195.58,265,190.5,193.04,235,33,30,0.0,2.54,3,,,1.0,1.0
4692,Blue,Jorge de Oliveira,Christos Giagos,177.8,180.34,155,172.72,180.34,155,35,25,5.08,0.0,10,SUB,1.0,,1.0
4693,Blue,Bentley Syler,Fredy Serrano,160.02,165.1,125,162.56,172.72,125,32,35,-2.54,-7.62,-3,KO/TKO,0.0,0.0,0.0
4694,Blue,Anthony Pettis,Rafael Dos Anjos,172.72,177.8,170,177.8,182.88,170,28,30,-5.08,-5.08,-2,U-DEC,0.0,0.0,0.0
4695,Blue,Carla Esparza,Joanna Jedrzejczyk,167.64,165.1,125,154.94,160.02,115,27,27,12.7,5.08,0,KO/TKO,1.0,1.0,
4697,Blue,Roy Nelson,Alistair Overeem,193.04,203.2,265,182.88,182.88,263,38,34,10.16,20.32,4,U-DEC,1.0,1.0,1.0
4698,Blue,Chris Cariaso,Henry Cejudo,162.56,162.56,135,160.02,160.02,125,33,28,2.54,2.54,5,U-DEC,1.0,1.0,1.0
4701,Blue,Daron Cruickshank,Beneil Dariush,177.8,182.88,155,172.72,182.88,155,29,25,5.08,0.0,4,SUB,1.0,,1.0
4703,Blue,Sergio Pettis,Ryan Benoit,165.1,172.72,125,167.64,175.26,135,21,25,-2.54,-2.54,-4,KO/TKO,0.0,0.0,0.0
4704,Blue,Jake Lindsey,Joe Duffy,177.8,185.42,155,180.34,180.34,155,28,27,-2.54,5.08,1,KO/TKO,0.0,1.0,1.0
4705,Blue,Larissa Pacheco,Germaine de Randamie,175.26,180.34,135,170.18,175.26,135,20,30,5.08,5.08,-10,KO/TKO,1.0,1.0,0.0
4707,Blue,Raquel Pennington,Holly Holm,172.72,175.26,145,170.18,170.18,135,26,33,2.54,5.08,-7,S-DEC,1.0,1.0,0.0
4711,Blue,Mark Munoz,Roan Carneiro,180.34,187.96,170,182.88,182.88,185,37,36,-2.54,5.08,1,SUB,0.0,1.0,1.0
4712,Blue,Dhiego Lima,Tim Means,187.96,190.5,170,187.96,187.96,170,26,31,0.0,2.54,-5,KO/TKO,,1.0,0.0
4714,Blue,James Krause,Valmir Lazaro,182.88,185.42,155,187.96,185.42,170,28,29,-5.08,0.0,-1,S-DEC,0.0,,0.0
4716,Blue,Antonio Silva,Frank Mir,190.5,200.66,264,193.04,203.2,264,35,35,-2.54,-2.54,0,KO/TKO,0.0,0.0,
4717,Blue,Edson Barboza,Michael Johnson,177.8,185.42,145,180.34,190.5,155,29,28,-2.54,-5.08,1,U-DEC,0.0,0.0,1.0
4718,Blue,Cezar Ferreira,Sam Alvey,187.96,190.5,205,185.42,198.12,185,30,28,2.54,-7.62,2,KO/TKO,1.0,0.0,1.0
4719,Blue,Rustam Khabilov,Adriano Martins,177.8,182.88,155,172.72,185.42,155,28,32,5.08,-2.54,-4,S-DEC,1.0,0.0,0.0
4720,Blue,Iuri Alcantara,Frankie Saenz,167.64,167.64,135,175.26,180.34,135,34,34,-7.62,-12.7,0,U-DEC,0.0,0.0,
4722,Blue,Jessica Andrade,Marion Reneau,167.64,172.72,135,154.94,157.48,115,23,37,12.7,15.24,-14,SUB,1.0,1.0,0.0
4723,Blue,William Patolino,Matt Dwyer,193.04,193.04,170,180.34,190.5,170,23,25,12.7,2.54,-2,,1.0,1.0,0.0
4724,Blue,Tiago Trator,Mike de la Torre,180.34,180.34,145,175.26,177.8,145,27,28,5.08,2.54,-1,,1.0,1.0,0.0
4731,Blue,Michel Prazeres,Kevin Lee,175.26,195.58,170,167.64,170.18,170,33,22,7.62,25.4,11,U-DEC,1.0,1.0,1.0
4738,Blue,Joe Lauzon,Al Iaquinta,177.8,177.8,155,177.8,180.34,155,30,27,0.0,-2.54,3,KO/TKO,,0.0,1.0
4740,Blue,Jordan Mein,Thiago Alves,175.26,177.8,170,182.88,185.42,170,25,31,-7.62,-7.62,-6,KO/TKO,0.0,0.0,0.0
4742,Blue,Ed Herman,Derek Brunson,185.42,195.58,185,185.42,195.58,205,34,31,0.0,0.0,3,KO/TKO,,,1.0
4743,Blue,Ian McCall,John Lineker,160.02,170.18,135,165.1,162.56,125,30,24,-5.08,7.62,6,U-DEC,0.0,1.0,1.0
4745,Blue,Richardson Moreira,Ildemar Alcantara,187.96,198.12,185,187.96,182.88,185,30,32,0.0,15.24,-2,S-DEC,,1.0,0.0
4747,Blue,Alexander Gustafsson,Anthony Johnson,187.96,198.12,205,195.58,200.66,205,28,30,-7.62,-2.54,-2,KO/TKO,0.0,0.0,0.0
4748,Blue,Dan Henderson,Gegard Mousasi,187.96,193.04,185,180.34,187.96,185,44,29,7.62,5.08,15,KO/TKO,1.0,1.0,1.0
4749,Blue,Phil Davis,Ryan Bader,187.96,187.96,205,187.96,200.66,205,30,31,0.0,-12.7,-1,S-DEC,,0.0,0.0
4750,Blue,Akira Corassani,Sam Sicilia,172.72,170.18,145,172.72,172.72,145,32,28,0.0,-2.54,4,KO/TKO,,0.0,1.0
4751,Blue,Nico Musoke,Albert Tumenov,180.34,185.42,170,182.88,190.5,170,28,23,-2.54,-5.08,5,,0.0,0.0,1.0
4753,Blue,Andy Ogle,Makwan Amirkhani,177.8,182.88,145,172.72,175.26,145,25,26,5.08,7.62,-1,KO/TKO,1.0,1.0,0.0
4762,Blue,Norman Parke,Gleison Tibau,177.8,180.34,155,180.34,177.8,155,28,31,-2.54,2.54,-3,S-DEC,0.0,1.0,0.0
4764,Blue,John Howard,Lorenz Larkin,180.34,182.88,170,170.18,180.34,170,31,28,10.16,2.54,3,KO/TKO,1.0,1.0,1.0
4765,Blue,Zhang Lipeng,Chris Wade,177.8,177.8,155,180.34,180.34,155,24,27,-2.54,-2.54,-3,,0.0,0.0,0.0
4769,Blue,Matt Van Buren,Sean O'Connell,185.42,187.96,205,195.58,193.04,205,28,31,-10.16,-5.08,-3,KO/TKO,0.0,0.0,0.0
4770,Blue,Tateki Matsuda,Joby Sanchez,167.64,172.72,135,170.18,165.1,125,28,23,-2.54,7.62,5,S-DEC,0.0,1.0,1.0
4775,Blue,Danny Castillo,Paul Felder,180.34,177.8,155,175.26,180.34,155,35,30,5.08,-2.54,5,KO/TKO,1.0,0.0,1.0
4776,Blue,Marcus Brimage,Cody Garbrandt,172.72,165.1,135,162.56,180.34,135,29,23,10.16,-15.24,6,KO/TKO,1.0,0.0,1.0
4780,Blue,Alexis Dufresne,Marion Reneau,167.64,172.72,135,175.26,172.72,135,24,37,-7.62,0.0,-13,U-DEC,0.0,,0.0
4783,Blue,Antonio Carlos Junior,Patrick Cummins,187.96,193.04,205,187.96,200.66,185,24,34,0.0,-7.62,-10,U-DEC,,0.0,0.0
4784,Blue,Elias Silverio,Rashid Magomedov,175.26,177.8,155,180.34,185.42,155,28,30,-5.08,-7.62,-2,KO/TKO,0.0,0.0,0.0
4788,Blue,Tom Niinimaki,Renato Moicano,180.34,182.88,145,175.26,175.26,145,32,25,5.08,7.62,7,SUB,1.0,1.0,1.0
4789,Blue,Darren Elkins,Hacran Dias,172.72,175.26,155,177.8,180.34,145,30,30,-5.08,-5.08,0,U-DEC,0.0,0.0,
4791,Blue,Marcio Alexandre Junior,Tim Means,187.96,190.5,170,182.88,190.5,185,25,30,5.08,0.0,-5,S-DEC,1.0,,0.0
4796,Blue,Gabriel Gonzaga,Matt Mitrione,190.5,200.66,265,187.96,193.04,242,35,36,2.54,7.62,-1,KO/TKO,1.0,1.0,0.0
4797,Blue,Claudia Gadelha,Joanna Jedrzejczyk,167.64,165.1,125,162.56,160.02,115,26,27,5.08,5.08,-1,S-DEC,1.0,1.0,0.0
4799,Blue,Joe Riggs,Ben Saunders,187.96,195.58,170,182.88,177.8,185,32,31,5.08,17.78,1,SUB,1.0,1.0,1.0
4800,Blue,Jamie Varner,Drew Dober,172.72,177.8,155,172.72,182.88,155,30,26,0.0,-5.08,4,SUB,,0.0,1.0
4801,Blue,Joe Ellenberger,Bryan Barberena,182.88,182.88,170,175.26,182.88,155,29,25,7.62,0.0,4,KO/TKO,1.0,,1.0
4804,Blue,Anthony Birchak,Ian Entwistle,165.1,162.56,135,172.72,175.26,135,28,28,-7.62,-12.7,0,SUB,0.0,0.0,
4806,Blue,Jeremy Stephens,Charles Oliveira,177.8,187.96,155,172.72,180.34,145,28,25,5.08,7.62,3,U-DEC,1.0,1.0,1.0
4807,Blue,Joe Proctor,Yancy Medeiros,177.8,190.5,155,177.8,182.88,155,29,27,0.0,7.62,2,SUB,,1.0,1.0
4810,Blue,Bec Rawlings,Heather Jo Clark,167.64,162.56,115,167.64,162.56,125,25,34,0.0,0.0,-9,,,,0.0
4814,Blue,Emily Peters Kagan,Angela Hill,160.02,162.56,115,160.02,167.64,115,33,29,0.0,-5.08,4,,,0.0,1.0
4815,Blue,Johny Hendricks,Robbie Lawler,180.34,187.96,170,175.26,175.26,185,31,32,5.08,12.7,-1,S-DEC,1.0,1.0,0.0
4821,Blue,Eddie Gordon,Josh Samman,190.5,200.66,185,182.88,193.04,185,31,26,7.62,7.62,5,KO/TKO,1.0,1.0,1.0
4825,Blue,Alex White,Clay Collard,180.34,185.42,145,182.88,180.34,155,26,21,-2.54,5.08,5,U-DEC,0.0,1.0,1.0
4827,Blue,Bobby Green,Edson Barboza,180.34,190.5,155,177.8,180.34,155,28,28,2.54,10.16,0,U-DEC,1.0,1.0,
4828,Blue,Brad Pickett,Chico Camus,167.64,167.64,125,167.64,172.72,135,36,29,0.0,-5.08,7,S-DEC,,0.0,1.0
4829,Blue,Jared Rosholt,Aleksei Oleinik,187.96,203.2,240,187.96,190.5,265,28,37,0.0,12.7,-9,KO/TKO,,1.0,0.0
4833,Blue,Luke Barnatt,Roger Narvaez,190.5,200.66,185,198.12,195.58,185,26,31,-7.62,5.08,-5,S-DEC,0.0,1.0,0.0
4835,Blue,Yves Edwards,Akbarh Arreola,177.8,180.34,155,175.26,185.42,155,38,31,2.54,-5.08,7,SUB,1.0,0.0,1.0
4837,Blue,Juan Puig,Dooho Choi,177.8,177.8,145,175.26,182.88,145,25,23,2.54,-5.08,2,,1.0,0.0,1.0
4839,Blue,Jake Ellenberger,Kelvin Gastelum,175.26,180.34,185,175.26,180.34,170,29,23,0.0,0.0,6,SUB,,,1.0
4842,Blue,Edgar Garcia,Hector Urbina,180.34,185.42,170,177.8,180.34,170,30,27,2.54,5.08,3,SUB,1.0,1.0,1.0
4849,Blue,Mauricio Rua,Ovince Saint Preux,190.5,203.2,205,185.42,193.04,205,32,31,5.08,10.16,1,KO/TKO,1.0,1.0,1.0
4858,Blue,Wagner Silva,Colby Covington,180.34,182.88,170,182.88,180.34,170,27,26,-2.54,2.54,1,SUB,0.0,1.0,1.0
4860,Blue,Ross Pearson,Al Iaquinta,177.8,177.8,155,172.72,175.26,155,30,27,5.08,2.54,3,KO/TKO,1.0,1.0,1.0
4865,Blue,Dylan Andrews,Sam Alvey,187.96,190.5,205,185.42,185.42,185,34,28,2.54,5.08,6,KO/TKO,1.0,1.0,1.0
4866,Blue,Richie Vaculik,Louis Smolka,175.26,172.72,135,167.64,175.26,125,31,23,7.62,-2.54,8,KO/TKO,1.0,0.0,1.0
4867,Blue,Vik Grujic,Chris Clements,177.8,177.8,170,180.34,185.42,170,37,38,-2.54,-7.62,-1,KO/TKO,0.0,0.0,0.0
4868,Blue,Luke Zachrich,Daniel Kelly,182.88,177.8,185,187.96,187.96,185,32,37,-5.08,-10.16,-5,SUB,0.0,0.0,0.0
4869,Blue,Jumabieke Tuerxun,Marcus Brimage,162.56,180.34,135,170.18,170.18,135,28,29,-7.62,10.16,-1,KO/TKO,0.0,1.0,0.0
4871,Blue,Glover Teixeira,Phil Davis,187.96,200.66,205,187.96,193.04,205,34,30,0.0,7.62,4,U-DEC,,1.0,1.0
4874,Blue,Diego Ferreira,Beneil Dariush,177.8,182.88,155,175.26,187.96,155,29,25,2.54,-5.08,4,U-DEC,1.0,0.0,1.0
4875,Blue,William Patolino,Neil Magny,190.5,203.2,170,180.34,190.5,170,23,27,10.16,12.7,-4,,1.0,1.0,0.0
4877,Blue,Scott Jorgensen,Wilson Reis,162.56,165.1,125,165.1,167.64,135,32,29,-2.54,-2.54,3,SUB,0.0,0.0,1.0
4878,Blue,Felipe Arantes,Andre Fili,180.34,187.96,145,172.72,185.42,135,26,24,7.62,2.54,2,U-DEC,1.0,1.0,1.0
4880,Blue,Fabricio Camoes,Anthony Rocco Martin,182.88,185.42,170,177.8,185.42,155,35,24,5.08,0.0,11,SUB,1.0,,1.0
4889,Blue,Jason Saggo,Paul Felder,180.34,177.8,155,180.34,180.34,155,28,30,0.0,-2.54,-2,S-DEC,,0.0,0.0
4890,Blue,Paddy Holohan,Chris Kelades,170.18,172.72,125,177.8,175.26,125,26,33,-7.62,-2.54,-7,U-DEC,0.0,0.0,0.0
4892,Blue,Gunnar Nelson,Rick Story,175.26,180.34,170,180.34,182.88,170,26,30,-5.08,-2.54,-4,S-DEC,0.0,0.0,0.0
4893,Blue,Akira Corassani,Max Holloway,180.34,175.26,155,172.72,172.72,145,32,22,7.62,2.54,10,KO/TKO,1.0,1.0,1.0
4894,Blue,Ilir Latifi,Jan Blachowicz,187.96,198.12,205,177.8,185.42,205,31,31,10.16,12.7,0,KO/TKO,1.0,1.0,
4895,Blue,Niklas Backstrom,Mike Wilkinson,170.18,172.72,145,185.42,187.96,145,25,27,-15.24,-15.24,-2,KO/TKO,0.0,0.0,0.0
4900,Blue,Tor Troeng,Krzysztof Jotko,185.42,195.58,185,187.96,195.58,185,31,25,-2.54,0.0,6,U-DEC,0.0,,1.0
4905,Blue,Dustin Poirier,Conor McGregor,175.26,187.96,155,175.26,182.88,155,25,26,0.0,5.08,-1,KO/TKO,,1.0,0.0
4906,Blue,Tim Kennedy,Yoel Romero,182.88,185.42,185,180.34,187.96,185,35,37,2.54,-2.54,-2,KO/TKO,1.0,0.0,0.0
4910,Blue,Patrick Cote,Stephen Thompson,182.88,190.5,170,180.34,180.34,170,34,31,2.54,10.16,3,U-DEC,1.0,1.0,1.0
4911,Blue,John Howard,Brian Ebersole,182.88,185.42,170,170.18,180.34,170,31,33,12.7,5.08,-2,S-DEC,1.0,1.0,0.0
4912,Blue,Jon Tuck,Kevin Lee,175.26,195.58,170,180.34,185.42,155,30,22,-5.08,10.16,8,U-DEC,0.0,1.0,1.0
4920,Blue,Alex Caceres,Masanori Kanehara,170.18,170.18,135,177.8,185.42,145,26,31,-7.62,-15.24,-5,U-DEC,0.0,0.0,0.0
4923,Blue,Michinori Tanaka,Kyung Ho Kang,175.26,185.42,135,165.1,170.18,135,23,27,10.16,15.24,-4,S-DEC,1.0,1.0,0.0
4924,Blue,Kazuki Tokudome,Johnny Case,177.8,182.88,155,180.34,185.42,155,27,25,-2.54,-2.54,2,SUB,0.0,0.0,1.0
4926,Blue,Antonio Silva,Andrei Arlovski,190.5,195.58,240,193.04,203.2,264,34,35,-2.54,-7.62,-1,KO/TKO,0.0,0.0,0.0
4933,Blue,Igor Araujo,George Sullivan,182.88,185.42,170,185.42,195.58,170,33,33,-2.54,-10.16,0,KO/TKO,0.0,0.0,
4935,Blue,Paulo Thiago,Sean Spencer,177.8,190.5,170,180.34,185.42,170,33,27,-2.54,5.08,6,U-DEC,0.0,1.0,1.0
4938,Blue,Alistair Overeem,Ben Rothwell,193.04,198.12,265,193.04,203.2,265,34,32,0.0,-5.08,2,KO/TKO,,0.0,1.0
4945,Blue,Sean Soriano,Chas Skelly,180.34,182.88,145,175.26,177.8,145,24,29,5.08,5.08,-5,U-DEC,1.0,1.0,0.0
4949,Blue,Ramsey Nijem,Diego Ferreira,175.26,187.96,155,180.34,190.5,155,26,29,-5.08,-2.54,-3,KO/TKO,0.0,0.0,0.0
4951,Blue,Lorenz Larkin,Derek Brunson,185.42,195.58,185,180.34,182.88,170,27,30,5.08,12.7,-3,U-DEC,1.0,1.0,0.0
4952,Blue,Ruan Potts,Anthony Hamilton,195.58,193.04,260,187.96,190.5,247,36,34,7.62,2.54,2,KO/TKO,1.0,1.0,1.0
4954,Blue,Benson Henderson,Rafael Dos Anjos,172.72,177.8,170,175.26,177.8,170,30,29,-2.54,0.0,1,KO/TKO,0.0,,1.0
4955,Blue,Mike Pyle,Jordan Mein,182.88,185.42,170,182.88,187.96,170,38,24,0.0,-2.54,14,KO/TKO,,0.0,1.0
4956,Blue,Francis Carmont,Thales Leites,185.42,198.12,185,190.5,198.12,205,32,32,-5.08,0.0,0,KO/TKO,0.0,,
4962,Blue,Aaron Phillips,Matt Hobar,177.8,177.8,135,175.26,177.8,135,25,27,2.54,0.0,-2,U-DEC,1.0,,0.0
4971,Blue,Roland Delorme,Ulka Sasaki,177.8,180.34,125,175.26,180.34,135,30,24,2.54,0.0,6,,1.0,,1.0
4972,Blue,An Ying Wang,Colby Covington,180.34,182.88,170,182.88,182.88,170,23,26,-2.54,0.0,-3,,0.0,,0.0
4973,Blue,Yao Zhikui,Royston Wee,170.18,170.18,135,165.1,162.56,125,23,27,5.08,7.62,-4,S-DEC,1.0,1.0,0.0
4974,Blue,Elizabeth Phillips,Milana Dudieva,160.02,154.94,135,167.64,165.1,135,28,25,-7.62,-10.16,3,S-DEC,0.0,0.0,1.0
4976,Blue,Gray Maynard,Ross Pearson,172.72,175.26,155,175.26,177.8,155,35,29,-2.54,-2.54,6,KO/TKO,0.0,0.0,1.0
4978,Blue,Seth Baczynski,Alan Jouban,182.88,185.42,170,190.5,187.96,170,32,32,-7.62,-2.54,0,KO/TKO,0.0,0.0,
4984,Blue,Nolan Ticman,Frankie Saenz,167.64,167.64,135,167.64,175.26,125,26,34,0.0,-7.62,-8,U-DEC,,0.0,0.0
4987,Blue,Clay Guida,Dennis Bermudez,167.64,167.64,155,170.18,177.8,155,32,27,-2.54,-10.16,5,SUB,0.0,0.0,1.0
4988,Blue,Josh Thomson,Bobby Green,177.8,180.34,155,177.8,180.34,155,35,27,0.0,0.0,8,S-DEC,,,1.0
4989,Blue,Daron Cruickshank,Jorge Masvidal,180.34,187.96,170,172.72,182.88,155,29,29,7.62,5.08,0,U-DEC,1.0,1.0,
4990,Blue,Kyle Kingsbury,Patrick Cummins,187.96,193.04,205,193.04,193.04,205,32,33,-5.08,0.0,-1,U-DEC,0.0,,0.0
4991,Blue,Hernani Perpetuo,Tim Means,187.96,190.5,170,182.88,187.96,170,29,30,5.08,2.54,-1,U-DEC,1.0,1.0,0.0
4992,Blue,Akbarh Arreola,Tiago Trator,175.26,177.8,145,177.8,180.34,155,31,27,-2.54,-2.54,4,,0.0,0.0,1.0
4993,Blue,Andreas Stahl,Gilbert Burns,177.8,180.34,155,180.34,185.42,170,26,28,-2.54,-5.08,-2,U-DEC,0.0,0.0,0.0
4994,Blue,Juliana Lima,Joanna Jedrzejczyk,167.64,165.1,125,165.1,165.1,115,32,26,2.54,0.0,6,U-DEC,1.0,,1.0
4995,Blue,Steven Siler,Noad Lahat,175.26,175.26,145,180.34,177.8,145,27,30,-5.08,-2.54,-3,U-DEC,0.0,0.0,0.0
4998,Blue,Brad Pickett,Ian McCall,165.1,162.56,125,167.64,172.72,135,35,30,-2.54,-10.16,5,U-DEC,0.0,0.0,1.0
5003,Blue,Tor Troeng,Trevor Smith,190.5,190.5,185,187.96,195.58,185,31,33,2.54,-5.08,-2,U-DEC,1.0,0.0,0.0
5004,Blue,Cody Donovan,Nikita Krylov,190.5,195.58,205,190.5,187.96,205,33,22,0.0,7.62,11,KO/TKO,,1.0,1.0
5009,Blue,Justin Salas,Joe Proctor,177.8,182.88,155,172.72,177.8,155,32,28,5.08,5.08,4,KO/TKO,1.0,1.0,1.0
5013,Blue,Jessamyn Duke,Leslie Smith,175.26,167.64,135,180.34,185.42,135,28,31,-5.08,-17.78,-3,KO/TKO,0.0,0.0,0.0
5014,Blue,Hugo Viana,Aljamain Sterling,170.18,180.34,135,167.64,170.18,135,31,24,2.54,10.16,7,KO/TKO,1.0,1.0,1.0
5019,Blue,Dhiego Lima,Eddie Gordon,182.88,193.04,185,187.96,187.96,170,25,30,-5.08,5.08,-5,KO/TKO,0.0,1.0,0.0
5021,Blue,Justin Scoggins,Dustin Ortiz,165.1,165.1,125,170.18,167.64,125,22,25,-5.08,-2.54,-3,S-DEC,0.0,0.0,0.0
5022,Blue,Jesse Ronson,Kevin Lee,175.26,195.58,170,177.8,182.88,155,28,21,-2.54,12.7,7,S-DEC,0.0,1.0,1.0
5023,Blue,Jumabieke Tuerxun,Leandro Issa,170.18,175.26,135,170.18,170.18,135,28,30,0.0,5.08,-2,SUB,,1.0,0.0
5030,Blue,Marcus Brimage,Russell Doane,170.18,177.8,135,162.56,180.34,135,29,27,7.62,-2.54,2,S-DEC,1.0,0.0,1.0
5033,Blue,Chris Camozzi,Bruno Santos,175.26,175.26,185,187.96,193.04,185,27,26,-12.7,-17.78,1,S-DEC,0.0,0.0,1.0
5034,Blue,George Roop,Rob Font,172.72,180.34,135,185.42,182.88,135,32,27,-12.7,-2.54,5,KO/TKO,0.0,0.0,1.0
5042,Blue,Colton Smith,Diego Ferreira,175.26,187.96,155,182.88,180.34,155,26,29,-7.62,7.62,-3,SUB,0.0,1.0,0.0
5043,Blue,Johnny Bedford,Cody Gibson,177.8,180.34,135,177.8,180.34,135,31,26,0.0,0.0,5,KO/TKO,,,1.0
5047,Blue,James Te Huna,Nate Marquardt,182.88,187.96,185,187.96,190.5,185,32,35,-5.08,-2.54,-3,SUB,0.0,0.0,0.0
5048,Blue,Soa Palelei,Jared Rosholt,187.96,190.5,265,193.04,205.74,265,36,27,-5.08,-15.24,9,U-DEC,0.0,0.0,1.0
5049,Blue,Hatsu Hioki,Charles Oliveira,177.8,187.96,155,180.34,177.8,145,30,24,-2.54,10.16,6,SUB,0.0,1.0,1.0
5053,Blue,Chris Indich,Vik Grujic,180.34,185.42,170,177.8,185.42,170,27,37,2.54,0.0,-10,KO/TKO,1.0,,0.0
5062,Blue,Daniel Sarafian,Kiichi Kunimoto,177.8,180.34,170,175.26,185.42,185,31,33,2.54,-5.08,-2,SUB,1.0,0.0,0.0
5065,Blue,Kajan Johnson,Tae Hyun Bang,175.26,180.34,155,180.34,190.5,155,30,31,-5.08,-10.16,-1,KO/TKO,0.0,0.0,0.0
5066,Blue,Roland Delorme,Michinori Tanaka,165.1,170.18,135,175.26,180.34,135,30,23,-10.16,-10.16,7,U-DEC,0.0,0.0,1.0
5072,Blue,Yves Edwards,Piotr Hallmann,175.26,180.34,155,175.26,185.42,155,37,26,0.0,-5.08,11,SUB,,0.0,1.0
5073,Blue,Erik Perez,Bryan Caraway,172.72,172.72,135,172.72,172.72,135,24,29,0.0,0.0,-5,SUB,,,0.0
5074,Blue,Yaotzin Meza,Sergio Pettis,167.64,175.26,135,175.26,187.96,145,33,20,-7.62,-12.7,13,U-DEC,0.0,0.0,1.0
5075,Blue,Bobby Voelker,Lance Benoist,180.34,185.42,170,182.88,190.5,170,35,25,-2.54,-5.08,10,U-DEC,0.0,0.0,1.0
5080,Blue,Vitor Miranda,Antonio Carlos Junior,187.96,200.66,185,185.42,195.58,185,35,24,2.54,5.08,11,U-DEC,1.0,1.0,1.0
5081,Blue,Marcio Alexandre Junior,Warlley Alves,180.34,182.88,170,182.88,190.5,185,25,23,-2.54,-7.62,2,SUB,0.0,0.0,1.0
5083,Blue,Rony Jason,Robert Peralta,172.72,180.34,145,170.18,177.8,145,30,28,2.54,2.54,2,S-DEC,1.0,1.0,1.0
5084,Blue,Rodrigo Damm,Rashid Magomedov,175.26,177.8,155,170.18,180.34,155,34,29,5.08,-2.54,5,U-DEC,1.0,0.0,1.0
5086,Blue,Paulo Thiago,Gasan Umalatov,180.34,180.34,170,180.34,185.42,170,33,31,0.0,-5.08,2,U-DEC,,0.0,1.0
5091,Blue,Mark Munoz,Gegard Mousasi,187.96,193.04,185,182.88,182.88,185,36,28,5.08,10.16,8,SUB,1.0,1.0,1.0
5092,Blue,Francis Carmont,CB Dollaway,187.96,193.04,185,190.5,198.12,205,32,30,-2.54,-5.08,2,U-DEC,0.0,0.0,1.0
5093,Blue,Luke Barnatt,Sean Strickland,185.42,193.04,170,198.12,195.58,185,26,23,-12.7,-2.54,3,S-DEC,0.0,0.0,1.0
5094,Blue,Tom Niinimaki,Niklas Backstrom,185.42,187.96,145,175.26,175.26,145,31,24,10.16,12.7,7,SUB,1.0,1.0,1.0
5097,Blue,Vaughan Lee,Iuri Alcantara,175.26,180.34,135,167.64,167.64,125,31,33,7.62,12.7,-2,KO/TKO,1.0,1.0,0.0
5099,Blue,Andy Ogle,Maximo Blanco,172.72,180.34,145,172.72,175.26,145,25,30,0.0,5.08,-5,U-DEC,,1.0,0.0
5100,Blue,Viktor Pesta,Ruslan Magomedov,190.5,198.12,242,190.5,195.58,240,23,27,0.0,2.54,-4,U-DEC,,1.0,0.0
5101,Blue,Renan Barao,TJ Dillashaw,167.64,170.18,125,167.64,177.8,135,27,28,0.0,-7.62,-1,KO/TKO,,0.0,0.0
5105,Blue,Jamie Varner,James Krause,187.96,185.42,170,172.72,182.88,155,29,27,15.24,2.54,2,KO/TKO,1.0,1.0,1.0
5109,Blue,Al Iaquinta,Mitch Clarke,177.8,185.42,155,177.8,177.8,155,27,28,0.0,7.62,-1,SUB,,1.0,0.0
5110,Blue,Anthony Njokuani,Vinc Pichel,177.8,182.88,155,185.42,190.5,155,34,31,-7.62,-7.62,3,U-DEC,0.0,0.0,1.0
5112,Blue,David Michaud,Li Jingliang,182.88,180.34,170,175.26,182.88,155,25,26,7.62,-2.54,-1,,1.0,0.0,0.0
5115,Blue,Erik Koch,Daron Cruickshank,172.72,182.88,155,177.8,180.34,155,25,28,-5.08,2.54,-3,KO/TKO,0.0,1.0,0.0
5121,Blue,Yan Cabral,Zak Cummings,182.88,190.5,185,180.34,185.42,155,30,29,2.54,5.08,1,U-DEC,1.0,1.0,1.0
5122,Blue,Eddie Wineland,Johnny Eduardo,170.18,180.34,135,170.18,175.26,135,29,35,0.0,5.08,-6,KO/TKO,,1.0,0.0
5123,Blue,Manvel Gamburyan,Nik Lentz,172.72,172.72,155,165.1,170.18,135,33,29,7.62,2.54,4,U-DEC,1.0,1.0,1.0
5125,Blue,Anthony Lapsley,Albert Tumenov,180.34,185.42,170,175.26,180.34,170,34,22,5.08,5.08,12,KO/TKO,1.0,1.0,1.0
5127,Blue,Phil Davis,Anthony Johnson,187.96,198.12,205,187.96,200.66,205,29,30,0.0,-2.54,-1,U-DEC,,0.0,0.0
5133,Blue,Jessamyn Duke,Bethe Correia,165.1,162.56,135,180.34,185.42,135,27,30,-15.24,-22.86,-3,U-DEC,0.0,0.0,0.0
5139,Blue,Brad Tavares,Yoel Romero,182.88,185.42,185,185.42,187.96,185,26,36,-2.54,-2.54,-10,U-DEC,0.0,0.0,0.0
5140,Blue,Rafael Dos Anjos,Khabib Nurmagomedov,177.8,177.8,155,172.72,177.8,170,29,25,5.08,0.0,4,U-DEC,1.0,,1.0
5143,Blue,Estevan Payan,Alex White,182.88,180.34,155,177.8,182.88,145,32,25,5.08,-2.54,7,KO/TKO,1.0,0.0,1.0
5149,Blue,Michael Bisping,Tim Kennedy,180.34,187.96,185,185.42,190.5,185,35,34,-5.08,-2.54,1,U-DEC,0.0,0.0,1.0
5151,Blue,Sheldon Westcott,Elias Theodorou,185.42,190.5,185,185.42,180.34,170,29,25,0.0,10.16,4,KO/TKO,,1.0,1.0
5154,Blue,Sam Stout,KJ Noons,177.8,182.88,155,175.26,177.8,155,29,31,2.54,5.08,-2,KO/TKO,1.0,1.0,0.0
5162,Blue,Minotauro Nogueira,Roy Nelson,182.88,182.88,263,190.5,195.58,240,37,37,-7.62,-12.7,0,,0.0,0.0,
5164,Blue,John Howard,Ryan LaFlare,185.42,187.96,170,170.18,180.34,170,31,30,15.24,7.62,1,U-DEC,1.0,1.0,1.0
5168,Blue,Alan Omer,Jim Alers,175.26,180.34,145,177.8,180.34,145,25,27,-2.54,0.0,-2,S-DEC,0.0,,0.0
5169,Blue,Mauricio Rua,Dan Henderson,180.34,187.96,185,185.42,193.04,205,32,43,-5.08,-5.08,-11,KO/TKO,0.0,0.0,0.0
5170,Blue,Cezar Ferreira,CB Dollaway,187.96,193.04,185,185.42,198.12,185,29,30,2.54,-5.08,-1,KO/TKO,1.0,0.0,0.0
5174,Blue,Ronny Markes,Thiago Santos,187.96,193.04,205,185.42,190.5,185,25,30,2.54,2.54,-5,KO/TKO,1.0,1.0,0.0
5176,Blue,Thiago Perpetuo,Kenny Robertson,177.8,187.96,170,177.8,180.34,170,26,30,0.0,7.62,-4,SUB,,1.0,0.0
5177,Blue,Francimar Barroso,Hans Stringer,190.5,185.42,205,185.42,190.5,205,34,26,5.08,-5.08,8,S-DEC,1.0,0.0,1.0
5180,Blue,Carlos Condit,Tyron Woodley,175.26,187.96,170,187.96,190.5,170,29,31,-12.7,-2.54,-2,KO/TKO,0.0,0.0,0.0
5181,Blue,Diego Sanchez,Myles Jury,177.8,185.42,145,177.8,182.88,170,32,25,0.0,2.54,7,U-DEC,,1.0,1.0
5182,Blue,Jake Shields,Hector Lombard,175.26,180.34,185,182.88,182.88,170,35,36,-7.62,-2.54,-1,U-DEC,0.0,0.0,0.0
5185,Blue,Raquel Pennington,Jessica Andrade,154.94,157.48,115,170.18,170.18,135,25,22,-15.24,-12.7,3,S-DEC,0.0,0.0,1.0
5187,Blue,Sean Spencer,Alex Garcia,175.26,182.88,170,177.8,190.5,170,26,26,-2.54,-7.62,0,S-DEC,0.0,0.0,
5188,Blue,Renee Forte,Francisco Trevino,175.26,177.8,155,170.18,180.34,155,26,32,5.08,-2.54,-6,U-DEC,1.0,0.0,0.0
5189,Blue,Will Campuzano,Justin Scoggins,170.18,167.64,125,175.26,177.8,125,27,21,-5.08,-10.16,6,U-DEC,0.0,0.0,1.0
5190,Blue,Bubba McDaniel,Sean Strickland,185.42,193.04,170,190.5,190.5,185,30,23,-5.08,2.54,7,,0.0,1.0,1.0
5191,Blue,Daniel Pineda,Rob Whiteford,175.26,175.26,145,170.18,175.26,145,28,30,5.08,0.0,-2,,1.0,,0.0
5196,Blue,Cyrille Diabate,Ilir Latifi,177.8,185.42,205,198.12,205.74,205,40,30,-20.32,-20.32,10,SUB,0.0,0.0,1.0
5198,Blue,Bradley Scott,Claudio Silva,180.34,180.34,170,185.42,193.04,170,24,31,-5.08,-12.7,-7,,0.0,0.0,0.0
5201,Blue,Sai Wang,Zhang Lipeng,180.34,180.34,155,182.88,182.88,170,28,23,-2.54,-2.54,5,,0.0,0.0,1.0
5204,Blue,Kazuki Tokudome,Yui Chul Nam,175.26,175.26,145,180.34,185.42,155,26,32,-5.08,-10.16,-6,S-DEC,0.0,0.0,0.0
5205,Blue,Nam Phan,Vaughan Lee,167.64,167.64,125,167.64,177.8,135,30,31,0.0,-10.16,-1,U-DEC,,0.0,0.0
5206,Blue,Albert Cheng,An Ying Wang,182.88,188.0,170,180.34,179.07,170,29,22,2.54,8.93,7,,1.0,1.0,1.0
5207,Blue,Jumabieke Tuerxun,Mark Eddiva,172.72,172.72,145,170.18,170.18,135,27,28,2.54,2.54,-1,U-DEC,1.0,1.0,0.0
5212,Blue,Robert Whittaker,Stephen Thompson,182.88,190.5,170,182.88,185.42,185,23,31,0.0,5.08,-8,KO/TKO,,1.0,0.0
5215,Blue,Cody Gibson,Aljamain Sterling,170.18,180.34,135,177.8,180.34,135,26,24,-7.62,0.0,2,U-DEC,0.0,,1.0
5217,Blue,Rafaello Oliveira,Erik Koch,177.8,180.34,155,172.72,180.34,155,32,25,5.08,0.0,7,KO/TKO,1.0,,1.0
5222,Blue,Viscardi Andrade,Nico Musoke,182.88,190.5,170,180.34,190.5,170,29,27,2.54,0.0,2,,1.0,,1.0
5224,Blue,Cristiano Marcello,Joe Proctor,177.8,182.88,155,175.26,182.88,155,36,28,2.54,0.0,8,U-DEC,1.0,,1.0
5230,Blue,Douglas Silva de Andrade,Zubaira Tukhugov,172.72,172.72,145,170.18,172.72,135,28,23,2.54,0.0,5,U-DEC,1.0,,1.0
5233,Blue,Frank Mir,Alistair Overeem,193.04,203.2,265,190.5,200.66,264,34,33,2.54,2.54,1,U-DEC,1.0,1.0,1.0
5234,Blue,John Lineker,Ali Bagautinov,162.56,165.1,125,160.02,170.18,135,23,28,2.54,-5.08,-5,U-DEC,1.0,0.0,0.0
5235,Blue,Jamie Varner,Abel Trujillo,172.72,177.8,155,172.72,182.88,155,29,30,0.0,-5.08,-1,KO/TKO,,0.0,0.0
5236,Blue,John Makdessi,Alan Patrick,180.34,187.96,155,172.72,172.72,155,28,30,7.62,15.24,-2,U-DEC,1.0,1.0,0.0
5241,Blue,Anthony Rocco Martin,Rashid Magomedov,175.26,177.8,155,182.88,185.42,170,24,29,-7.62,-7.62,-5,U-DEC,0.0,0.0,0.0
5246,Blue,Darren Elkins,Jeremy Stephens,172.72,180.34,145,177.8,180.34,145,29,27,-5.08,0.0,2,U-DEC,0.0,,1.0
5249,Blue,Junior Hernandez,Hugo Viana,167.64,170.18,135,175.26,175.26,135,27,31,-7.62,-5.08,-4,,0.0,0.0,0.0
5252,Blue,Walt Harris,Nikita Krylov,190.5,195.58,205,195.58,195.58,250,30,21,-5.08,0.0,9,KO/TKO,0.0,,1.0
5254,Blue,Lorenz Larkin,Brad Tavares,185.42,187.96,185,180.34,182.88,170,27,26,5.08,5.08,1,U-DEC,1.0,1.0,1.0
5260,Blue,Isaac Vallie-Flagg,Elias Silverio,180.34,185.42,155,172.72,172.72,155,35,27,7.62,12.7,8,U-DEC,1.0,1.0,1.0
5262,Blue,Alptekin Ozkilic,Louis Smolka,175.26,172.72,135,165.1,165.1,125,27,22,10.16,7.62,5,U-DEC,1.0,1.0,1.0
5264,Blue,Charlie Brenneman,Beneil Dariush,177.8,182.88,155,177.8,182.88,155,32,24,0.0,0.0,8,SUB,,,1.0
5274,Blue,Leandro Issa,Russell Doane,170.18,177.8,135,170.18,175.26,135,30,27,0.0,2.54,3,SUB,,1.0,1.0
5277,Blue,Josh Barnett,Travis Browne,198.12,200.66,255,190.5,198.12,250,36,31,7.62,2.54,5,KO/TKO,1.0,1.0,1.0
5280,Blue,Chris Leben,Uriah Hall,182.88,200.66,185,180.34,187.96,185,33,29,2.54,12.7,4,KO/TKO,1.0,1.0,1.0
5281,Blue,Gleison Tibau,Michael Johnson,177.8,185.42,145,177.8,180.34,155,30,27,0.0,5.08,3,KO/TKO,,1.0,1.0
5289,Blue,Court McGee,Ryan LaFlare,185.42,187.96,170,180.34,190.5,170,29,30,5.08,-2.54,-1,U-DEC,1.0,0.0,0.0
5290,Blue,Danny Castillo,Edson Barboza,180.34,190.5,155,175.26,180.34,155,34,27,5.08,10.16,7,M-DEC,1.0,1.0,1.0
5292,Blue,Scott Jorgensen,Zach Makovsky,162.56,162.56,125,165.1,167.64,135,31,30,-2.54,-5.08,1,U-DEC,0.0,0.0,1.0
5295,Blue,Darren Uyenoyama,Alptekin Ozkilic,165.1,165.1,125,167.64,162.56,125,34,27,-2.54,2.54,7,S-DEC,0.0,1.0,1.0
5298,Blue,Pat Barry,Soa Palelei,193.04,205.74,265,180.34,187.96,235,34,36,12.7,17.78,-2,KO/TKO,1.0,1.0,0.0
5299,Blue,Dylan Andrews,Clint Hester,187.96,195.58,205,185.42,185.42,185,34,27,2.54,10.16,7,KO/TKO,1.0,1.0,1.0
5300,Blue,Julie Kedzie,Bethe Correia,165.1,162.56,135,165.1,162.56,135,32,30,0.0,0.0,2,S-DEC,,,1.0
5302,Blue,Nick Ring,Caio Magalhaes,185.42,185.42,185,182.88,187.96,185,34,25,2.54,-2.54,9,U-DEC,1.0,0.0,1.0
5303,Blue,Richie Vaculik,Justin Scoggins,170.18,167.64,125,167.64,175.26,125,30,21,2.54,-7.62,9,KO/TKO,1.0,0.0,1.0
5304,Blue,Bruno Santos,Krzysztof Jotko,185.42,195.58,185,175.26,175.26,185,26,24,10.16,20.32,2,U-DEC,1.0,1.0,1.0
5305,Blue,Ben Wall,Alex Garcia,175.26,182.88,170,177.8,185.42,155,24,26,-2.54,-2.54,-2,KO/TKO,0.0,0.0,0.0
5306,Blue,Gray Maynard,Nate Diaz,182.88,193.04,170,175.26,177.8,155,34,28,7.62,15.24,6,KO/TKO,1.0,1.0,1.0
5310,Blue,Roxanne Modafferi,Raquel Pennington,170.18,170.18,135,170.18,175.26,125,31,25,0.0,-5.08,6,U-DEC,,0.0,1.0
5312,Blue,Rani Yahya,Tom Niinimaki,175.26,175.26,145,167.64,170.18,135,29,31,7.62,5.08,-2,S-DEC,1.0,1.0,0.0
5318,Blue,Rory MacDonald,Robbie Lawler,180.34,187.96,170,182.88,193.04,170,24,31,-2.54,-5.08,-7,S-DEC,0.0,0.0,0.0
5319,Blue,Josh Koscheck,Tyron Woodley,175.26,187.96,170,177.8,185.42,170,35,31,-2.54,2.54,4,KO/TKO,0.0,1.0,1.0
5320,Blue,Tim Elliott,Ali Bagautinov,162.56,165.1,125,170.18,167.64,135,26,28,-7.62,-2.54,-2,U-DEC,0.0,0.0,0.0
5322,Blue,Ed Herman,Thales Leites,185.42,198.12,185,185.42,195.58,205,33,32,0.0,2.54,1,U-DEC,,1.0,1.0
5323,Blue,Brian Ebersole,Rick Story,175.26,180.34,170,182.88,185.42,170,32,29,-7.62,-5.08,3,U-DEC,0.0,0.0,1.0
5326,Blue,Will Campuzano,Sergio Pettis,167.64,175.26,135,175.26,177.8,125,27,20,-7.62,-2.54,7,U-DEC,0.0,0.0,1.0
5327,Blue,Cody Donovan,Gian Villante,190.5,193.04,205,190.5,187.96,205,32,28,0.0,5.08,4,KO/TKO,,1.0,1.0
5331,Blue,Paulo Thiago,Brandon Thatch,187.96,187.96,170,180.34,185.42,170,32,28,7.62,2.54,4,KO/TKO,1.0,1.0,1.0
5332,Blue,Santiago Ponzinibbio,Ryan LaFlare,185.42,187.96,170,182.88,185.42,170,27,30,2.54,2.54,-3,U-DEC,1.0,1.0,0.0
5333,Blue,Rony Jason,Jeremy Stephens,172.72,180.34,145,170.18,177.8,145,29,27,2.54,2.54,2,KO/TKO,1.0,1.0,1.0
5334,Blue,Godofredo Pepey,Sam Sicilia,172.72,170.18,145,170.18,185.42,145,26,27,2.54,-15.24,-1,KO/TKO,1.0,0.0,0.0
5335,Blue,Thiago Perpetuo,Omari Akhmedov,182.88,185.42,185,177.8,180.34,170,25,26,5.08,5.08,-1,KO/TKO,1.0,1.0,0.0
5338,Blue,Jose Maria,Dustin Ortiz,165.1,165.1,125,165.1,165.0,125,31,24,0.0,0.1,7,KO/TKO,,1.0,1.0
5340,Blue,Liz Carmouche,Alexis Davis,167.64,172.72,125,167.64,167.64,125,29,29,0.0,5.08,0,U-DEC,,1.0,
5341,Blue,Ronny Markes,Yoel Romero,182.88,185.42,185,185.42,190.5,185,25,36,-2.54,-5.08,-11,KO/TKO,0.0,0.0,0.0
5342,Blue,Jorge Masvidal,Rustam Khabilov,172.72,185.42,155,180.34,187.96,170,28,27,-7.62,-2.54,1,U-DEC,0.0,0.0,1.0
5343,Blue,Colton Smith,Michael Chiesa,185.42,190.5,170,182.88,180.34,155,26,25,2.54,10.16,1,SUB,1.0,1.0,1.0
5345,Blue,George Roop,Francisco Rivera,172.72,172.72,135,185.42,182.88,135,31,32,-12.7,-10.16,-1,KO/TKO,0.0,0.0,0.0
5348,Blue,Chris Camozzi,Lorenz Larkin,180.34,182.88,170,187.96,193.04,185,26,27,-7.62,-10.16,-1,U-DEC,0.0,0.0,0.0
5349,Blue,Neil Magny,Seth Baczynski,190.5,187.96,170,190.5,203.2,170,26,32,0.0,-15.24,-6,U-DEC,,0.0,0.0
5354,Blue,Alessio Sakara,Nico Musoke,182.88,190.5,170,182.88,182.88,185,32,27,0.0,7.62,5,,,1.0,1.0
5355,Blue,Phil Harris,John Lineker,160.02,170.18,135,162.56,162.56,125,30,23,-2.54,7.62,7,KO/TKO,0.0,1.0,1.0
5358,Blue,Rosi Sexton,Jessica Andrade,154.94,157.48,115,160.02,160.02,135,36,22,-5.08,-2.54,14,U-DEC,0.0,0.0,1.0
5359,Blue,Andy Ogle,Cole Miller,185.42,187.96,145,172.72,175.26,145,24,29,12.7,12.7,-5,U-DEC,1.0,1.0,0.0
5368,Blue,Nate Marquardt,Hector Lombard,175.26,180.34,185,182.88,187.96,185,34,35,-7.62,-7.62,-1,KO/TKO,0.0,0.0,0.0
5369,Blue,George Sotiropoulos,KJ Noons,177.8,182.88,155,177.8,180.34,155,36,30,0.0,2.54,6,U-DEC,,1.0,1.0
5370,Blue,TJ Waldburger,Adlan Amagov,187.96,193.04,170,180.34,190.5,170,25,26,7.62,2.54,-1,KO/TKO,1.0,1.0,0.0
5372,Blue,Jeremy Larsen,Andre Fili,180.34,187.96,145,177.8,177.8,145,29,23,2.54,10.16,6,KO/TKO,1.0,1.0,1.0
5373,Blue,Dustin Pague,Kyoji Horiguchi,165.1,167.64,125,175.26,187.96,135,26,23,-10.16,-20.32,3,KO/TKO,0.0,0.0,1.0
5374,Blue,Demian Maia,Jake Shields,182.88,182.88,170,185.42,182.88,170,35,34,-2.54,0.0,1,S-DEC,0.0,,1.0
5375,Blue,Erick Silva,Dong Hyun Kim,187.96,193.04,170,182.88,187.96,170,29,31,5.08,5.08,-2,KO/TKO,1.0,1.0,0.0
5380,Blue,Ildemar Alcantara,Igor Araujo,185.42,195.58,170,187.96,198.12,185,30,32,-2.54,-2.54,-2,U-DEC,0.0,0.0,0.0
5382,Blue,Iliarde Santos,Chris Cariaso,160.02,160.02,125,165.1,167.64,125,33,32,-5.08,-7.62,1,KO/TKO,0.0,0.0,1.0
5387,Blue,Costas Philippou,Francis Carmont,190.5,198.12,205,180.34,185.42,185,33,31,10.16,12.7,2,,1.0,1.0,1.0
5388,Blue,Pat Healy,Khabib Nurmagomedov,177.8,177.8,155,182.88,187.96,155,30,25,-5.08,-10.16,5,U-DEC,0.0,0.0,1.0
5389,Blue,Mike Ricci,Myles Jury,177.8,185.42,145,182.88,195.58,155,27,24,-5.08,-10.16,3,S-DEC,0.0,0.0,1.0
5390,Blue,Ivan Menjivar,Wilson Reis,162.56,165.1,125,167.64,162.56,145,31,28,-5.08,2.54,3,U-DEC,0.0,1.0,1.0
5391,Blue,Chris Clements,Stephen Thompson,182.88,190.5,170,177.8,177.8,170,37,30,5.08,12.7,7,KO/TKO,1.0,1.0,1.0
5395,Blue,Roland Delorme,Alex Caceres,177.8,185.42,145,175.26,180.34,135,29,25,2.54,5.08,4,S-DEC,1.0,1.0,1.0
5396,Blue,Nandor Guelmino,Daniel Omielanczuk,182.88,187.96,247,190.5,193.04,230,37,31,-7.62,-5.08,6,KO/TKO,0.0,0.0,1.0
5398,Blue,Yushin Okami,Jacare Souza,185.42,182.88,185,187.96,190.5,170,32,33,-2.54,-7.62,-1,KO/TKO,0.0,0.0,0.0
5400,Blue,Francisco Trinaldo,Piotr Hallmann,175.26,180.34,155,175.26,177.8,155,35,26,0.0,2.54,9,SUB,,1.0,1.0
5402,Blue,Marcos Vinicius,Ali Bagautinov,162.56,165.1,125,175.26,177.8,125,33,28,-12.7,-12.7,5,KO/TKO,0.0,0.0,1.0
5403,Blue,Felipe Arantes,Kevin Souza,182.88,187.96,145,172.72,185.42,135,25,28,10.16,2.54,-3,,1.0,1.0,0.0
5405,Blue,Joao Zeferino,Elias Silverio,180.34,185.42,155,180.34,185.42,170,27,26,0.0,0.0,1,U-DEC,,,1.0
5406,Blue,Keith Wisniewski,Ivan Jorge,175.26,185.42,155,182.88,190.5,170,31,32,-7.62,-5.08,-1,U-DEC,0.0,0.0,0.0
5407,Blue,Yuri Villefort,Sean Spencer,177.8,190.5,170,182.88,185.42,170,22,26,-5.08,5.08,-4,S-DEC,0.0,1.0,0.0
5408,Blue,Benson Henderson,Anthony Pettis,177.8,182.88,170,175.26,177.8,170,29,26,2.54,5.08,3,SUB,1.0,1.0,1.0
5409,Blue,Frank Mir,Josh Barnett,190.5,198.12,250,190.5,200.66,264,34,35,0.0,-2.54,-1,KO/TKO,,0.0,0.0
5412,Blue,Erik Koch,Dustin Poirier,175.26,182.88,155,177.8,180.34,155,24,24,-2.54,2.54,0,U-DEC,0.0,1.0,
5413,Blue,Jamie Varner,Gleison Tibau,177.8,180.34,155,172.72,182.88,155,28,29,5.08,-2.54,-1,S-DEC,1.0,0.0,0.0
5414,Blue,Louis Gaudinot,Tim Elliott,170.18,167.64,135,160.02,160.02,125,29,26,10.16,7.62,3,U-DEC,1.0,1.0,1.0
5415,Blue,Pascal Krauss,Hyun Gyu Lim,190.5,195.58,170,185.42,182.88,170,26,28,5.08,12.7,-2,KO/TKO,1.0,1.0,0.0
5418,Blue,Ryan Couture,Al Iaquinta,177.8,177.8,155,177.8,190.5,155,31,26,0.0,-12.7,5,U-DEC,,0.0,1.0
5419,Blue,Jared Hamman,Magnus Cedenblad,195.58,200.66,185,190.5,190.5,185,31,31,5.08,10.16,0,SUB,1.0,1.0,
5421,Blue,Donald Cerrone,Rafael Dos Anjos,172.72,177.8,170,185.42,185.42,155,30,28,-12.7,-7.62,2,U-DEC,0.0,0.0,1.0
5427,Blue,Justin Edwards,Brandon Thatch,187.96,187.96,170,177.8,177.8,155,30,28,10.16,10.16,2,KO/TKO,1.0,1.0,1.0
5429,Blue,James Head,Jason High,172.72,180.34,155,185.42,185.42,170,29,31,-12.7,-5.08,-2,SUB,0.0,0.0,0.0
5431,Blue,Mauricio Rua,Chael Sonnen,185.42,187.96,205,185.42,193.04,205,31,36,0.0,-5.08,-5,SUB,,0.0,0.0
5432,Blue,Alistair Overeem,Travis Browne,198.12,200.66,255,193.04,203.2,265,33,31,5.08,-2.54,2,KO/TKO,1.0,0.0,1.0
5435,Blue,Uriah Hall,John Howard,170.18,180.34,170,182.88,200.66,185,29,30,-12.7,-20.32,-1,S-DEC,0.0,0.0,0.0
5436,Blue,Joe Lauzon,Michael Johnson,177.8,185.42,145,177.8,180.34,155,29,27,0.0,5.08,2,U-DEC,,1.0,1.0
5437,Blue,Brad Pickett,Michael McDonald,175.26,177.8,135,167.64,172.72,135,34,22,7.62,5.08,12,SUB,1.0,1.0,1.0
5439,Blue,Mike Brown,Steven Siler,180.34,177.8,145,167.64,177.8,145,37,26,12.7,0.0,11,KO/TKO,1.0,,1.0
5442,Blue,Cody Donovan,Ovince Saint Preux,190.5,203.2,205,190.5,187.96,205,32,30,0.0,15.24,2,KO/TKO,,1.0,1.0
5443,Blue,Ramsey Nijem,James Vick,190.5,193.04,155,180.34,190.5,155,25,26,10.16,2.54,-1,SUB,1.0,1.0,0.0
5445,Blue,Lyoto Machida,Phil Davis,187.96,200.66,205,185.42,187.96,185,35,28,2.54,12.7,7,U-DEC,1.0,1.0,1.0
5449,Blue,Vinny Magalhaes,Anthony Perosh,190.5,190.5,205,190.5,200.66,205,29,40,0.0,-10.16,-11,KO/TKO,,0.0,0.0
5454,Blue,Ednaldo Oliveira,Francimar Barroso,185.42,190.5,205,195.58,200.66,205,29,33,-10.16,-10.16,-4,U-DEC,0.0,0.0,0.0
5460,Blue,Michael Chiesa,Jorge Masvidal,180.34,187.96,170,185.42,190.5,170,25,28,-5.08,-2.54,-3,SUB,0.0,0.0,0.0
5462,Blue,Mac Danzig,Melvin Guillard,175.26,172.72,155,172.72,177.8,155,33,30,2.54,-5.08,3,KO/TKO,1.0,0.0,1.0
5463,Blue,Yves Edwards,Daron Cruickshank,172.72,182.88,155,175.26,185.42,155,36,28,-2.54,-2.54,8,S-DEC,0.0,0.0,1.0
5465,Blue,Julie Kedzie,Germaine de Randamie,175.26,180.34,135,165.1,162.56,135,32,29,10.16,17.78,3,S-DEC,1.0,1.0,1.0
5466,Blue,Aaron Riley,Justin Salas,172.72,177.8,155,172.72,175.26,155,32,31,0.0,2.54,1,S-DEC,,1.0,1.0
5467,Blue,John Albert,Yaotzin Meza,175.26,187.96,145,172.72,172.72,135,26,32,2.54,15.24,-6,SUB,1.0,1.0,0.0
5468,Blue,Anderson Silva,Chris Weidman,187.96,198.12,185,187.96,195.58,185,38,29,0.0,2.54,9,KO/TKO,,1.0,1.0
5473,Blue,Chris Leben,Andrew Craig,185.42,193.04,170,180.34,187.96,185,32,27,5.08,5.08,5,S-DEC,1.0,1.0,1.0
5477,Blue,Seth Baczynski,Brian Melancon,172.72,182.88,170,190.5,187.96,170,31,31,-17.78,-5.08,0,KO/TKO,0.0,0.0,
5480,Blue,Roy Nelson,Stipe Miocic,193.04,203.2,240,182.88,182.88,263,36,30,10.16,20.32,6,U-DEC,1.0,1.0,1.0
5483,Blue,Pat Barry,Shawn Jordan,182.88,190.5,260,180.34,187.96,235,33,28,2.54,2.54,5,KO/TKO,1.0,1.0,1.0
5485,Blue,Sam Stout,James Krause,187.96,185.42,170,175.26,177.8,155,29,27,12.7,7.62,2,SUB,1.0,1.0,1.0
5490,Blue,Minotauro Nogueira,Fabricio Werdum,193.04,195.58,231,190.5,195.58,240,37,35,2.54,0.0,2,,1.0,,1.0
5491,Blue,William Patolino,Leonardo Santos,182.88,190.5,155,180.34,190.5,170,21,33,2.54,0.0,-12,,1.0,,0.0
5497,Blue,Godofredo Pepey,Felipe Arantes,172.72,185.42,135,170.18,185.42,145,25,25,2.54,0.0,0,KO/TKO,1.0,,
5505,Blue,Gray Maynard,TJ Grant,177.8,182.88,155,175.26,177.8,155,34,29,2.54,5.08,5,KO/TKO,1.0,1.0,1.0
5509,Blue,Colton Smith,Robert Whittaker,182.88,185.42,185,182.88,180.34,155,25,22,0.0,5.08,3,KO/TKO,,1.0,1.0
5512,Blue,Brian Bowles,George Roop,185.42,182.88,135,170.18,177.8,135,32,31,15.24,5.08,1,KO/TKO,1.0,1.0,1.0
5518,Blue,Hacran Dias,Nik Lentz,172.72,172.72,155,172.72,175.26,155,28,28,0.0,-2.54,0,U-DEC,,0.0,
5532,Blue,Gian Villante,Ovince Saint Preux,190.5,203.2,205,190.5,193.04,205,27,30,0.0,10.16,-3,M-DEC,,1.0,0.0
5535,Blue,Leonard Garcia,Cody McKenzie,182.88,182.88,155,177.8,175.26,145,33,25,5.08,7.62,8,U-DEC,1.0,1.0,1.0
5538,Blue,Frank Mir,Daniel Cormier,180.34,182.88,235,190.5,200.66,264,33,34,-10.16,-17.78,-1,U-DEC,0.0,0.0,0.0
5539,Blue,Nate Diaz,Josh Thomson,177.8,180.34,155,182.88,193.04,170,28,34,-5.08,-12.7,-6,KO/TKO,0.0,0.0,0.0
5543,Blue,Ramsey Nijem,Myles Jury,177.8,185.42,145,180.34,190.5,155,25,24,-2.54,-5.08,1,KO/TKO,0.0,0.0,1.0
5545,Blue,Tim Means,Jorge Masvidal,180.34,187.96,170,187.96,190.5,170,29,28,-7.62,-2.54,1,U-DEC,0.0,0.0,1.0
5548,Blue,Clifford Starks,Yoel Romero,182.88,185.42,185,182.88,195.58,185,31,35,0.0,-10.16,-4,KO/TKO,,0.0,0.0
5550,Blue,Uriah Hall,Kelvin Gastelum,175.26,180.34,185,182.88,200.66,185,28,21,-7.62,-20.32,7,S-DEC,0.0,0.0,1.0
5551,Blue,Miesha Tate,Cat Zingano,167.64,172.72,145,167.64,165.1,135,26,30,0.0,7.62,-4,KO/TKO,,1.0,0.0
5557,Blue,Bristol Marunde,Clint Hester,187.96,195.58,205,185.42,180.34,170,30,26,2.54,15.24,4,KO/TKO,1.0,1.0,1.0
5559,Blue,Sam Sicilia,Maximo Blanco,172.72,180.34,145,172.72,170.18,145,27,29,0.0,10.16,-2,U-DEC,,1.0,0.0
5560,Blue,Justin Lawrence,Daniel Pineda,170.18,175.26,145,172.72,170.18,145,22,27,-2.54,5.08,-5,SUB,0.0,1.0,0.0
5562,Blue,Ryan Couture,Ross Pearson,172.72,175.26,155,177.8,190.5,155,30,28,-5.08,-15.24,2,KO/TKO,0.0,0.0,1.0
5569,Blue,Chris Spang,Adlan Amagov,187.96,193.04,170,187.96,194.0,170,25,26,0.0,-0.96,-1,U-DEC,,0.0,0.0
5570,Blue,Marcus Brimage,Conor McGregor,175.26,187.96,155,162.56,180.34,135,28,24,12.7,7.62,4,KO/TKO,1.0,1.0,1.0
5571,Blue,Benny Alloway,Ryan LaFlare,185.42,187.96,170,180.34,190.5,170,32,29,5.08,-2.54,3,,1.0,0.0,1.0
5572,Blue,Michael Kuiper,Tom Lawlor,182.88,187.96,205,182.88,185.42,185,23,29,0.0,2.54,-6,SUB,,1.0,0.0
5575,Blue,Carlos Condit,Johny Hendricks,175.26,175.26,185,187.96,190.5,170,28,29,-12.7,-15.24,-1,U-DEC,0.0,0.0,0.0
5577,Blue,Nick Ring,Chris Camozzi,187.96,193.04,185,182.88,187.96,185,34,26,5.08,5.08,8,S-DEC,1.0,1.0,1.0
5580,Blue,Antonio Carvalho,Darren Elkins,177.8,180.34,145,175.26,172.72,145,33,28,2.54,7.62,5,KO/TKO,1.0,1.0,1.0
5581,Blue,Dan Miller,Jordan Mein,182.88,185.42,170,185.42,187.96,185,31,23,-2.54,-2.54,8,KO/TKO,0.0,0.0,1.0
5587,Blue,Stefan Struve,Mark Hunt,177.8,182.88,265,210.82,213.36,265,25,38,-33.02,-30.48,-13,KO/TKO,0.0,0.0,0.0
5588,Blue,Takanori Gomi,Diego Sanchez,177.8,182.88,170,170.18,177.8,155,34,31,7.62,5.08,3,S-DEC,1.0,1.0,1.0
5590,Blue,Mizuto Hirota,Rani Yahya,167.64,170.18,135,170.18,170.18,155,31,28,-2.54,0.0,3,U-DEC,0.0,,1.0
5592,Blue,Riki Fukuda,Brad Tavares,185.42,187.96,185,182.88,185.42,185,32,25,2.54,2.54,7,U-DEC,1.0,1.0,1.0
5594,Blue,Cristiano Marcello,Kazuki Tokudome,180.34,185.42,155,175.26,182.88,155,35,25,5.08,2.54,10,U-DEC,1.0,1.0,1.0
5595,Blue,Marcelo Guimaraes,Hyun Gyu Lim,190.5,195.58,170,182.88,185.42,185,29,28,7.62,10.16,1,KO/TKO,1.0,1.0,1.0
5600,Blue,Josh Koscheck,Robbie Lawler,180.34,187.96,170,177.8,185.42,170,35,30,2.54,2.54,5,KO/TKO,1.0,1.0,1.0
5606,Blue,Jon Manley,Neil Magny,190.5,203.2,170,185.42,190.5,170,26,25,5.08,12.7,1,U-DEC,1.0,1.0,1.0
5613,Blue,Terry Etim,Renee Forte,170.18,180.34,155,185.42,185.42,155,27,25,-15.24,-5.08,2,U-DEC,0.0,0.0,1.0
5614,Blue,Paul Sass,Danny Castillo,175.26,180.34,155,182.88,185.42,155,24,33,-7.62,-5.08,-9,U-DEC,0.0,0.0,0.0
5620,Blue,Rashad Evans,Rogerio Nogueira,187.96,190.5,205,182.88,190.5,205,33,36,5.08,0.0,-3,U-DEC,1.0,,0.0
5621,Blue,Alistair Overeem,Antonio Silva,193.04,203.2,264,193.04,203.2,265,32,33,0.0,0.0,-1,KO/TKO,,,0.0
5622,Blue,Jon Fitch,Demian Maia,185.42,182.88,170,182.88,193.04,170,34,35,2.54,-10.16,-1,U-DEC,1.0,0.0,0.0
5624,Blue,Gleison Tibau,Evan Dunham,177.8,177.8,155,177.8,180.34,155,29,31,0.0,-2.54,-2,S-DEC,,0.0,0.0
5626,Blue,Jacob Volkmann,Bobby Green,177.8,180.34,155,175.26,180.34,155,32,26,2.54,0.0,6,SUB,1.0,,1.0
5627,Blue,Yves Edwards,Isaac Vallie-Flagg,172.72,172.72,155,175.26,185.42,155,36,34,-2.54,-12.7,2,S-DEC,0.0,0.0,1.0
5628,Blue,Chico Camus,Dustin Kimura,170.18,180.34,135,167.64,167.64,125,28,23,2.54,12.7,5,SUB,1.0,1.0,1.0
5629,Blue,Edwin Figueroa,Francisco Rivera,172.72,172.72,135,170.18,175.26,135,28,31,2.54,-2.54,-3,KO/TKO,1.0,0.0,0.0
5631,Blue,Rampage Jackson,Glover Teixeira,187.96,193.04,205,185.42,185.42,205,34,33,2.54,7.62,1,,1.0,1.0,1.0
5633,Blue,Erik Koch,Ricardo Lamas,172.72,180.34,145,177.8,180.34,155,24,30,-5.08,0.0,-6,KO/TKO,0.0,,0.0
5636,Blue,Mike Stumpf,Pascal Krauss,185.42,182.88,170,177.8,180.34,170,26,25,7.62,2.54,1,U-DEC,1.0,1.0,1.0
5638,Blue,Mike Russow,Shawn Jordan,182.88,190.5,260,185.42,185.42,255,36,28,-2.54,5.08,8,KO/TKO,0.0,1.0,1.0
5640,Blue,Simeon Thoresen,David Mitchell,182.88,193.04,170,185.42,200.66,170,28,33,-2.54,-7.62,-5,U-DEC,0.0,0.0,0.0
5642,Blue,Daniel Sarafian,CB Dollaway,187.96,193.04,185,175.26,185.42,185,30,29,12.7,7.62,1,S-DEC,1.0,1.0,1.0
5644,Blue,Thiago Tavares,Khabib Nurmagomedov,177.8,177.8,155,170.18,172.72,145,28,24,7.62,5.08,4,KO/TKO,1.0,1.0,1.0
5647,Blue,Diego Nunes,Nik Lentz,172.72,172.72,155,167.64,170.18,145,30,28,5.08,2.54,2,U-DEC,1.0,1.0,1.0
5649,Blue,Wagner Prado,Ildemar Alcantara,187.96,198.12,185,182.88,187.96,205,26,30,5.08,10.16,-4,SUB,1.0,1.0,0.0
5651,Blue,Junior Dos Santos,Cain Velasquez,185.42,195.58,240,193.04,195.58,238,28,30,-7.62,0.0,-2,U-DEC,0.0,,0.0
5653,Blue,Tim Boetsch,Costas Philippou,180.34,185.42,185,182.88,187.96,185,31,33,-2.54,-2.54,-2,,0.0,0.0,0.0
5655,Blue,Chris Leben,Derek Brunson,185.42,195.58,185,180.34,187.96,185,32,28,5.08,7.62,4,U-DEC,1.0,1.0,1.0
5656,Blue,Brad Pickett,Eddie Wineland,170.18,175.26,135,167.64,172.72,135,34,28,2.54,2.54,6,S-DEC,1.0,1.0,1.0
5658,Blue,Melvin Guillard,Jamie Varner,172.72,182.88,155,175.26,172.72,155,29,28,-2.54,10.16,1,S-DEC,0.0,1.0,1.0
5659,Blue,Michael Johnson,Myles Jury,177.8,185.42,145,177.8,185.42,145,26,24,0.0,0.0,2,U-DEC,,,1.0
5660,Blue,Philip De Fries,Todd Duffee,190.5,200.66,260,195.58,208.28,250,26,27,-5.08,-7.62,-1,KO/TKO,0.0,0.0,0.0
5661,Blue,Leonard Garcia,Max Holloway,180.34,175.26,155,177.8,175.26,145,33,21,2.54,0.0,12,S-DEC,1.0,,1.0
5662,Blue,Chris Cariaso,John Moraga,167.64,167.64,125,160.02,160.02,125,31,28,7.62,7.62,3,SUB,1.0,1.0,1.0
5669,Blue,Vinc Pichel,Rustam Khabilov,172.72,185.42,155,177.8,182.88,155,30,26,-5.08,2.54,4,KO/TKO,0.0,1.0,1.0
5671,Blue,Reuben Duran,Hugo Viana,167.64,170.18,135,170.18,175.26,135,29,30,-2.54,-5.08,-1,KO/TKO,0.0,0.0,0.0
5673,Blue,Jared Papazian,Tim Elliott,170.18,167.64,135,172.72,170.18,135,24,25,-2.54,-2.54,-1,U-DEC,0.0,0.0,0.0
5674,Blue,George Sotiropoulos,Ross Pearson,172.72,175.26,155,177.8,180.34,155,35,28,-5.08,-5.08,7,KO/TKO,0.0,0.0,1.0
5676,Blue,Colin Fletcher,Norman Parke,180.34,177.8,155,187.96,198.12,155,29,25,-7.62,-20.32,4,U-DEC,0.0,0.0,1.0
5681,Blue,Brendan Loughnane,Mike Wilkinson,170.18,172.72,145,177.8,177.8,145,23,25,-7.62,-5.08,-2,U-DEC,0.0,0.0,0.0
5682,Blue,Nick Penner,Cody Donovan,190.5,187.96,205,193.04,195.58,205,32,31,-2.54,-7.62,1,KO/TKO,0.0,0.0,1.0
5684,Blue,Mauricio Rua,Alexander Gustafsson,195.58,200.66,205,185.42,193.04,205,31,25,10.16,7.62,6,U-DEC,1.0,1.0,1.0
5685,Blue,BJ Penn,Rory MacDonald,182.88,193.04,170,175.26,177.8,155,33,23,7.62,15.24,10,U-DEC,1.0,1.0,1.0
5686,Blue,Mike Swick,Matt Brown,182.88,190.5,170,185.42,195.58,170,33,31,-2.54,-5.08,2,KO/TKO,0.0,0.0,1.0
5691,Blue,Marcus LeVesseur,Abel Trujillo,172.72,177.8,155,175.26,177.8,155,30,29,-2.54,0.0,1,KO/TKO,0.0,,1.0
5697,Blue,Mark Bocek,Rafael Dos Anjos,172.72,177.8,170,172.72,190.5,155,31,28,0.0,-12.7,3,U-DEC,,0.0,1.0
5698,Blue,Mark Hominick,Pablo Garza,185.42,185.42,145,172.72,172.72,145,30,29,12.7,12.7,1,U-DEC,1.0,1.0,1.0
5701,Blue,Sam Stout,John Makdessi,172.72,172.72,155,175.26,177.8,155,28,27,-2.54,-5.08,1,U-DEC,0.0,0.0,1.0
5705,Blue,Steven Siler,Darren Elkins,177.8,180.34,145,180.34,177.8,145,25,28,-2.54,2.54,-3,U-DEC,0.0,1.0,0.0
5706,Blue,Rich Franklin,Cung Le,175.26,175.26,185,185.42,190.5,185,38,40,-10.16,-15.24,-2,KO/TKO,0.0,0.0,0.0
5709,Blue,Tiequan Zhang,Jon Tuck,180.34,185.42,155,172.72,177.8,155,34,28,7.62,7.62,6,U-DEC,1.0,1.0,1.0
5712,Blue,Yasuhiro Urushitani,John Lineker,160.02,170.18,135,165.1,170.0,125,36,22,-5.08,0.18,14,U-DEC,0.0,1.0,1.0
5724,Blue,Luiz Cane,Chris Camozzi,187.96,193.04,185,187.96,195.58,185,31,25,0.0,-2.54,6,U-DEC,,0.0,1.0
5726,Blue,Travis Browne,Antonio Silva,193.04,203.2,264,198.12,200.66,255,30,33,-5.08,2.54,-3,KO/TKO,0.0,1.0,0.0
5729,Blue,Josh Neer,Justin Edwards,177.8,177.8,155,180.34,182.88,170,29,29,-2.54,-5.08,0,SUB,0.0,0.0,
5731,Blue,Aaron Simpson,Mike Pierce,172.72,177.8,170,182.88,185.42,170,38,32,-10.16,-7.62,6,KO/TKO,0.0,0.0,1.0
5734,Blue,Bart Palaszewski,Diego Nunes,167.64,170.18,145,175.26,177.8,145,29,29,-7.62,-7.62,0,U-DEC,0.0,0.0,
5739,Blue,Paul Sass,Matt Wiman,177.8,172.72,155,182.88,185.42,155,24,29,-5.08,-12.7,-5,SUB,0.0,0.0,0.0
5742,Blue,Kyle Kingsbury,Jimi Manuwa,185.42,200.66,205,193.04,193.04,205,30,32,-7.62,7.62,-2,KO/TKO,0.0,1.0,0.0
5743,Blue,Andy Ogle,Akira Corassani,172.72,172.72,145,172.72,175.26,145,23,30,0.0,-2.54,-7,S-DEC,,0.0,0.0
5744,Blue,Tom Watson,Brad Tavares,185.42,187.96,185,185.42,185.42,185,30,24,0.0,2.54,6,S-DEC,,1.0,1.0
5745,Blue,DaMarques Johnson,Gunnar Nelson,180.34,182.88,170,185.42,190.5,170,30,24,-5.08,-7.62,6,SUB,0.0,0.0,1.0
5746,Blue,Jason Young,Robert Peralta,172.72,180.34,145,175.26,185.42,145,26,26,-2.54,-5.08,0,KO/TKO,0.0,0.0,
5748,Blue,Joseph Benavidez,Demetrious Johnson,160.02,167.64,125,162.56,165.1,125,28,26,-2.54,2.54,2,S-DEC,0.0,1.0,1.0
5752,Blue,Igor Pokrajac,Vinny Magalhaes,190.5,200.66,205,182.88,193.04,205,33,28,7.62,7.62,5,SUB,1.0,1.0,1.0
5755,Blue,Jimy Hettes,Marcus Brimage,162.56,180.34,135,175.26,180.34,145,25,27,-12.7,0.0,-2,U-DEC,0.0,,0.0
5762,Blue,Justin Lawrence,Max Holloway,180.34,175.26,155,172.72,170.18,145,22,20,7.62,5.08,2,KO/TKO,1.0,1.0,1.0
5764,Blue,Jared Hamman,Michael Kuiper,182.88,185.42,185,190.5,190.5,185,30,23,-7.62,-5.08,7,KO/TKO,0.0,0.0,1.0
5765,Blue,Ken Stone,Erik Perez,172.72,172.72,135,172.72,180.34,135,29,22,0.0,-7.62,7,KO/TKO,,0.0,1.0
5766,Blue,Dustin Pague,Chico Camus,167.64,167.64,125,175.26,187.96,135,25,27,-7.62,-20.32,-2,U-DEC,0.0,0.0,0.0
5772,Blue,Cole Miller,Nam Phan,167.64,177.8,135,185.42,187.96,145,28,29,-17.78,-10.16,-1,S-DEC,0.0,0.0,0.0
5773,Blue,Josh Grispi,Rani Yahya,167.64,170.18,135,180.34,187.96,145,23,27,-12.7,-17.78,-4,SUB,0.0,0.0,0.0
5777,Blue,Urijah Faber,Renan Barao,167.64,177.8,135,167.64,170.18,135,33,25,0.0,7.62,8,U-DEC,,1.0,1.0
5778,Blue,Hector Lombard,Tim Boetsch,182.88,187.96,185,175.26,180.34,185,34,31,7.62,7.62,3,S-DEC,1.0,1.0,1.0
5780,Blue,Brian Ebersole,James Head,185.42,185.42,170,182.88,185.42,170,31,28,2.54,0.0,3,S-DEC,1.0,,1.0
5781,Blue,Court McGee,Nick Ring,182.88,187.96,185,180.34,190.5,170,27,33,2.54,-2.54,-6,U-DEC,1.0,0.0,0.0
5782,Blue,Anthony Perosh,Ryan Jimmo,185.42,185.42,205,190.5,190.5,205,39,30,-5.08,-5.08,9,KO/TKO,0.0,0.0,1.0
5785,Blue,Mitch Clarke,Anton Kuivanen,172.72,182.88,155,177.8,185.42,155,26,28,-5.08,-2.54,-2,S-DEC,0.0,0.0,0.0
5786,Blue,Mark Munoz,Chris Weidman,187.96,198.12,185,182.88,182.88,185,34,28,5.08,15.24,6,KO/TKO,1.0,1.0,1.0
5789,Blue,Karlos Vemola,Francis Carmont,190.5,198.12,205,182.88,190.5,185,27,30,7.62,7.62,-3,SUB,1.0,1.0,0.0
5792,Blue,Damacio Page,Alex Caceres,177.8,185.42,145,167.64,167.64,135,29,24,10.16,17.78,5,SUB,1.0,1.0,1.0
5794,Blue,Rafael Natal,Andrew Craig,185.42,193.04,170,182.88,193.04,185,29,26,2.54,0.0,3,KO/TKO,1.0,,1.0
5800,Blue,Dong Hyun Kim,Demian Maia,185.42,182.88,170,187.96,193.04,170,30,34,-2.54,-10.16,-4,KO/TKO,0.0,0.0,0.0
5802,Blue,Ivan Menjivar,Mike Easton,167.64,177.8,135,167.64,162.56,145,30,28,0.0,15.24,2,U-DEC,,1.0,1.0
5804,Blue,Gleison Tibau,Khabib Nurmagomedov,177.8,177.8,155,177.8,180.34,155,28,23,0.0,-2.54,5,U-DEC,,0.0,1.0
5806,Blue,John Alessio,Shane Roller,177.8,182.88,155,177.8,182.88,155,33,32,0.0,0.0,1,U-DEC,,,1.0
5808,Blue,Wanderlei Silva,Rich Franklin,185.42,190.5,185,180.34,187.96,205,35,37,5.08,2.54,-2,U-DEC,1.0,1.0,0.0
5810,Blue,Godofredo Pepey,Rony Jason,170.18,177.8,145,170.18,185.42,145,24,28,0.0,-7.62,-4,U-DEC,,0.0,0.0
5812,Blue,Iuri Alcantara,Hacran Dias,172.72,175.26,155,175.26,180.34,135,31,28,-2.54,-5.08,3,U-DEC,0.0,0.0,1.0
5813,Blue,Anistavio Medeiros,Rodrigo Damm,170.18,180.34,155,167.64,178.0,145,24,32,2.54,2.34,-8,SUB,1.0,1.0,0.0
5814,Blue,Delson Heleno,Francisco Trinaldo,175.26,177.8,155,180.34,183.0,185,34,33,-5.08,-5.2,1,KO/TKO,0.0,0.0,1.0
5815,Blue,John Teixeira,Hugo Viana,167.64,170.18,135,170.18,173.0,145,25,29,-2.54,-2.82,-4,S-DEC,0.0,0.0,0.0
5821,Blue,Ross Pearson,Cub Swanson,172.72,177.8,145,172.72,175.26,155,27,28,0.0,2.54,-1,KO/TKO,,1.0,0.0
5822,Blue,Hatsu Hioki,Ricardo Lamas,172.72,180.34,145,180.34,177.8,145,28,30,-7.62,2.54,-2,U-DEC,0.0,1.0,0.0
5826,Blue,Nick Catone,Chris Camozzi,187.96,193.04,185,182.88,182.88,185,30,25,5.08,10.16,5,KO/TKO,1.0,1.0,1.0
5836,Blue,Leonard Garcia,Matt Grice,172.72,177.8,145,177.8,175.26,145,32,30,-5.08,2.54,2,U-DEC,0.0,1.0,1.0
5841,Blue,Jake Hecht,Sean Pierson,182.88,193.04,170,182.88,193.04,170,28,36,0.0,0.0,-8,U-DEC,,,0.0
5842,Blue,Jake Ellenberger,Martin Kampmann,182.88,182.88,170,175.26,180.34,170,27,30,7.62,2.54,-3,KO/TKO,1.0,1.0,0.0
5844,Blue,Jonathan Brookins,Charles Oliveira,177.8,187.96,155,182.88,185.42,145,26,22,-5.08,2.54,4,SUB,0.0,1.0,1.0
5849,Blue,Cristiano Marcello,Sam Sicilia,172.72,170.18,145,175.26,182.88,155,34,26,-2.54,-12.7,8,KO/TKO,0.0,0.0,1.0
5851,Blue,John Albert,Erik Perez,172.72,172.72,135,172.72,172.72,135,25,22,0.0,0.0,3,SUB,,,1.0
5857,Blue,Diego Brandao,Darren Elkins,177.8,180.34,145,170.18,172.72,145,24,28,7.62,7.62,-4,U-DEC,1.0,1.0,0.0
5858,Blue,Edson Barboza,Jamie Varner,172.72,182.88,155,180.34,190.5,155,26,27,-7.62,-7.62,-1,KO/TKO,0.0,0.0,0.0
5859,Blue,Jason Miller,CB Dollaway,187.96,193.04,185,185.42,182.88,185,31,28,2.54,10.16,3,U-DEC,1.0,1.0,1.0
5861,Blue,Jacob Volkmann,Paul Sass,182.88,185.42,155,175.26,180.34,155,31,23,7.62,5.08,8,SUB,1.0,1.0,1.0
5862,Blue,Kyle Kingsbury,Glover Teixeira,187.96,193.04,205,193.04,193.04,205,30,32,-5.08,0.0,-2,SUB,0.0,,0.0
5869,Blue,Jason MacDonald,Tom Lawlor,182.88,187.96,205,190.5,203.2,185,36,29,-7.62,-15.24,7,KO/TKO,0.0,0.0,1.0
5874,Blue,Jeff Curran,Johnny Eduardo,170.18,180.34,135,167.64,175.26,135,34,33,2.54,5.08,1,U-DEC,1.0,1.0,1.0
5875,Blue,Alex Soto,Francisco Rivera,172.72,172.72,135,172.72,180.34,135,28,30,0.0,-7.62,-2,U-DEC,,0.0,0.0
5877,Blue,Josh Koscheck,Johny Hendricks,175.26,175.26,185,177.8,185.42,170,34,28,-2.54,-10.16,6,S-DEC,0.0,0.0,1.0
5878,Blue,Rousimar Palhares,Alan Belcher,187.96,185.42,185,172.72,180.34,170,32,28,15.24,5.08,4,KO/TKO,1.0,1.0,1.0
5879,Blue,Pat Barry,Lavar Johnson,193.04,208.28,240,180.34,187.96,235,32,34,12.7,20.32,-2,KO/TKO,1.0,1.0,0.0
5880,Blue,Tony Ferguson,Michael Johnson,177.8,185.42,145,180.34,193.04,155,28,25,-2.54,-7.62,3,U-DEC,0.0,0.0,1.0
5887,Blue,Mike Massenzio,Karlos Vemola,182.88,190.5,185,187.96,185.42,185,29,26,-5.08,5.08,3,SUB,0.0,1.0,1.0
5890,Blue,Brendan Schaub,Ben Rothwell,193.04,198.12,265,193.04,198.12,245,29,30,0.0,0.0,-1,KO/TKO,,,0.0
5891,Blue,Miguel Torres,Michael McDonald,175.26,177.8,135,175.26,193.04,135,31,21,0.0,-15.24,10,KO/TKO,,0.0,1.0
5892,Blue,Mark Hominick,Eddie Yagin,170.18,175.0,145,172.72,172.72,145,29,33,-2.54,2.28,-4,S-DEC,0.0,1.0,0.0
5896,Blue,John Makdessi,Anthony Njokuani,185.42,190.5,155,172.72,172.72,155,26,32,12.7,17.78,-6,U-DEC,1.0,1.0,0.0
5898,Blue,Keith Wisniewski,Chris Clements,177.8,177.8,170,182.88,190.5,170,30,36,-5.08,-12.7,-6,S-DEC,0.0,0.0,0.0
5902,Blue,Paulo Thiago,Siyar Bahadurzada,180.34,185.42,170,180.34,185.42,170,31,27,0.0,0.0,4,KO/TKO,,,1.0
5904,Blue,DaMarques Johnson,John Maguire,175.26,175.26,155,185.42,190.5,170,29,28,-10.16,-15.24,1,SUB,0.0,0.0,1.0
5906,Blue,Papy Abedi,James Head,185.42,185.42,170,180.34,187.96,185,33,28,5.08,-2.54,5,SUB,1.0,0.0,1.0
5912,Blue,Thiago Alves,Martin Kampmann,182.88,182.88,170,175.26,177.8,170,28,29,7.62,5.08,-1,SUB,1.0,1.0,0.0
5914,Blue,Court McGee,Costas Philippou,180.34,185.42,185,180.34,190.5,170,27,32,0.0,-5.08,-5,,,0.0,0.0
5917,Blue,Cole Miller,Steven Siler,180.34,177.8,145,185.42,187.96,145,27,25,-5.08,-10.16,2,U-DEC,0.0,0.0,1.0
5918,Blue,Kyle Noke,Andrew Craig,185.42,193.04,170,185.42,193.04,170,31,26,0.0,0.0,5,U-DEC,,,1.0
5920,Blue,Mackens Semerzier,Daniel Pineda,170.18,175.26,145,175.26,182.88,145,31,26,-5.08,-7.62,5,SUB,0.0,0.0,1.0
5921,Blue,Oli Thompson,Shawn Jordan,182.88,190.5,260,185.42,190.5,242,32,27,-2.54,0.0,5,KO/TKO,0.0,,1.0
5922,Blue,Frankie Edgar,Benson Henderson,175.26,177.8,170,167.64,172.72,145,30,28,7.62,5.08,2,U-DEC,1.0,1.0,1.0
5923,Blue,Rampage Jackson,Ryan Bader,187.96,187.96,205,185.42,185.42,205,33,28,2.54,2.54,5,,1.0,1.0,1.0
5925,Blue,Yoshihiro Akiyama,Jake Shields,182.88,182.88,170,177.8,185.42,170,36,33,5.08,-2.54,3,U-DEC,1.0,0.0,1.0
5926,Blue,Yushin Okami,Tim Boetsch,182.88,187.96,185,187.96,190.5,170,30,31,-5.08,-2.54,-1,KO/TKO,0.0,0.0,0.0
5930,Blue,Norifumi Yamamoto,Vaughan Lee,167.64,167.64,125,162.56,167.64,135,34,29,5.08,0.0,5,SUB,1.0,,1.0
5932,Blue,Takeya Mizugaki,Chris Cariaso,160.02,160.02,125,170.18,172.72,135,28,30,-10.16,-12.7,-2,U-DEC,0.0,0.0,0.0
5933,Blue,Tiequan Zhang,Issei Tamura,165.1,160.02,135,172.72,177.8,155,33,27,-7.62,-17.78,6,KO/TKO,0.0,0.0,1.0
5934,Blue,Diego Sanchez,Jake Ellenberger,175.26,180.34,170,177.8,182.88,170,30,26,-2.54,-2.54,4,U-DEC,0.0,0.0,1.0
5936,Blue,Aaron Simpson,Ronny Markes,185.42,190.5,185,182.88,185.42,170,37,23,2.54,5.08,14,S-DEC,1.0,1.0,1.0
5941,Blue,Anton Kuivanen,Justin Salas,172.72,177.8,155,172.72,182.88,155,27,29,0.0,-5.08,-2,U-DEC,,0.0,0.0
5943,Blue,Nick Diaz,Carlos Condit,187.96,190.5,170,185.42,193.04,185,28,27,2.54,-2.54,1,U-DEC,1.0,0.0,1.0
5944,Blue,Roy Nelson,Fabricio Werdum,193.04,195.58,231,182.88,182.88,263,35,34,10.16,12.7,1,U-DEC,1.0,1.0,1.0
5949,Blue,Alex Caceres,Edwin Figueroa,170.18,175.26,135,177.8,185.42,145,23,27,-7.62,-10.16,-4,S-DEC,0.0,0.0,0.0
5953,Blue,Dan Stittgen,Stephen Thompson,182.88,190.5,170,185.42,180.0,170,31,28,-2.54,10.5,3,KO/TKO,0.0,1.0,1.0
5956,Blue,Demian Maia,Chris Weidman,187.96,198.12,185,185.42,182.88,170,34,27,2.54,15.24,7,U-DEC,1.0,1.0,1.0
5962,Blue,Joey Beltran,Lavar Johnson,193.04,208.28,240,185.42,190.5,185,30,34,7.62,17.78,-4,KO/TKO,1.0,1.0,0.0
5964,Blue,Melvin Guillard,Jim Miller,172.72,180.34,155,175.26,172.72,155,28,28,-2.54,7.62,0,SUB,0.0,1.0,
5965,Blue,Duane Ludwig,Josh Neer,180.34,182.88,170,177.8,177.8,170,33,28,2.54,5.08,5,SUB,1.0,1.0,1.0
5969,Blue,Kamal Shalorus,Khabib Nurmagomedov,177.8,177.8,155,172.72,172.72,155,39,23,5.08,5.08,16,SUB,1.0,1.0,1.0
5973,Blue,Joseph Sandoval,Nick Denis,170.18,178.0,135,170.18,168.0,135,25,28,0.0,10.0,-3,KO/TKO,,1.0,0.0
5977,Blue,Erick Silva,Carlo Prater,180.34,182.88,155,182.88,187.96,170,27,30,-2.54,-5.08,-3,DQ,0.0,0.0,0.0
5982,Blue,Ricardo Funch,Mike Pyle,182.88,187.96,170,177.8,193.04,170,31,36,5.08,-5.08,-5,KO/TKO,1.0,0.0,0.0
5984,Blue,Brock Lesnar,Alistair Overeem,193.04,203.2,265,190.5,205.74,265,34,31,2.54,-2.54,3,KO/TKO,1.0,0.0,1.0
5986,Blue,Jon Fitch,Johny Hendricks,175.26,175.26,185,182.88,193.04,170,33,28,-7.62,-17.78,5,KO/TKO,0.0,0.0,1.0
5987,Blue,Vladimir Matyushenko,Alexander Gustafsson,195.58,200.66,205,182.88,187.96,205,40,24,12.7,12.7,16,KO/TKO,1.0,1.0,1.0
5988,Blue,Nam Phan,Jimy Hettes,175.26,180.34,145,167.64,177.8,135,28,24,7.62,2.54,4,U-DEC,1.0,1.0,1.0
5990,Blue,Anthony Njokuani,Danny Castillo,175.26,180.34,155,185.42,190.5,155,31,32,-10.16,-10.16,-1,S-DEC,0.0,0.0,0.0
5993,Blue,Manvel Gamburyan,Diego Nunes,167.64,170.18,145,165.1,170.18,135,30,29,2.54,0.0,1,U-DEC,1.0,,1.0
5996,Blue,Tito Ortiz,Rogerio Nogueira,187.96,190.5,205,190.5,187.96,205,36,35,-2.54,2.54,1,KO/TKO,0.0,1.0,1.0
5997,Blue,Claude Patrick,Brian Ebersole,182.88,185.42,170,180.34,190.5,170,31,31,2.54,-5.08,0,S-DEC,1.0,0.0,
5998,Blue,Mark Hominick,Chan Sung Jung,170.18,182.88,145,172.72,172.72,145,29,24,-2.54,10.16,5,KO/TKO,0.0,1.0,1.0
5999,Blue,Krzysztof Soszynski,Igor Pokrajac,182.88,193.04,205,185.42,195.58,205,34,32,-2.54,-2.54,2,KO/TKO,0.0,0.0,1.0
6000,Blue,Jared Hamman,Costas Philippou,180.34,185.42,185,190.5,190.5,185,29,32,-10.16,-5.08,-3,,0.0,0.0,0.0
6001,Blue,John Makdessi,Dennis Hallman,175.26,182.88,155,172.72,172.72,155,26,36,2.54,10.16,-10,SUB,1.0,1.0,0.0
6002,Blue,Walel Watson,Yves Jabouin,170.18,172.72,135,180.34,175.26,135,27,32,-10.16,-2.54,-5,S-DEC,0.0,0.0,0.0
6004,Blue,Rich Attonito,Jake Hecht,182.88,193.04,170,177.8,182.88,170,34,27,5.08,10.16,7,KO/TKO,1.0,1.0,1.0
6005,Blue,Mitch Clarke,John Cholish,180.34,182.88,155,177.8,185.42,155,26,27,2.54,-2.54,-1,KO/TKO,1.0,0.0,0.0
6008,Blue,TJ Dillashaw,John Dodson,160.02,167.64,135,167.64,170.18,125,25,27,-7.62,-2.54,-2,KO/TKO,0.0,0.0,0.0
6010,Blue,Louis Gaudinot,Johnny Bedford,177.8,180.34,135,160.02,160.02,125,27,28,17.78,20.32,-1,KO/TKO,1.0,1.0,0.0
6012,Blue,Dustin Pague,John Albert,172.72,172.72,135,175.26,187.96,135,24,25,-2.54,-15.24,-1,KO/TKO,0.0,0.0,0.0
6016,Blue,Mauricio Rua,Dan Henderson,180.34,187.96,185,185.42,193.04,205,29,41,-5.08,-5.08,-12,U-DEC,0.0,0.0,0.0
6019,Blue,Rick Story,Martin Kampmann,182.88,182.88,170,175.26,180.34,170,27,29,7.62,2.54,-2,S-DEC,1.0,1.0,0.0
6023,Blue,Tom Lawlor,Chris Weidman,187.96,198.12,185,182.88,187.96,205,28,27,5.08,10.16,1,SUB,1.0,1.0,1.0
6026,Blue,Matt Brown,Seth Baczynski,190.5,187.96,170,182.88,190.5,170,30,30,7.62,-2.54,0,SUB,1.0,0.0,
6028,Blue,Cain Velasquez,Junior Dos Santos,193.04,195.58,238,185.42,195.58,240,29,27,7.62,0.0,2,KO/TKO,1.0,,1.0
6029,Blue,Clay Guida,Benson Henderson,175.26,177.8,170,170.18,177.8,155,29,27,5.08,0.0,2,U-DEC,1.0,,1.0
6031,Blue,Cub Swanson,Ricardo Lamas,172.72,180.34,145,172.72,177.8,145,28,29,0.0,2.54,-1,SUB,,1.0,0.0
6033,Blue,Norifumi Yamamoto,Darren Uyenoyama,167.64,162.56,125,162.56,167.64,135,34,32,5.08,-5.08,2,U-DEC,1.0,0.0,1.0
6037,Blue,Chris Leben,Mark Munoz,182.88,182.88,185,180.34,187.96,185,31,33,2.54,-5.08,-2,KO/TKO,1.0,0.0,0.0
6038,Blue,Brad Pickett,Renan Barao,167.64,177.8,135,167.64,172.72,135,33,24,0.0,5.08,9,SUB,,1.0,1.0
6040,Blue,Cyrille Diabate,Anthony Perosh,190.5,190.5,205,198.12,205.74,205,38,39,-7.62,-15.24,-1,SUB,0.0,0.0,0.0
6043,Blue,Rob Broughton,Philip De Fries,195.58,208.28,250,187.96,187.96,265,28,25,7.62,20.32,3,U-DEC,1.0,1.0,1.0
6045,Blue,Chris Cope,Che Mills,185.42,193.04,170,182.88,182.88,170,28,29,2.54,10.16,-1,KO/TKO,1.0,1.0,0.0
6047,Blue,BJ Penn,Nick Diaz,185.42,193.04,185,175.26,177.8,155,32,28,10.16,15.24,4,U-DEC,1.0,1.0,1.0
6049,Blue,Mirko Cro Cop,Roy Nelson,182.88,182.88,263,187.96,185.42,230,37,35,-5.08,-2.54,2,,0.0,0.0,1.0
6052,Blue,Dennis Siver,Donald Cerrone,185.42,185.42,155,167.64,177.8,145,32,28,17.78,7.62,4,SUB,1.0,1.0,1.0
6053,Blue,Tyson Griffin,Bart Palaszewski,175.26,177.8,145,167.64,172.72,145,27,28,7.62,5.08,-1,KO/TKO,1.0,1.0,0.0
6056,Blue,Chris Camozzi,Francis Carmont,190.5,198.12,205,187.96,193.04,185,24,30,2.54,5.08,-6,U-DEC,1.0,1.0,0.0
6057,Blue,Dustin Jacoby,Clifford Starks,182.88,195.58,185,193.04,198.12,185,23,30,-10.16,-2.54,-7,U-DEC,0.0,0.0,0.0
6061,Blue,Leonard Garcia,Nam Phan,167.64,177.8,135,177.8,175.26,145,32,28,-10.16,2.54,4,U-DEC,0.0,1.0,1.0
6062,Blue,Melvin Guillard,Joe Lauzon,177.8,180.34,155,175.26,172.72,155,28,27,2.54,7.62,1,SUB,1.0,1.0,1.0
6065,Blue,Joey Beltran,Stipe Miocic,193.04,203.2,240,185.42,190.5,185,29,29,7.62,12.7,0,U-DEC,1.0,1.0,
6066,Blue,Tiequan Zhang,Darren Elkins,177.8,180.34,145,172.72,177.8,155,33,27,5.08,2.54,6,U-DEC,1.0,1.0,1.0
6068,Blue,Steve Cantwell,Mike Massenzio,187.96,185.42,185,187.96,190.5,185,24,28,0.0,-5.08,-4,U-DEC,,0.0,0.0
6070,Blue,Pat Barry,Stefan Struve,210.82,213.36,265,180.34,187.96,235,32,23,30.48,25.4,9,SUB,1.0,1.0,1.0
6074,Blue,Michael Johnson,Paul Sass,182.88,185.42,155,177.8,185.42,145,25,23,5.08,0.0,2,SUB,1.0,,1.0
6076,Blue,Shane Roller,TJ Grant,177.8,182.88,155,177.8,182.88,155,32,27,0.0,0.0,5,SUB,,,1.0
6080,Blue,Matt Hughes,Josh Koscheck,177.8,185.42,170,175.26,185.42,170,37,33,2.54,0.0,4,KO/TKO,1.0,,1.0
6081,Blue,Ben Rothwell,Mark Hunt,177.8,182.88,265,193.04,198.12,265,29,37,-15.24,-15.24,-8,U-DEC,0.0,0.0,0.0
6085,Blue,Nick Ring,Tim Boetsch,182.88,187.96,185,182.88,187.96,185,32,30,0.0,0.0,2,U-DEC,,,1.0
6089,Blue,Jake Shields,Jake Ellenberger,175.26,180.34,170,182.88,182.88,170,32,26,-7.62,-2.54,6,KO/TKO,0.0,0.0,1.0
6091,Blue,Jonathan Brookins,Erik Koch,177.8,180.34,155,182.88,185.42,145,26,22,-5.08,-5.08,4,U-DEC,0.0,0.0,1.0
6093,Blue,Cody McKenzie,Vagner Rocha,177.8,185.42,155,182.88,182.88,155,23,29,-5.08,2.54,-6,SUB,0.0,1.0,0.0
6095,Blue,Matthew Riddle,Lance Benoist,180.34,185.42,170,185.42,187.96,170,25,23,-5.08,-2.54,2,U-DEC,0.0,0.0,1.0
6097,Blue,Clay Harvison,Seth Baczynski,190.5,187.96,170,185.42,187.96,170,30,29,5.08,0.0,1,SUB,1.0,,1.0
6103,Blue,Ross Pearson,Edson Barboza,180.34,190.5,155,172.72,175.26,155,26,25,7.62,15.24,1,S-DEC,1.0,1.0,1.0
6105,Blue,Luiz Cane,Stanislav Nedkov,180.34,180.34,205,187.96,195.58,185,30,29,-7.62,-15.24,1,KO/TKO,0.0,0.0,1.0
6113,Blue,Dan Hardy,Chris Lytle,180.34,172.72,170,182.88,187.96,170,29,36,-2.54,-15.24,-7,SUB,0.0,0.0,0.0
6114,Blue,Jim Miller,Benson Henderson,175.26,177.8,170,172.72,180.34,155,27,27,2.54,-2.54,0,U-DEC,1.0,0.0,
6116,Blue,Amir Sadollah,Duane Ludwig,177.8,177.8,170,177.8,187.96,170,30,33,0.0,-10.16,-3,U-DEC,,0.0,0.0
6117,Blue,CB Dollaway,Jared Hamman,190.5,190.5,185,187.96,193.04,185,28,29,2.54,-2.54,-1,KO/TKO,1.0,0.0,0.0
6127,Blue,Dennis Hallman,Brian Ebersole,182.88,185.42,170,175.26,182.88,155,35,30,7.62,2.54,5,KO/TKO,1.0,1.0,1.0
6128,Blue,Jorge Rivera,Costas Philippou,180.34,185.42,185,185.42,185.42,185,39,31,-5.08,0.0,8,,0.0,,1.0
6130,Blue,Matt Hamill,Alexander Gustafsson,195.58,200.66,205,185.42,193.04,205,34,24,10.16,7.62,10,KO/TKO,1.0,1.0,1.0
6137,Blue,Wanderlei Silva,Chris Leben,180.34,187.96,185,180.34,187.96,205,34,30,0.0,0.0,4,KO/TKO,,,1.0
6142,Blue,George Sotiropoulos,Rafael Dos Anjos,172.72,177.8,170,177.8,180.34,155,33,26,-5.08,-2.54,7,KO/TKO,0.0,0.0,1.0
6144,Blue,Brad Tavares,Aaron Simpson,182.88,185.42,170,185.42,187.96,185,23,36,-2.54,-2.54,-13,U-DEC,0.0,0.0,0.0
6150,Blue,Christian Morecraft,Matt Mitrione,190.5,200.66,265,198.12,205.74,260,24,32,-7.62,-5.08,-8,KO/TKO,0.0,0.0,0.0
6152,Blue,Joe Stevenson,Javier Vazquez,170.18,175.26,145,170.18,177.8,145,29,33,0.0,-2.54,-4,U-DEC,,0.0,0.0
6154,Blue,Daniel Roberts,Rich Attonito,177.8,182.88,170,177.8,187.96,170,30,34,0.0,-5.08,-4,U-DEC,,0.0,0.0
6157,Blue,Shane Carwin,Junior Dos Santos,193.04,195.58,238,187.96,203.2,265,36,27,5.08,-7.62,9,U-DEC,1.0,0.0,1.0
6161,Blue,Vagner Rocha,Donald Cerrone,185.42,185.42,155,177.8,185.42,155,29,28,7.62,0.0,1,U-DEC,1.0,,1.0
6162,Blue,Yves Edwards,Sam Stout,175.26,177.8,155,175.26,185.42,155,34,27,0.0,-7.62,7,KO/TKO,,0.0,1.0
6163,Blue,Jesse Bongfeldt,Chris Weidman,187.96,198.12,185,182.88,183.0,185,30,26,5.08,15.12,4,SUB,1.0,1.0,1.0
6164,Blue,Mike Massenzio,Krzysztof Soszynski,185.42,195.58,205,187.96,185.42,185,28,33,-2.54,10.16,-5,U-DEC,0.0,1.0,0.0
6169,Blue,Ramsey Nijem,Tony Ferguson,180.34,193.04,155,180.34,190.5,155,23,27,0.0,2.54,-4,KO/TKO,,1.0,0.0
6172,Blue,Fabio Maldonado,Kyle Kingsbury,193.04,193.04,205,185.42,190.5,205,31,29,7.62,2.54,2,U-DEC,1.0,1.0,1.0
6173,Blue,Chuck O'Neil,Chris Cope,182.88,182.88,170,187.96,193.0,170,25,28,-5.08,-10.12,-3,U-DEC,0.0,0.0,0.0
6174,Blue,Danny Downes,Jeremy Stephens,172.72,180.34,145,182.88,182.88,155,25,25,-10.16,-2.54,0,U-DEC,0.0,0.0,
6175,Blue,Josh Grispi,George Roop,185.42,182.88,135,180.34,187.96,145,22,29,5.08,-5.08,-7,KO/TKO,1.0,0.0,0.0
6176,Blue,Ryan McGillivray,Shamar Bailey,175.26,190.5,155,180.34,185.0,170,24,28,-5.08,5.5,-4,U-DEC,0.0,1.0,0.0
6182,Blue,Stefan Struve,Travis Browne,198.12,200.66,255,210.82,213.36,265,23,28,-12.7,-12.7,-5,KO/TKO,0.0,0.0,0.0
6183,Blue,Thiago Alves,Rick Story,175.26,180.34,170,175.26,177.8,170,27,26,0.0,2.54,1,U-DEC,,1.0,1.0
6185,Blue,Miguel Torres,Demetrious Johnson,160.02,167.64,125,175.26,193.04,135,30,24,-15.24,-25.4,6,U-DEC,0.0,0.0,1.0
6186,Blue,Kendall Grove,Tim Boetsch,182.88,187.96,185,198.12,200.66,185,28,30,-15.24,-12.7,-2,U-DEC,0.0,0.0,0.0
6189,Blue,Cole Escovedo,Renan Barao,167.64,177.8,135,170.18,182.88,135,29,24,-2.54,-5.08,5,U-DEC,0.0,0.0,1.0
6194,Blue,Mark Bocek,Benson Henderson,175.26,177.8,170,172.72,190.5,155,29,27,2.54,-12.7,2,U-DEC,1.0,0.0,1.0
6195,Blue,Nate Diaz,Rory MacDonald,182.88,193.04,170,182.88,193.04,170,26,21,0.0,0.0,5,U-DEC,,,1.0
6197,Blue,Daniel Roberts,Claude Patrick,180.34,190.5,170,177.8,187.96,170,30,30,2.54,2.54,0,U-DEC,1.0,1.0,
6201,Blue,Yves Jabouin,Pablo Garza,185.42,185.42,145,170.18,172.72,135,31,27,15.24,12.7,4,SUB,1.0,1.0,1.0
6204,Blue,DaMarques Johnson,Amir Sadollah,177.8,187.96,170,185.42,190.5,170,28,30,-7.62,-2.54,-2,KO/TKO,0.0,0.0,0.0
6206,Blue,Jon Madsen,Mike Russow,185.42,185.42,255,182.88,182.88,240,31,34,2.54,2.54,-3,KO/TKO,1.0,1.0,0.0
6207,Blue,Alex Caceres,Mackens Semerzier,175.26,182.88,145,177.8,185.42,145,22,30,-2.54,-2.54,-8,SUB,0.0,0.0,0.0
6210,Blue,Sean McCorkle,Christian Morecraft,198.12,205.74,260,200.66,205.74,265,34,24,-2.54,0.0,10,SUB,0.0,,1.0
6212,Blue,Mario Miranda,Aaron Simpson,182.88,185.42,170,190.5,187.96,185,31,36,-7.62,-2.54,-5,U-DEC,0.0,0.0,0.0
6213,Blue,Waylon Lowe,Nik Lentz,172.72,172.72,155,170.18,174.0,145,30,26,2.54,-1.28,4,SUB,1.0,0.0,1.0
6214,Blue,Mauricio Rua,Jon Jones,193.04,213.36,205,185.42,193.04,205,29,23,7.62,20.32,6,KO/TKO,1.0,1.0,1.0
6217,Blue,Dan Miller,Nate Marquardt,182.88,187.96,185,185.42,187.96,185,29,31,-2.54,0.0,-2,U-DEC,0.0,,0.0
6218,Blue,Mirko Cro Cop,Brendan Schaub,193.04,198.12,245,187.96,185.42,230,36,28,5.08,12.7,8,,1.0,1.0,1.0
6221,Blue,Ricardo Almeida,Mike Pyle,182.88,187.96,170,182.88,187.96,170,34,35,0.0,0.0,-1,U-DEC,,,0.0
6222,Blue,Kurt Pellegrino,Gleison Tibau,177.8,180.34,155,172.72,177.8,155,31,27,5.08,2.54,4,S-DEC,1.0,1.0,1.0
6224,Blue,Costas Philippou,Nick Catone,182.88,182.88,185,180.34,185.42,185,31,29,2.54,-2.54,2,,1.0,0.0,1.0
6227,Blue,CB Dollaway,Mark Munoz,182.88,182.88,185,187.96,193.04,185,27,33,-5.08,-10.16,-6,KO/TKO,0.0,0.0,0.0
6228,Blue,Alessio Sakara,Chris Weidman,187.96,198.12,185,182.88,182.88,185,29,26,5.08,15.24,3,U-DEC,1.0,1.0,1.0
6230,Blue,Steve Cantwell,Cyrille Diabate,198.12,205.74,205,187.96,190.5,185,24,37,10.16,15.24,-13,U-DEC,1.0,1.0,0.0
6231,Blue,Joe Stevenson,Danny Castillo,175.26,180.34,155,170.18,177.8,145,28,31,5.08,2.54,-3,U-DEC,1.0,1.0,0.0
6232,Blue,Thiago Tavares,Shane Roller,177.8,182.88,155,170.18,172.72,145,26,31,7.62,10.16,-5,KO/TKO,1.0,1.0,0.0
6234,Blue,Rob Kimmons,Dongi Yang,177.8,180.34,185,177.8,185.42,185,30,26,0.0,-5.08,4,KO/TKO,,0.0,1.0
6235,Blue,David Branch,Rousimar Palhares,172.72,180.34,170,185.42,198.12,185,29,31,-12.7,-17.78,-2,SUB,0.0,0.0,0.0
6238,Blue,George Sotiropoulos,Dennis Siver,167.64,177.8,145,177.8,180.34,155,33,32,-10.16,-2.54,1,U-DEC,0.0,0.0,1.0
6240,Blue,Chris Camozzi,Kyle Noke,185.42,193.04,170,187.96,193.04,185,24,30,-2.54,0.0,-6,SUB,0.0,,0.0
6244,Blue,Tom Blackledge,Anthony Perosh,190.5,190.5,205,182.88,196.0,205,32,38,7.62,-5.5,-6,SUB,1.0,0.0,0.0
6247,Blue,Maciej Jewtuszko,Curt Warburton,182.88,185.42,155,182.88,188.0,155,30,30,0.0,-2.58,0,U-DEC,,0.0,
6255,Blue,Norifumi Yamamoto,Demetrious Johnson,160.02,167.64,125,162.56,167.64,135,33,24,-2.54,0.0,9,U-DEC,0.0,,1.0
6263,Blue,Cole Miller,Matt Wiman,177.8,172.72,155,185.42,187.96,145,26,27,-7.62,-15.24,-1,U-DEC,0.0,0.0,0.0
6264,Blue,Cody McKenzie,Yves Edwards,175.26,185.42,155,182.88,182.88,155,23,34,-7.62,2.54,-11,SUB,0.0,1.0,0.0
6269,Blue,Will Campuzano,Chris Cariaso,160.02,160.02,125,175.26,177.8,125,24,29,-15.24,-17.78,-5,U-DEC,0.0,0.0,0.0
6270,Blue,Chris Leben,Brian Stann,185.42,187.96,205,180.34,187.96,185,30,30,5.08,0.0,0,KO/TKO,1.0,,
6271,Blue,Nate Diaz,Dong Hyun Kim,187.96,193.04,170,182.88,193.04,170,25,29,5.08,0.0,-4,U-DEC,1.0,,0.0
6275,Blue,Phil Baroni,Brad Tavares,185.42,187.96,185,175.26,182.88,170,34,23,10.16,5.08,11,KO/TKO,1.0,1.0,1.0
6276,Blue,Mike Brown,Diego Nunes,167.64,170.18,145,167.64,177.8,145,35,28,0.0,-7.62,7,S-DEC,,0.0,1.0
6282,Blue,Joe Stevenson,Mac Danzig,172.72,177.8,155,170.18,177.8,145,28,30,2.54,0.0,-2,KO/TKO,1.0,,0.0
6284,Blue,Joe Doerksen,Dan Miller,185.42,187.96,185,182.88,190.5,185,33,29,2.54,-2.54,4,S-DEC,1.0,0.0,1.0
6286,Blue,Matthew Riddle,Sean Pierson,182.88,193.04,170,185.42,187.96,170,24,34,-2.54,5.08,-10,U-DEC,0.0,1.0,0.0
6287,Blue,TJ Grant,Ricardo Almeida,182.88,187.96,170,177.8,182.88,155,26,34,5.08,5.08,-8,U-DEC,1.0,1.0,0.0
6288,Blue,Pat Audinwood,John Makdessi,172.72,172.72,155,182.88,188.0,155,24,25,-10.16,-15.28,-1,U-DEC,0.0,0.0,0.0
6291,Blue,Kendall Grove,Demian Maia,185.42,182.88,170,198.12,200.66,185,28,33,-12.7,-17.78,-5,U-DEC,0.0,0.0,0.0
6292,Blue,Johny Hendricks,Rick Story,175.26,180.34,170,175.26,175.26,185,27,26,0.0,5.08,1,U-DEC,,1.0,1.0
6293,Blue,Nam Phan,Leonard Garcia,177.8,175.26,145,167.64,177.8,135,27,31,10.16,-2.54,-4,S-DEC,1.0,0.0,0.0
6296,Blue,Sako Chivitchian,Kyle Watson,182.88,178.0,155,180.34,180.0,155,26,31,2.54,-2.0,-5,U-DEC,1.0,0.0,0.0
6297,Blue,Will Campuzano,Nick Pace,170.18,172.72,135,175.26,177.8,125,24,23,-5.08,-5.08,1,SUB,0.0,0.0,1.0
6298,Blue,Fredson Paixao,Pablo Garza,185.42,185.42,145,167.64,167.64,145,31,27,17.78,17.78,4,KO/TKO,1.0,1.0,1.0
6299,Blue,Rich Attonito,David Branch,185.42,198.12,185,177.8,182.88,170,33,29,7.62,15.24,4,U-DEC,1.0,1.0,1.0
6301,Blue,Matt Hughes,BJ Penn,175.26,177.8,155,175.26,185.42,170,37,31,0.0,-7.62,6,KO/TKO,,0.0,1.0
6302,Blue,Gerald Harris,Maiquel Falcao,180.34,175.0,185,180.34,195.58,185,31,29,0.0,-20.58,2,U-DEC,,0.0,1.0
6305,Blue,Matt Brown,Brian Foster,175.26,180.34,170,182.88,190.5,170,29,26,-7.62,-10.16,3,SUB,0.0,0.0,1.0
6306,Blue,Aaron Simpson,Mark Munoz,182.88,182.88,185,182.88,185.42,170,36,32,0.0,-2.54,4,U-DEC,,0.0,1.0
6307,Blue,Karo Parisyan,Dennis Hallman,175.26,182.88,155,177.8,182.88,170,28,34,-2.54,0.0,-6,KO/TKO,0.0,,0.0
6308,Blue,Mike Lullo,Edson Barboza,180.34,190.5,155,172.72,178.0,145,31,24,7.62,12.5,7,KO/TKO,1.0,1.0,1.0
6310,Blue,Tyson Griffin,Nik Lentz,172.72,172.72,155,167.64,172.72,145,26,26,5.08,0.0,0,S-DEC,1.0,,
6311,Blue,Nate Marquardt,Yushin Okami,187.96,190.5,170,182.88,187.96,185,31,29,5.08,2.54,2,U-DEC,1.0,1.0,1.0
6319,Blue,Seth Petruzelli,Karlos Vemola,182.88,190.5,185,182.88,193.04,205,30,25,0.0,-2.54,5,KO/TKO,,0.0,1.0
6320,Blue,Kris McCray,Carlos Eduardo Rocha,177.8,177.8,170,182.88,193.04,170,29,29,-5.08,-15.24,0,SUB,0.0,0.0,
6321,Blue,Brock Lesnar,Cain Velasquez,185.42,195.58,240,190.5,205.74,265,33,28,-5.08,-10.16,5,KO/TKO,0.0,0.0,1.0
6324,Blue,Tito Ortiz,Matt Hamill,185.42,193.04,205,190.5,187.96,205,35,34,-5.08,5.08,1,U-DEC,0.0,1.0,1.0
6327,Blue,Patrick Cote,Tom Lawlor,182.88,187.96,205,180.34,180.34,170,30,27,2.54,7.62,3,U-DEC,1.0,1.0,1.0
6328,Blue,Mike Guymon,Daniel Roberts,177.8,187.96,170,182.88,187.96,170,36,30,-5.08,0.0,6,SUB,0.0,,1.0
6333,Blue,Dan Hardy,Carlos Condit,187.96,190.5,170,182.88,187.96,170,28,26,5.08,2.54,2,KO/TKO,1.0,1.0,1.0
6334,Blue,John Hathaway,Mike Pyle,182.88,187.96,170,185.42,190.5,170,23,35,-2.54,-2.54,-12,U-DEC,0.0,0.0,0.0
6335,Blue,James Wilks,Claude Patrick,180.34,190.5,170,185.42,190.5,170,32,30,-5.08,0.0,2,U-DEC,0.0,,1.0
6336,Blue,Cyrille Diabate,Alexander Gustafsson,195.58,200.66,205,198.12,205.74,205,37,23,-2.54,-5.08,14,SUB,0.0,0.0,1.0
6340,Blue,James McSweeney,Fabio Maldonado,185.42,190.5,205,193.04,195.58,230,29,30,-7.62,-5.08,-1,KO/TKO,0.0,0.0,0.0
6342,Blue,Rogerio Nogueira,Ryan Bader,187.96,187.96,205,187.96,190.5,205,34,27,0.0,-2.54,7,U-DEC,,0.0,1.0
6343,Blue,Matt Serra,Chris Lytle,180.34,172.72,170,167.64,172.72,170,36,36,12.7,0.0,0,U-DEC,1.0,,
6349,Blue,Steve Lopez,Waylon Lowe,170.18,165.0,145,180.34,180.34,155,26,29,-10.16,-15.34,-3,S-DEC,0.0,0.0,0.0
6351,Blue,Mark Hunt,Sean McCorkle,200.66,205.74,265,177.8,182.88,265,36,34,22.86,22.86,2,SUB,1.0,1.0,1.0
6353,Blue,Efrain Escudero,Charles Oliveira,177.8,187.96,155,175.26,177.8,155,24,20,2.54,10.16,4,SUB,1.0,1.0,1.0
6357,Blue,Jared Hamman,Kyle Kingsbury,193.04,193.04,205,190.5,190.5,185,28,28,2.54,2.54,0,U-DEC,1.0,1.0,
6358,Blue,Tomasz Drwal,David Branch,185.42,198.12,185,185.42,193.04,205,28,28,0.0,5.08,0,U-DEC,,1.0,
6365,Blue,Kenny Florian,Gray Maynard,175.26,177.8,155,177.8,187.96,145,34,31,-2.54,-10.16,3,U-DEC,0.0,0.0,1.0
6368,Blue,Andre Winner,Nik Lentz,172.72,172.72,155,180.34,185.42,155,28,26,-7.62,-12.7,2,U-DEC,0.0,0.0,1.0
6370,Blue,Nick Osipczak,Greg Soto,180.34,185.42,170,187.96,193.04,170,25,24,-7.62,-7.62,1,U-DEC,0.0,0.0,1.0
6376,Blue,Roy Nelson,Junior Dos Santos,193.04,195.58,238,182.88,182.88,263,34,26,10.16,12.7,8,U-DEC,1.0,1.0,1.0
6377,Blue,Dustin Hazelett,Rick Story,175.26,180.34,170,185.42,193.04,170,24,25,-10.16,-12.7,-1,KO/TKO,0.0,0.0,0.0
6378,Blue,Rodney Wallace,Phil Davis,187.96,200.66,205,175.26,182.88,205,28,25,12.7,17.78,3,U-DEC,1.0,1.0,1.0
6380,Blue,Todd Brown,Tim Boetsch,182.88,187.96,185,180.34,188.0,205,33,29,2.54,-0.04,4,U-DEC,1.0,0.0,1.0
6382,Blue,Ben Saunders,Dennis Hallman,175.26,182.88,155,187.96,195.58,170,27,34,-12.7,-12.7,-7,U-DEC,0.0,0.0,0.0
6384,Blue,Mark Munoz,Yushin Okami,187.96,190.5,170,182.88,182.88,185,32,29,5.08,7.62,3,S-DEC,1.0,1.0,1.0
6385,Blue,John Howard,Jake Ellenberger,175.26,180.34,170,170.18,180.34,170,27,25,5.08,0.0,2,KO/TKO,1.0,,1.0
6386,Blue,Tyson Griffin,Takanori Gomi,170.18,177.8,155,167.64,172.72,145,26,31,2.54,5.08,-5,KO/TKO,1.0,1.0,0.0
6387,Blue,Paul Kelly,Jacob Volkmann,175.26,180.34,155,175.26,177.8,155,25,29,0.0,2.54,-4,U-DEC,,1.0,0.0
6388,Blue,DaMarques Johnson,Matthew Riddle,185.42,187.96,170,185.42,190.5,170,28,24,0.0,-2.54,4,KO/TKO,,0.0,1.0
6389,Blue,James Irvin,Igor Pokrajac,182.88,193.04,205,187.96,190.5,205,31,31,-5.08,2.54,0,SUB,0.0,1.0,
6391,Blue,Darren Elkins,Charles Oliveira,177.8,187.96,155,177.8,180.34,145,26,20,0.0,7.62,6,SUB,,1.0,1.0
6396,Blue,Krzysztof Soszynski,Stephan Bonnar,193.04,198.12,205,185.42,195.58,205,32,33,7.62,2.54,-1,KO/TKO,1.0,1.0,0.0
6399,Blue,Seth Petruzelli,Ricardo Romero,182.88,193.04,205,182.88,193.04,205,30,32,0.0,0.0,-2,SUB,,,0.0
6402,Blue,Forrest Petz,Daniel Roberts,177.8,187.96,170,175.26,180.34,170,34,29,2.54,7.62,5,S-DEC,1.0,1.0,1.0
6405,Blue,Keith Jardine,Matt Hamill,185.42,193.04,205,187.96,193.04,185,34,33,-2.54,0.0,1,M-DEC,0.0,,1.0
6407,Blue,Spencer Fisher,Dennis Siver,167.64,177.8,145,170.18,177.8,155,34,31,-2.54,0.0,3,U-DEC,0.0,,1.0
6408,Blue,Jamie Yager,Rich Attonito,177.8,182.88,170,185.42,185.0,185,26,33,-7.62,-2.12,-7,KO/TKO,0.0,0.0,0.0
6411,Blue,Josh Bryant,Kyle Noke,185.42,193.04,170,177.8,185.42,185,30,30,7.62,7.62,0,KO/TKO,1.0,1.0,
6413,Blue,James McSweeney,Travis Browne,198.12,200.66,255,193.04,195.58,230,29,27,5.08,5.08,2,KO/TKO,1.0,1.0,1.0
6414,Blue,Chuck Liddell,Rich Franklin,185.42,190.5,185,187.96,193.04,205,40,35,-2.54,-2.54,5,KO/TKO,0.0,0.0,1.0
6416,Blue,Paulo Thiago,Martin Kampmann,182.88,182.88,170,180.34,185.42,170,29,28,2.54,-2.54,1,U-DEC,1.0,0.0,1.0
6419,Blue,Tyson Griffin,Evan Dunham,177.8,177.8,155,167.64,172.72,145,26,28,10.16,5.08,-2,S-DEC,1.0,1.0,0.0
6420,Blue,Mac Danzig,Matt Wiman,177.8,172.72,155,172.72,177.8,155,30,26,5.08,-5.08,4,SUB,1.0,0.0,1.0
6421,Blue,David Loiseau,Mario Miranda,190.5,187.96,185,182.88,193.04,185,30,30,7.62,-5.08,0,KO/TKO,1.0,0.0,
6423,Blue,Ricardo Funch,Claude Patrick,180.34,190.5,170,177.8,193.04,170,29,29,2.54,-2.54,0,SUB,1.0,0.0,
6425,Blue,Rampage Jackson,Rashad Evans,182.88,190.5,205,185.42,185.42,205,31,30,-2.54,5.08,1,,0.0,1.0,1.0
6427,Blue,Todd Duffee,Mike Russow,185.42,185.42,255,190.5,200.66,260,24,33,-5.08,-15.24,-9,KO/TKO,0.0,0.0,0.0
6428,Blue,Jason Brilz,Rogerio Nogueira,187.96,190.5,205,180.34,180.34,205,34,33,7.62,10.16,1,S-DEC,1.0,1.0,1.0
6429,Blue,Diego Sanchez,John Hathaway,185.42,190.5,170,177.8,182.88,170,28,22,7.62,7.62,6,U-DEC,1.0,1.0,1.0
6430,Blue,Amir Sadollah,Dong Hyun Kim,187.96,193.04,170,177.8,187.96,170,29,28,10.16,5.08,1,U-DEC,1.0,1.0,1.0
6433,Blue,Luiz Cane,Cyrille Diabate,198.12,205.74,205,187.96,195.58,185,29,36,10.16,10.16,-7,KO/TKO,1.0,1.0,0.0
6435,Blue,Jesse Forbes,Ryan Jensen,185.42,193.04,185,187.96,190.5,185,25,32,-2.54,2.54,-7,SUB,0.0,1.0,0.0
6436,Blue,Lyoto Machida,Mauricio Rua,185.42,193.04,205,185.42,187.96,185,31,28,0.0,5.08,3,KO/TKO,,1.0,1.0
6438,Blue,Sam Stout,Jeremy Stephens,172.72,180.34,145,175.26,177.8,155,26,23,-2.54,2.54,3,S-DEC,0.0,1.0,1.0
6439,Blue,Kevin Ferguson,Matt Mitrione,190.5,200.66,265,187.96,195.58,235,36,31,2.54,5.08,5,KO/TKO,1.0,1.0,1.0
6440,Blue,Patrick Cote,Alan Belcher,187.96,185.42,185,180.34,180.34,170,30,26,7.62,5.08,4,SUB,1.0,1.0,1.0
6441,Blue,Tom Lawlor,Joe Doerksen,182.88,190.5,185,182.88,187.96,205,26,32,0.0,2.54,-6,SUB,,1.0,0.0
6443,Blue,TJ Grant,Johny Hendricks,175.26,175.26,185,177.8,182.88,155,26,26,-2.54,-7.62,0,M-DEC,0.0,0.0,
6445,Blue,Yoshiyuki Yoshida,Mike Guymon,182.88,187.96,170,180.34,177.8,170,35,35,2.54,10.16,0,U-DEC,1.0,1.0,
6446,Blue,Jason MacDonald,John Salter,185.42,187.96,185,190.5,203.2,185,34,25,-5.08,-15.24,9,KO/TKO,0.0,0.0,1.0
6448,Blue,BJ Penn,Frankie Edgar,167.64,172.72,145,175.26,177.8,155,31,28,-7.62,-5.08,3,U-DEC,0.0,0.0,1.0
6450,Blue,Terry Etim,Rafael Dos Anjos,172.72,177.8,170,185.42,185.42,155,24,25,-12.7,-7.62,-1,SUB,0.0,0.0,0.0
6451,Blue,Kendall Grove,Mark Munoz,182.88,182.88,185,198.12,200.66,185,27,32,-15.24,-17.78,-5,KO/TKO,0.0,0.0,0.0
6452,Blue,Alexander Gustafsson,Phil Davis,187.96,200.66,205,195.58,200.66,205,23,25,-7.62,0.0,-2,SUB,0.0,,0.0
6453,Blue,Nick Osipczak,Rick Story,175.26,180.34,170,187.96,193.04,170,25,25,-12.7,-12.7,0,S-DEC,0.0,0.0,
6459,Blue,Nate Quarry,Jorge Rivera,185.42,185.42,185,182.88,182.88,185,38,38,2.54,2.54,0,KO/TKO,1.0,1.0,
6463,Blue,Rob Emerson,Nik Lentz,172.72,172.72,155,175.26,177.8,155,28,25,-2.54,-5.08,3,U-DEC,0.0,0.0,1.0
6464,Blue,Caol Uno,Gleison Tibau,177.8,180.34,155,170.18,177.8,155,34,26,7.62,2.54,8,KO/TKO,1.0,1.0,1.0
6469,Blue,Frank Mir,Shane Carwin,187.96,203.2,265,190.5,200.66,264,30,35,-2.54,2.54,-5,KO/TKO,0.0,1.0,0.0
6471,Blue,Ben Saunders,Jon Fitch,182.88,193.04,170,187.96,195.58,170,26,32,-5.08,-2.54,-6,U-DEC,0.0,0.0,0.0
6476,Blue,Rodney Wallace,Jared Hamman,190.5,190.5,185,175.26,182.88,205,28,28,15.24,7.62,0,U-DEC,1.0,1.0,
6478,Blue,Brandon Vera,Jon Jones,193.04,213.36,205,190.5,193.04,230,32,22,2.54,20.32,10,KO/TKO,1.0,1.0,1.0
6483,Blue,Eliot Marshall,Vladimir Matyushenko,182.88,187.96,205,187.96,195.58,205,29,39,-5.08,-7.62,-10,S-DEC,0.0,0.0,0.0
6484,Blue,Duane Ludwig,Darren Elkins,177.8,180.34,145,177.8,177.8,170,31,25,0.0,2.54,6,KO/TKO,,1.0,1.0
6488,Blue,Eric Schafer,Jason Brilz,180.34,180.34,205,190.5,190.5,185,32,34,-10.16,-10.16,-2,U-DEC,0.0,0.0,0.0
